UNITS=MM
#Layer_Color=9474304
#
#Feature symbol names
#
$0 r127

#
#Feature attribute names
#

#
#Layer features
#
L 3.73963692 34.98264784 5.23965932 34.98264784 0 P 0
L 3.73963692 40.08281544 5.23965932 40.08281544 0 P 0
L 3.73976392 49.98239686 5.23978632 49.98239686 0 P 0
L 3.73976392 55.08256446 5.23978632 55.08256446 0 P 0
L 3.73976392 64.98239734 5.23978632 64.98239734 0 P 0
L 3.73976392 70.08256494 5.23978632 70.08256494 0 P 0
L 4.48964812 34.23263664 4.48964812 35.73265904 0 P 0
L 4.48964812 39.33280424 4.48964812 40.83282664 0 P 0
L 4.48977512 49.23238566 4.48977512 50.73240806 0 P 0
L 4.48977512 54.33255326 4.48977512 55.83257566 0 P 0
L 4.48977512 64.23238614 4.48977512 65.73240854 0 P 0
L 4.48977512 69.33255374 4.48977512 70.83257614 0 P 0
L 5.55555912 37.54044562 5.75555872 37.54044562 0 P 0
L 5.56215042 67.4127811 5.76215002 67.4127811 0 P 0
L 5.58020474 52.78982584 5.78020434 52.78982584 0 P 0
L 5.6108981 52.136548 5.8108977 52.136548 0 P 0
L 5.65555892 37.44044582 5.65555892 37.64044542 0 P 0
L 5.66215022 67.3127813 5.66215022 67.5127809 0 P 0
L 5.6624728 68.05904092 5.8624724 68.05904092 0 P 0
L 5.68020454 52.68982604 5.68020454 52.88982564 0 P 0
L 5.70498224 36.90374636 5.90498184 36.90374636 0 P 0
L 5.7106058 38.17580122 5.9106054 38.17580122 0 P 0
L 5.7108979 52.0365482 5.7108979 52.2365478 0 P 0
L 5.7624726 67.95904112 5.7624726 68.15904072 0 P 0
L 5.76708016 66.79172062 5.96707976 66.79172062 0 P 0
L 5.80498204 36.80374656 5.80498204 37.00374616 0 P 0
L 5.8106056 38.07580142 5.8106056 38.27580102 0 P 0
L 5.8521473 53.38460748 6.0521469 53.38460748 0 P 0
L 5.86707996 66.69172082 5.86707996 66.89172042 0 P 0
L 5.94127082 51.57212952 6.14127042 51.57212952 0 P 0
L 5.9521471 53.28460768 5.9521471 53.48460728 0 P 0
L 6.04127062 51.47212972 6.04127062 51.67212932 0 P 0
L 6.04640904 68.5884836 6.24640864 68.5884836 0 P 0
L 6.13387648 36.41002116 6.33387608 36.41002116 0 P 0
L 6.14512614 38.66458104 6.34512574 38.66458104 0 P 0
L 6.14640884 68.4884838 6.14640884 68.6884834 0 P 0
L 6.23387628 36.31002136 6.23387628 36.51002096 0 P 0
L 6.23906042 66.33900372 6.43906002 66.33900372 0 P 0
L 6.24512594 38.56458124 6.24512594 38.76458084 0 P 0
L 6.33906022 66.23900392 6.33906022 66.43900352 0 P 0
L 6.36447292 37.53298564 7.71448292 37.53298564 0 P 0
L 6.36459992 52.53273466 7.71460992 52.53273466 0 P 0
L 6.36459992 67.53273514 7.71460992 67.53273514 0 P 0
L 6.3653416 53.79000164 6.5653412 53.79000164 0 P 0
L 6.39769104 47.83373466 6.59769064 47.83373466 0 P 0
L 6.39769104 48.48773386 6.59769064 48.48773386 0 P 0
L 6.39769104 49.14173306 6.59769064 49.14173306 0 P 0
L 6.39769104 49.79573226 6.59769064 49.79573226 0 P 0
L 6.39769104 50.44973146 6.59769064 50.44973146 0 P 0
L 6.39769104 51.10373066 6.59769064 51.10373066 0 P 0
L 6.39769104 69.14013096 6.59769064 69.14013096 0 P 0
L 6.39769104 69.79413016 6.59769064 69.79413016 0 P 0
L 6.39769104 70.44812936 6.59769064 70.44812936 0 P 0
L 6.39769104 71.10212856 6.59769064 71.10212856 0 P 0
L 6.39769104 71.75612776 6.59769064 71.75612776 0 P 0
L 6.39769104 72.41012696 6.59769064 72.41012696 0 P 0
L 6.42215124 47.18019266 6.62215084 47.18019266 0 P 0
L 6.44996932 73.0620332 6.64996892 73.0620332 0 P 0
L 6.4653414 53.69000184 6.4653414 53.89000144 0 P 0
L 6.49769084 47.73373486 6.49769084 47.93373446 0 P 0
L 6.49769084 48.38773406 6.49769084 48.58773366 0 P 0
L 6.49769084 49.04173326 6.49769084 49.24173286 0 P 0
L 6.49769084 49.69573246 6.49769084 49.89573206 0 P 0
L 6.49769084 50.34973166 6.49769084 50.54973126 0 P 0
L 6.49769084 51.00373086 6.49769084 51.20373046 0 P 0
L 6.49769084 69.04013116 6.49769084 69.24013076 0 P 0
L 6.49769084 69.69413036 6.49769084 69.89412996 0 P 0
L 6.49769084 70.34812956 6.49769084 70.54812916 0 P 0
L 6.49769084 71.00212876 6.49769084 71.20212836 0 P 0
L 6.49769084 71.65612796 6.49769084 71.85612756 0 P 0
L 6.49769084 72.31012716 6.49769084 72.51012676 0 P 0
L 6.52215104 47.08019286 6.52215104 47.28019246 0 P 0
L 6.54996912 72.9620334 6.54996912 73.162033 0 P 0
L 6.57326346 46.54388964 6.77326306 46.54388964 0 P 0
L 6.64188664 73.68723896 6.84188624 73.68723896 0 P 0
L 6.67326326 46.44388984 6.67326326 46.64388944 0 P 0
L 6.7406139 36.16591954 6.9406135 36.16591954 0 P 0
L 6.74188644 73.58723916 6.74188644 73.78723876 0 P 0
L 6.75455342 38.90188308 6.95455302 38.90188308 0 P 0
L 6.8406137 36.06591974 6.8406137 36.26591934 0 P 0
L 6.85455322 38.80188328 6.85455322 39.00188288 0 P 0
L 6.85949352 45.95585424 7.05949312 45.95585424 0 P 0
L 6.8649469 66.14931652 7.0649465 66.14931652 0 P 0
L 6.95314078 74.2624245 7.15314038 74.2624245 0 P 0
L 6.95949332 45.85585444 6.95949332 46.05585404 0 P 0
L 6.9649467 66.04931672 6.9649467 66.24931632 0 P 0
L 7.00686686 53.91712356 7.20686646 53.91712356 0 P 0
L 7.03947792 36.85798064 7.03947792 38.20799064 0 P 0
L 7.03960492 51.85772966 7.03960492 53.20773966 0 P 0
L 7.03960492 66.85773014 7.03960492 68.20774014 0 P 0
L 7.05314058 74.1624247 7.05314058 74.3624243 0 P 0
L 7.10686666 53.81712376 7.10686666 54.01712336 0 P 0
L 7.25589354 45.43567748 7.45589314 45.43567748 0 P 0
L 7.35589334 45.33567768 7.35589334 45.53567728 0 P 0
L 7.38549704 74.75311948 7.58549664 74.75311948 0 P 0
L 7.39191562 36.22525648 7.59191522 36.22525648 0 P 0
L 7.40514902 38.83523094 7.60514862 38.83523094 0 P 0
L 7.4815192 47.66314572 7.6815188 47.66314572 0 P 0
L 7.4815192 48.31714492 7.6815188 48.31714492 0 P 0
L 7.4815192 48.97114412 7.6815188 48.97114412 0 P 0
L 7.4815192 49.62514332 7.6815188 49.62514332 0 P 0
L 7.4815192 50.27914252 7.6815188 50.27914252 0 P 0
L 7.4815192 50.93314172 7.6815188 50.93314172 0 P 0
L 7.4815192 68.9515385 7.6815188 68.9515385 0 P 0
L 7.4815192 69.6055377 7.6815188 69.6055377 0 P 0
L 7.4815192 70.2595369 7.6815188 70.2595369 0 P 0
L 7.4815192 70.9135361 7.6815188 70.9135361 0 P 0
L 7.4815192 71.5675353 7.6815188 71.5675353 0 P 0
L 7.4815192 72.2215345 7.6815188 72.2215345 0 P 0
L 7.48549684 74.65311968 7.48549684 74.85311928 0 P 0
L 7.49191542 36.12525668 7.49191542 36.32525628 0 P 0
L 7.50514882 38.73523114 7.50514882 38.93523074 0 P 0
L 7.5071986 66.27270464 7.7071982 66.27270464 0 P 0
L 7.51910866 72.8744542 7.71910826 72.8744542 0 P 0
L 7.5707621 47.01526284 7.7707617 47.01526284 0 P 0
L 7.581519 47.56314592 7.581519 47.76314552 0 P 0
L 7.581519 48.21714512 7.581519 48.41714472 0 P 0
L 7.581519 48.87114432 7.581519 49.07114392 0 P 0
L 7.581519 49.52514352 7.581519 49.72514312 0 P 0
L 7.581519 50.17914272 7.581519 50.37914232 0 P 0
L 7.581519 50.83314192 7.581519 51.03314152 0 P 0
L 7.581519 68.8515387 7.581519 69.0515383 0 P 0
L 7.581519 69.5055379 7.581519 69.7055375 0 P 0
L 7.581519 70.1595371 7.581519 70.3595367 0 P 0
L 7.581519 70.8135363 7.581519 71.0135359 0 P 0
L 7.581519 71.4675355 7.581519 71.6675351 0 P 0
L 7.581519 72.1215347 7.581519 72.3215343 0 P 0
L 7.6071984 66.17270484 7.6071984 66.37270444 0 P 0
L 7.61910846 72.7744544 7.61910846 72.974454 0 P 0
L 7.63345438 53.729763 7.83345398 53.729763 0 P 0
L 7.6707619 46.91526304 7.6707619 47.11526264 0 P 0
L 7.73345418 53.6297632 7.73345418 53.8297628 0 P 0
L 7.75498068 73.48443774 7.95498028 73.48443774 0 P 0
L 7.75809472 45.01674004 7.95809432 45.01674004 0 P 0
L 7.83833078 51.481228 8.03833038 51.481228 0 P 0
L 7.85005288 46.42390004 8.05005248 46.42390004 0 P 0
L 7.85498048 73.38443794 7.85498048 73.58443754 0 P 0
L 7.85809452 44.91674024 7.85809452 45.11673984 0 P 0
L 7.91100272 75.14242274 8.11100232 75.14242274 0 P 0
L 7.93833058 51.3812282 7.93833058 51.5812278 0 P 0
L 7.9432023 36.57710744 8.1432019 36.57710744 0 P 0
L 7.94341058 68.48853714 8.14341018 68.48853714 0 P 0
L 7.95005268 46.32390024 7.95005268 46.52389984 0 P 0
L 7.95391602 38.47946584 8.15391562 38.47946584 0 P 0
L 8.01100252 75.04242294 8.01100252 75.24242254 0 P 0
L 8.02269668 66.67517272 8.22269628 66.67517272 0 P 0
L 8.0432021 36.47710764 8.0432021 36.67710724 0 P 0
L 8.04341038 68.38853734 8.04341038 68.58853694 0 P 0
L 8.05391582 38.37946604 8.05391582 38.57946564 0 P 0
L 8.10773842 53.27946418 8.30773802 53.27946418 0 P 0
L 8.12269648 66.57517292 8.12269648 66.77517252 0 P 0
L 8.16972204 73.99010856 8.36972164 73.99010856 0 P 0
L 8.20773822 53.17946438 8.20773822 53.37946398 0 P 0
L 8.21936126 52.01276618 8.41936086 52.01276618 0 P 0
L 8.26972184 73.89010876 8.26972184 74.09010836 0 P 0
L 8.269732 67.92176662 8.4697316 67.92176662 0 P 0
L 8.29804538 67.2683821 8.49804498 67.2683821 0 P 0
L 8.31069712 45.95965408 8.51069672 45.95965408 0 P 0
L 8.31615304 52.65956194 8.51615264 52.65956194 0 P 0
L 8.31936106 51.91276638 8.31936106 52.11276598 0 P 0
L 8.33745094 44.71332688 8.53745054 44.71332688 0 P 0
L 8.3697318 67.82176682 8.3697318 68.02176642 0 P 0
L 8.39804518 67.1683823 8.39804518 67.3683819 0 P 0
L 8.41069692 45.85965428 8.41069692 46.05965388 0 P 0
L 8.41615284 52.55956214 8.41615284 52.75956174 0 P 0
L 8.43745074 44.61332708 8.43745074 44.81332668 0 P 0
L 8.45093306 36.98932658 8.65093266 36.98932658 0 P 0
L 8.46638642 38.07315474 8.66638602 38.07315474 0 P 0
L 8.5033612 75.41960024 8.7033608 75.41960024 0 P 0
L 8.55093286 36.88932678 8.55093286 37.08932638 0 P 0
L 8.56638622 37.97315494 8.56638622 38.17315454 0 P 0
L 8.603361 75.31960044 8.603361 75.51960004 0 P 0
L 8.72175548 74.34078604 8.92175508 74.34078604 0 P 0
L 8.82175528 74.24078624 8.82175528 74.44078584 0 P 0
L 8.83980452 34.98264784 10.33982692 34.98264784 0 P 0
L 8.83980452 40.08281544 10.33982692 40.08281544 0 P 0
L 8.83993152 49.98239686 10.33995392 49.98239686 0 P 0
L 8.83993152 55.08256446 10.33995392 55.08256446 0 P 0
L 8.83993152 64.98239734 10.33995392 64.98239734 0 P 0
L 8.83993152 70.08256494 10.33995392 70.08256494 0 P 0
L 8.8976962 45.67130312 9.0976958 45.67130312 0 P 0
L 8.96520432 44.52991602 9.16520392 44.52991602 0 P 0
L 8.997696 45.57130332 8.997696 45.77130292 0 P 0
L 9.06520412 44.42991622 9.06520412 44.62991582 0 P 0
L 9.10493226 36.98932658 9.30493186 36.98932658 0 P 0
L 9.12038562 38.07315474 9.32038522 38.07315474 0 P 0
L 9.1432761 75.55460632 9.3432757 75.55460632 0 P 0
L 9.20493206 36.88932678 9.20493206 37.08932638 0 P 0
L 9.22038542 37.97315494 9.22038542 38.17315454 0 P 0
L 9.2432759 75.45460652 9.2432759 75.65460612 0 P 0
L 9.36095156 74.47913476 9.56095116 74.47913476 0 P 0
L 9.46095136 74.37913496 9.46095136 74.57913456 0 P 0
L 9.54451228 45.57464596 9.74451188 45.57464596 0 P 0
L 9.58981572 34.23263664 9.58981572 35.73265904 0 P 0
L 9.58981572 39.33280424 9.58981572 40.83282664 0 P 0
L 9.58994272 49.23238566 9.58994272 50.73240806 0 P 0
L 9.58994272 54.33255326 9.58994272 55.83257566 0 P 0
L 9.58994272 64.23238614 9.58994272 65.73240854 0 P 0
L 9.58994272 69.33255374 9.58994272 70.83257614 0 P 0
L 9.61803512 44.4908178 9.81803472 44.4908178 0 P 0
L 9.64451208 45.47464616 9.64451208 45.67464576 0 P 0
L 9.71803492 44.390818 9.71803492 44.5908176 0 P 0
L 9.75893146 36.98932658 9.95893106 36.98932658 0 P 0
L 9.77438482 38.07315474 9.97438442 38.07315474 0 P 0
L 9.79696796 75.57464184 9.99696756 75.57464184 0 P 0
L 9.85893126 36.88932678 9.85893126 37.08932638 0 P 0
L 9.87438462 37.97315494 9.87438462 38.17315454 0 P 0
L 9.89696776 75.47464204 9.89696776 75.67464164 0 P 0
L 10.01484662 74.49081622 10.21484622 74.49081622 0 P 0
L 10.11484642 74.39081642 10.11484642 74.59081602 0 P 0
L 10.19851148 45.57464596 10.39851108 45.57464596 0 P 0
L 10.27203432 44.4908178 10.47203392 44.4908178 0 P 0
L 10.29851128 45.47464616 10.29851128 45.67464576 0 P 0
L 10.37203412 44.390818 10.37203412 44.5908176 0 P 0
L 10.41293066 36.98932658 10.61293026 36.98932658 0 P 0
L 10.42838402 38.07315474 10.62838362 38.07315474 0 P 0
L 10.45096716 75.57464438 10.65096676 75.57464438 0 P 0
L 10.51293046 36.88932678 10.51293046 37.08932638 0 P 0
L 10.52838382 37.97315494 10.52838382 38.17315454 0 P 0
L 10.55096696 75.47464458 10.55096696 75.67464418 0 P 0
L 10.66884582 74.49081622 10.86884542 74.49081622 0 P 0
L 10.76884562 74.39081642 10.76884562 74.59081602 0 P 0
L 10.85251068 45.57464596 11.05251028 45.57464596 0 P 0
L 10.92603352 44.4908178 11.12603312 44.4908178 0 P 0
L 10.95251048 45.47464616 10.95251048 45.67464576 0 P 0
L 11.02603332 44.390818 11.02603332 44.5908176 0 P 0
L 11.06692986 36.98932658 11.26692946 36.98932658 0 P 0
L 11.08238322 38.07315474 11.28238282 38.07315474 0 P 0
L 11.10496636 75.57464438 11.30496596 75.57464438 0 P 0
L 11.16692966 36.88932678 11.16692966 37.08932638 0 P 0
L 11.18238302 37.97315494 11.18238302 38.17315454 0 P 0
L 11.20496616 75.47464458 11.20496616 75.67464418 0 P 0
L 11.32284502 74.49081622 11.52284462 74.49081622 0 P 0
L 11.42284482 74.39081642 11.42284482 74.59081602 0 P 0
L 11.50650988 45.57464596 11.70650948 45.57464596 0 P 0
L 11.58003272 44.4908178 11.78003232 44.4908178 0 P 0
L 11.60650968 45.47464616 11.60650968 45.67464576 0 P 0
L 11.68003252 44.390818 11.68003252 44.5908176 0 P 0
L 11.72092906 36.98932658 11.92092866 36.98932658 0 P 0
L 11.73638242 38.07315474 11.93638202 38.07315474 0 P 0
L 11.75896556 75.57464438 11.95896516 75.57464438 0 P 0
L 11.82092886 36.88932678 11.82092886 37.08932638 0 P 0
L 11.83638222 37.97315494 11.83638222 38.17315454 0 P 0
L 11.85896536 75.47464458 11.85896536 75.67464418 0 P 0
L 11.97684422 74.49081622 12.17684382 74.49081622 0 P 0
L 12.07684402 74.39081642 12.07684402 74.59081602 0 P 0
L 12.16050908 45.57464596 12.36050868 45.57464596 0 P 0
L 12.23403192 44.4908178 12.43403152 44.4908178 0 P 0
L 12.26050888 45.47464616 12.26050888 45.67464576 0 P 0
L 12.33403172 44.390818 12.33403172 44.5908176 0 P 0
L 12.37492826 36.98932658 12.57492786 36.98932658 0 P 0
L 12.39038162 38.07315474 12.59038122 38.07315474 0 P 0
L 12.41296476 75.57464438 12.61296436 75.57464438 0 P 0
L 12.47492806 36.88932678 12.47492806 37.08932638 0 P 0
L 12.49038142 37.97315494 12.49038142 38.17315454 0 P 0
L 12.51296456 75.47464458 12.51296456 75.67464418 0 P 0
L 12.63084342 74.49081622 12.83084302 74.49081622 0 P 0
L 12.73084322 74.39081642 12.73084322 74.59081602 0 P 0
L 12.81450828 45.57464596 13.01450788 45.57464596 0 P 0
L 12.88803112 44.4908178 13.08803072 44.4908178 0 P 0
L 12.91450808 45.47464616 12.91450808 45.67464576 0 P 0
L 12.98803092 44.390818 12.98803092 44.5908176 0 P 0
L 13.02892746 36.98932658 13.22892706 36.98932658 0 P 0
L 13.04438082 38.07315474 13.24438042 38.07315474 0 P 0
L 13.06696396 75.57464438 13.26696356 75.57464438 0 P 0
L 13.12892726 36.88932678 13.12892726 37.08932638 0 P 0
L 13.14438062 37.97315494 13.14438062 38.17315454 0 P 0
L 13.16696376 75.47464458 13.16696376 75.67464418 0 P 0
L 13.28484262 74.49081622 13.48484222 74.49081622 0 P 0
L 13.38484242 74.39081642 13.38484242 74.59081602 0 P 0
L 13.46850748 45.57464596 13.66850708 45.57464596 0 P 0
L 13.54203032 44.4908178 13.74202992 44.4908178 0 P 0
L 13.56850728 45.47464616 13.56850728 45.67464576 0 P 0
L 13.64203012 44.390818 13.64203012 44.5908176 0 P 0
L 13.68267774 37.00734534 13.88267734 37.00734534 0 P 0
L 13.69582478 38.13089402 13.89582438 38.13089402 0 P 0
L 13.72096316 75.57464438 13.92096276 75.57464438 0 P 0
L 13.78267754 36.90734554 13.78267754 37.10734514 0 P 0
L 13.79582458 38.03089422 13.79582458 38.23089382 0 P 0
L 13.82096296 75.47464458 13.82096296 75.67464418 0 P 0
L 13.93884182 74.49081622 14.13884142 74.49081622 0 P 0
L 14.03884162 74.39081642 14.03884162 74.59081602 0 P 0
L 14.07265664 38.66541416 14.27265624 38.66541416 0 P 0
L 14.0810996 39.31936002 14.2810992 39.31936002 0 P 0
L 14.0810996 39.97335922 14.2810992 39.97335922 0 P 0
L 14.0810996 40.62735842 14.2810992 40.62735842 0 P 0
L 14.0810996 41.28135762 14.2810992 41.28135762 0 P 0
L 14.12250668 45.57464596 14.32250628 45.57464596 0 P 0
L 14.16425158 41.93004822 14.36425118 41.93004822 0 P 0
L 14.17265644 38.56541436 14.17265644 38.76541396 0 P 0
L 14.1810994 39.21936022 14.1810994 39.41935982 0 P 0
L 14.1810994 39.87335942 14.1810994 40.07335902 0 P 0
L 14.1810994 40.52735862 14.1810994 40.72735822 0 P 0
L 14.1810994 41.18135782 14.1810994 41.38135742 0 P 0
L 14.19602952 44.4908178 14.39602912 44.4908178 0 P 0
L 14.22250648 45.47464616 14.22250648 45.67464576 0 P 0
L 14.26425138 41.83004842 14.26425138 42.03004802 0 P 0
L 14.29602932 44.390818 14.29602932 44.5908176 0 P 0
L 14.30410906 37.21115494 14.50410866 37.21115494 0 P 0
L 14.37496236 75.57464438 14.57496196 75.57464438 0 P 0
L 14.40410886 37.11115514 14.40410886 37.31115474 0 P 0
L 14.47496216 75.47464458 14.47496216 75.67464418 0 P 0
L 14.48573176 42.49957972 14.68573136 42.49957972 0 P 0
L 14.58573156 42.39957992 14.58573156 42.59957952 0 P 0
L 14.59284102 74.49081622 14.79284062 74.49081622 0 P 0
L 14.69284082 74.39081642 14.69284082 74.59081602 0 P 0
L 14.77650588 45.57464596 14.97650548 45.57464596 0 P 0
L 14.79629756 37.64181194 14.99629716 37.64181194 0 P 0
L 14.85002872 44.4908178 15.05002832 44.4908178 0 P 0
L 14.87650568 45.47464616 14.87650568 45.67464576 0 P 0
L 14.89629736 37.54181214 14.89629736 37.74181174 0 P 0
L 14.95002852 44.390818 14.95002852 44.5908176 0 P 0
L 14.9926294 42.91282248 15.192629 42.91282248 0 P 0
L 15.02896156 75.57464438 15.22896116 75.57464438 0 P 0
L 15.0926292 42.81282268 15.0926292 43.01282228 0 P 0
L 15.1016843 38.22013184 15.3016839 38.22013184 0 P 0
L 15.12896136 75.47464458 15.12896136 75.67464418 0 P 0
L 15.16492776 38.8710678 15.36492736 38.8710678 0 P 0
L 15.16492776 39.525067 15.36492736 39.525067 0 P 0
L 15.16492776 40.1790662 15.36492736 40.1790662 0 P 0
L 15.16492776 40.8330654 15.36492736 40.8330654 0 P 0
L 15.18097802 41.48686648 15.38097762 41.48686648 0 P 0
L 15.2016841 38.12013204 15.2016841 38.32013164 0 P 0
L 15.24684022 74.49081622 15.44683982 74.49081622 0 P 0
L 15.26492756 38.771068 15.26492756 38.9710676 0 P 0
L 15.26492756 39.4250672 15.26492756 39.6250668 0 P 0
L 15.26492756 40.0790664 15.26492756 40.279066 0 P 0
L 15.26492756 40.7330656 15.26492756 40.9330652 0 P 0
L 15.28097782 41.38686668 15.28097782 41.58686628 0 P 0
L 15.34684002 74.39081642 15.34684002 74.59081602 0 P 0
L 15.43050508 45.57464596 15.63050468 45.57464596 0 P 0
L 15.50402792 44.4908178 15.70402752 44.4908178 0 P 0
L 15.53050488 45.47464616 15.53050488 45.67464576 0 P 0
L 15.6038169 41.98578852 15.8038165 41.98578852 0 P 0
L 15.60402772 44.390818 15.60402772 44.5908176 0 P 0
L 15.62083236 43.0946941 15.82083196 43.0946941 0 P 0
L 15.68296076 75.57464438 15.88296036 75.57464438 0 P 0
L 15.7038167 41.88578872 15.7038167 42.08578832 0 P 0
L 15.72083216 42.9946943 15.72083216 43.1946939 0 P 0
L 15.78296056 75.47464458 15.78296056 75.67464418 0 P 0
L 15.90083942 74.49081622 16.10083902 74.49081622 0 P 0
L 16.00083922 74.39081642 16.00083922 74.59081602 0 P 0
L 16.08450428 45.57464596 16.28450388 45.57464596 0 P 0
L 16.15802712 44.4908178 16.35802672 44.4908178 0 P 0
L 16.18450408 45.47464616 16.18450408 45.67464576 0 P 0
L 16.23694492 41.82188486 16.43694452 41.82188486 0 P 0
L 16.25802692 44.390818 16.25802692 44.5908176 0 P 0
L 16.27257604 43.04042192 16.47257564 43.04042192 0 P 0
L 16.33694472 41.72188506 16.33694472 41.92188466 0 P 0
L 16.33695996 75.57464438 16.53695956 75.57464438 0 P 0
L 16.37257584 42.94042212 16.37257584 43.14042172 0 P 0
L 16.41209824 33.99778316 16.61209784 33.99778316 0 P 0
L 16.41209824 34.65178236 16.61209784 34.65178236 0 P 0
L 16.41209824 35.30578156 16.61209784 35.30578156 0 P 0
L 16.41209824 35.95978076 16.61209784 35.95978076 0 P 0
L 16.41209824 36.61377996 16.61209784 36.61377996 0 P 0
L 16.41209824 37.26777916 16.61209784 37.26777916 0 P 0
L 16.41209824 37.92177836 16.61209784 37.92177836 0 P 0
L 16.41209824 38.57577756 16.61209784 38.57577756 0 P 0
L 16.41209824 39.22977676 16.61209784 39.22977676 0 P 0
L 16.41209824 39.88377596 16.61209784 39.88377596 0 P 0
L 16.41209824 40.53777516 16.61209784 40.53777516 0 P 0
L 16.41209824 41.19177436 16.61209784 41.19177436 0 P 0
L 16.43695976 75.47464458 16.43695976 75.67464418 0 P 0
L 16.44263412 33.3444977 16.64263372 33.3444977 0 P 0
L 16.51209804 33.89778336 16.51209804 34.09778296 0 P 0
L 16.51209804 34.55178256 16.51209804 34.75178216 0 P 0
L 16.51209804 35.20578176 16.51209804 35.40578136 0 P 0
L 16.51209804 35.85978096 16.51209804 36.05978056 0 P 0
L 16.51209804 36.51378016 16.51209804 36.71377976 0 P 0
L 16.51209804 37.16777936 16.51209804 37.36777896 0 P 0
L 16.51209804 37.82177856 16.51209804 38.02177816 0 P 0
L 16.51209804 38.47577776 16.51209804 38.67577736 0 P 0
L 16.51209804 39.12977696 16.51209804 39.32977656 0 P 0
L 16.51209804 39.78377616 16.51209804 39.98377576 0 P 0
L 16.51209804 40.43777536 16.51209804 40.63777496 0 P 0
L 16.51209804 41.09177456 16.51209804 41.29177416 0 P 0
L 16.54263392 33.2444979 16.54263392 33.4444975 0 P 0
L 16.55483862 74.49081622 16.75483822 74.49081622 0 P 0
L 16.65483842 74.39081642 16.65483842 74.59081602 0 P 0
L 16.68353026 32.73648266 16.88352986 32.73648266 0 P 0
L 16.73850348 45.57464596 16.93850308 45.57464596 0 P 0
L 16.78353006 32.63648286 16.78353006 32.83648246 0 P 0
L 16.81202632 44.4908178 17.01202592 44.4908178 0 P 0
L 16.83850328 45.47464616 16.83850328 45.67464576 0 P 0
L 16.84929574 42.73202528 17.04929534 42.73202528 0 P 0
L 16.91202612 44.390818 16.91202612 44.5908176 0 P 0
L 16.94929554 42.63202548 16.94929554 42.83202508 0 P 0
L 16.99095916 75.57464438 17.19095876 75.57464438 0 P 0
L 17.09095896 75.47464458 17.09095896 75.67464418 0 P 0
L 17.13997588 32.2681092 17.33997548 32.2681092 0 P 0
L 17.20883782 74.49081622 17.40883742 74.49081622 0 P 0
L 17.23997568 32.1681094 17.23997568 32.368109 0 P 0
L 17.27814934 42.23826452 17.47814894 42.23826452 0 P 0
L 17.30883762 74.39081642 17.30883762 74.59081602 0 P 0
L 17.37814914 42.13826472 17.37814914 42.33826432 0 P 0
L 17.39250268 45.57464596 17.59250228 45.57464596 0 P 0
L 17.46602552 44.4908178 17.66602512 44.4908178 0 P 0
L 17.47883728 41.6158172 17.67883688 41.6158172 0 P 0
L 17.49250248 45.47464616 17.49250248 45.67464576 0 P 0
L 17.4959264 33.76805032 17.695926 33.76805032 0 P 0
L 17.4959264 34.42204952 17.695926 34.42204952 0 P 0
L 17.4959264 35.07604872 17.695926 35.07604872 0 P 0
L 17.4959264 35.73004792 17.695926 35.73004792 0 P 0
L 17.4959264 36.38404712 17.695926 36.38404712 0 P 0
L 17.4959264 37.03804632 17.695926 37.03804632 0 P 0
L 17.4959264 37.69204552 17.695926 37.69204552 0 P 0
L 17.4959264 38.34604472 17.695926 38.34604472 0 P 0
L 17.4959264 39.00004392 17.695926 39.00004392 0 P 0
L 17.4959264 39.65404312 17.695926 39.65404312 0 P 0
L 17.4959264 40.30804232 17.695926 40.30804232 0 P 0
L 17.4959264 40.96204152 17.695926 40.96204152 0 P 0
L 17.56602532 44.390818 17.56602532 44.5908176 0 P 0
L 17.57883708 41.5158174 17.57883708 41.715817 0 P 0
L 17.5959262 33.66805052 17.5959262 33.86805012 0 P 0
L 17.5959262 34.32204972 17.5959262 34.52204932 0 P 0
L 17.5959262 34.97604892 17.5959262 35.17604852 0 P 0
L 17.5959262 35.63004812 17.5959262 35.83004772 0 P 0
L 17.5959262 36.28404732 17.5959262 36.48404692 0 P 0
L 17.5959262 36.93804652 17.5959262 37.13804612 0 P 0
L 17.5959262 37.59204572 17.5959262 37.79204532 0 P 0
L 17.5959262 38.24604492 17.5959262 38.44604452 0 P 0
L 17.5959262 38.90004412 17.5959262 39.10004372 0 P 0
L 17.5959262 39.55404332 17.5959262 39.75404292 0 P 0
L 17.5959262 40.20804252 17.5959262 40.40804212 0 P 0
L 17.5959262 40.86204172 17.5959262 41.06204132 0 P 0
L 17.64495836 75.57464438 17.84495796 75.57464438 0 P 0
L 17.7348388 31.99635206 17.9348384 31.99635206 0 P 0
L 17.74495816 75.47464458 17.74495816 75.67464418 0 P 0
L 17.75749306 33.16863826 17.95749266 33.16863826 0 P 0
L 17.8348386 31.89635226 17.8348386 32.09635186 0 P 0
L 17.85749286 33.06863846 17.85749286 33.26863806 0 P 0
L 17.86283702 74.49081622 18.06283662 74.49081622 0 P 0
L 17.96283682 74.39081642 17.96283682 74.59081602 0 P 0
L 18.04650188 45.57464596 18.24650148 45.57464596 0 P 0
L 18.12002472 44.4908178 18.32002432 44.4908178 0 P 0
L 18.14650168 45.47464616 18.14650168 45.67464576 0 P 0
L 18.22002452 44.390818 18.22002452 44.5908176 0 P 0
L 18.29895756 75.57464438 18.49895716 75.57464438 0 P 0
L 18.38866274 31.98114254 18.58866234 31.98114254 0 P 0
L 18.39895736 75.47464458 18.39895736 75.67464418 0 P 0
L 18.40971172 33.1203935 18.60971132 33.1203935 0 P 0
L 18.48866254 31.88114274 18.48866254 32.08114234 0 P 0
L 18.50971152 33.0203937 18.50971152 33.2203933 0 P 0
L 18.51683622 74.49081622 18.71683582 74.49081622 0 P 0
L 18.61683602 74.39081642 18.61683602 74.59081602 0 P 0
L 18.70050108 45.57464596 18.90050068 45.57464596 0 P 0
L 18.7396374 49.98252386 20.2396598 49.98252386 0 P 0
L 18.7396374 55.08269146 20.2396598 55.08269146 0 P 0
L 18.7397644 4.98239796 20.2397868 4.98239796 0 P 0
L 18.7397644 10.08256556 20.2397868 10.08256556 0 P 0
L 18.7397644 19.9823959 20.2397868 19.9823959 0 P 0
L 18.7397644 25.0825635 20.2397868 25.0825635 0 P 0
L 18.7397644 64.98239734 20.2397868 64.98239734 0 P 0
L 18.7397644 70.08256494 20.2397868 70.08256494 0 P 0
L 18.74132396 33.684083 18.94132356 33.684083 0 P 0
L 18.74309688 34.33807966 18.94309648 34.33807966 0 P 0
L 18.74309688 34.99207886 18.94309648 34.99207886 0 P 0
L 18.74309688 35.64607806 18.94309648 35.64607806 0 P 0
L 18.74309688 36.30007726 18.94309648 36.30007726 0 P 0
L 18.74309688 36.95407646 18.94309648 36.95407646 0 P 0
L 18.74309688 37.60807566 18.94309648 37.60807566 0 P 0
L 18.74309688 38.26207486 18.94309648 38.26207486 0 P 0
L 18.74309688 38.91607406 18.94309648 38.91607406 0 P 0
L 18.74309688 39.57007326 18.94309648 39.57007326 0 P 0
L 18.74309688 40.22407246 18.94309648 40.22407246 0 P 0
L 18.74309688 40.87807166 18.94309648 40.87807166 0 P 0
L 18.74915478 41.53204292 18.94915438 41.53204292 0 P 0
L 18.77402392 44.4908178 18.97402352 44.4908178 0 P 0
L 18.80050088 45.47464616 18.80050088 45.67464576 0 P 0
L 18.84132376 33.5840832 18.84132376 33.7840828 0 P 0
L 18.84309668 34.23807986 18.84309668 34.43807946 0 P 0
L 18.84309668 34.89207906 18.84309668 35.09207866 0 P 0
L 18.84309668 35.54607826 18.84309668 35.74607786 0 P 0
L 18.84309668 36.20007746 18.84309668 36.40007706 0 P 0
L 18.84309668 36.85407666 18.84309668 37.05407626 0 P 0
L 18.84309668 37.50807586 18.84309668 37.70807546 0 P 0
L 18.84309668 38.16207506 18.84309668 38.36207466 0 P 0
L 18.84309668 38.81607426 18.84309668 39.01607386 0 P 0
L 18.84309668 39.47007346 18.84309668 39.67007306 0 P 0
L 18.84309668 40.12407266 18.84309668 40.32407226 0 P 0
L 18.84309668 40.77807186 18.84309668 40.97807146 0 P 0
L 18.84915458 41.43204312 18.84915458 41.63204272 0 P 0
L 18.87402372 44.390818 18.87402372 44.5908176 0 P 0
L 18.92258598 42.1626284 19.12258558 42.1626284 0 P 0
L 18.95295676 75.57464438 19.15295636 75.57464438 0 P 0
L 19.00503946 32.19976288 19.20503906 32.19976288 0 P 0
L 19.02258578 42.0626286 19.02258578 42.2626282 0 P 0
L 19.05295656 75.47464458 19.05295656 75.67464418 0 P 0
L 19.10503926 32.09976308 19.10503926 32.29976268 0 P 0
L 19.17083542 74.49081622 19.37083502 74.49081622 0 P 0
L 19.27083522 74.39081642 19.27083522 74.59081602 0 P 0
L 19.32228292 42.68027532 19.52228252 42.68027532 0 P 0
L 19.35450028 45.57464596 19.55449988 45.57464596 0 P 0
L 19.42228272 42.58027552 19.42228272 42.78027512 0 P 0
L 19.42802312 44.4908178 19.62802272 44.4908178 0 P 0
L 19.45450008 45.47464616 19.45450008 45.67464576 0 P 0
L 19.48474132 32.6442832 19.68474092 32.6442832 0 P 0
L 19.4896486 49.23251266 19.4896486 50.73253506 0 P 0
L 19.4896486 54.33268026 19.4896486 55.83270266 0 P 0
L 19.4897756 4.23238676 19.4897756 5.73240916 0 P 0
L 19.4897756 9.33255436 19.4897756 10.83257676 0 P 0
L 19.4897756 19.2323847 19.4897756 20.7324071 0 P 0
L 19.4897756 24.3325523 19.4897756 25.8325747 0 P 0
L 19.4897756 64.23238614 19.4897756 65.73240854 0 P 0
L 19.4897756 69.33255374 19.4897756 70.83257614 0 P 0
L 19.52802292 44.390818 19.52802292 44.5908176 0 P 0
L 19.58474112 32.5442834 19.58474112 32.744283 0 P 0
L 19.60695596 75.57464438 19.80695556 75.57464438 0 P 0
L 19.70695576 75.47464458 19.70695576 75.67464418 0 P 0
L 19.77345804 33.23110448 19.97345764 33.23110448 0 P 0
L 19.82483462 74.49081622 20.02483422 74.49081622 0 P 0
L 19.82692504 33.8829142 20.02692464 33.8829142 0 P 0
L 19.82692504 34.5369134 20.02692464 34.5369134 0 P 0
L 19.82692504 35.1909126 20.02692464 35.1909126 0 P 0
L 19.82692504 35.8449118 20.02692464 35.8449118 0 P 0
L 19.82692504 36.498911 20.02692464 36.498911 0 P 0
L 19.82692504 37.1529102 20.02692464 37.1529102 0 P 0
L 19.82692504 37.8069094 20.02692464 37.8069094 0 P 0
L 19.82692504 38.4609086 20.02692464 38.4609086 0 P 0
L 19.82692504 39.1149078 20.02692464 39.1149078 0 P 0
L 19.82692504 39.768907 20.02692464 39.768907 0 P 0
L 19.82692504 40.4229062 20.02692464 40.4229062 0 P 0
L 19.82692504 41.0769054 20.02692464 41.0769054 0 P 0
L 19.87345784 33.13110468 19.87345784 33.33110428 0 P 0
L 19.8875015 43.00927898 20.0875011 43.00927898 0 P 0
L 19.92483442 74.39081642 19.92483442 74.59081602 0 P 0
L 19.926427 41.72329222 20.1264266 41.72329222 0 P 0
L 19.92692484 33.7829144 19.92692484 33.982914 0 P 0
L 19.92692484 34.4369136 19.92692484 34.6369132 0 P 0
L 19.92692484 35.0909128 19.92692484 35.2909124 0 P 0
L 19.92692484 35.744912 19.92692484 35.9449116 0 P 0
L 19.92692484 36.3989112 19.92692484 36.5989108 0 P 0
L 19.92692484 37.0529104 19.92692484 37.25291 0 P 0
L 19.92692484 37.7069096 19.92692484 37.9069092 0 P 0
L 19.92692484 38.3609088 19.92692484 38.5609084 0 P 0
L 19.92692484 39.014908 19.92692484 39.2149076 0 P 0
L 19.92692484 39.6689072 19.92692484 39.8689068 0 P 0
L 19.92692484 40.3229064 19.92692484 40.522906 0 P 0
L 19.92692484 40.9769056 19.92692484 41.1769052 0 P 0
L 19.9875013 42.90927918 19.9875013 43.10927878 0 P 0
L 20.00849948 45.57464596 20.20849908 45.57464596 0 P 0
L 20.0264268 41.62329242 20.0264268 41.82329202 0 P 0
L 20.08202232 44.4908178 20.28202192 44.4908178 0 P 0
L 20.10849928 45.47464616 20.10849928 45.67464576 0 P 0
L 20.18202212 44.390818 20.18202212 44.5908176 0 P 0
L 20.26095516 75.57464438 20.46095476 75.57464438 0 P 0
L 20.36095496 75.47464458 20.36095496 75.67464418 0 P 0
L 20.47883382 74.49081622 20.67883342 74.49081622 0 P 0
L 20.51495008 42.00851898 20.71494968 42.00851898 0 P 0
L 20.53434806 43.10573294 20.73434766 43.10573294 0 P 0
L 20.55796498 7.62089916 20.75796458 7.62089916 0 P 0
L 20.56187404 22.650577 20.76187364 22.650577 0 P 0
L 20.56534368 67.67694618 20.76534328 67.67694618 0 P 0
L 20.57883362 74.39081642 20.57883362 74.59081602 0 P 0
L 20.581747 52.26309588 20.7817466 52.26309588 0 P 0
L 20.60828746 52.9165566 20.80828706 52.9165566 0 P 0
L 20.61494988 41.90851918 20.61494988 42.10851878 0 P 0
L 20.63434786 43.00573314 20.63434786 43.20573274 0 P 0
L 20.65317688 67.02887026 20.85317648 67.02887026 0 P 0
L 20.65796478 7.52089936 20.65796478 7.72089896 0 P 0
L 20.66187384 22.5505772 20.66187384 22.7505768 0 P 0
L 20.66249868 45.57464596 20.86249828 45.57464596 0 P 0
L 20.66327592 22.00448736 20.86327552 22.00448736 0 P 0
L 20.66534348 67.57694638 20.66534348 67.77694598 0 P 0
L 20.67451034 6.97736984 20.87450994 6.97736984 0 P 0
L 20.6817468 52.16309608 20.6817468 52.36309568 0 P 0
L 20.70828726 52.8165568 20.70828726 53.0165564 0 P 0
L 20.73602152 44.4908178 20.93602112 44.4908178 0 P 0
L 20.75189398 8.24548516 20.95189358 8.24548516 0 P 0
L 20.75317668 66.92887046 20.75317668 67.12887006 0 P 0
L 20.76249848 45.47464616 20.76249848 45.67464576 0 P 0
L 20.76327572 21.90448756 20.76327572 22.10448716 0 P 0
L 20.76573444 23.27199308 20.96573404 23.27199308 0 P 0
L 20.77451014 6.87737004 20.77451014 7.07736964 0 P 0
L 20.78249844 68.29383852 20.98249804 68.29383852 0 P 0
L 20.83602132 44.390818 20.83602132 44.5908176 0 P 0
L 20.85189378 8.14548536 20.85189378 8.34548496 0 P 0
L 20.85963062 51.67107014 21.05963022 51.67107014 0 P 0
L 20.86573424 23.17199328 20.86573424 23.37199288 0 P 0
L 20.88249824 68.19383872 20.88249824 68.39383832 0 P 0
L 20.91495436 75.57464438 21.11495396 75.57464438 0 P 0
L 20.9315685 53.48506702 21.1315681 53.48506702 0 P 0
L 20.95963042 51.57107034 20.95963042 51.77106994 0 P 0
L 21.01495416 75.47464458 21.01495416 75.67464418 0 P 0
L 21.02675246 66.4920692 21.22675206 66.4920692 0 P 0
L 21.02935596 41.60465898 21.22935556 41.60465898 0 P 0
L 21.0315683 53.38506722 21.0315683 53.58506682 0 P 0
L 21.04809608 21.47568984 21.24809568 21.47568984 0 P 0
L 21.07155806 6.45768838 21.27155766 6.45768838 0 P 0
L 21.07409552 33.7582002 21.27409512 33.7582002 0 P 0
L 21.07409552 34.4121994 21.27409512 34.4121994 0 P 0
L 21.07409552 35.0661986 21.27409512 35.0661986 0 P 0
L 21.07409552 35.7201978 21.27409512 35.7201978 0 P 0
L 21.07409552 36.374197 21.27409512 36.374197 0 P 0
L 21.07409552 37.0281962 21.27409512 37.0281962 0 P 0
L 21.07409552 37.6821954 21.27409512 37.6821954 0 P 0
L 21.07409552 38.3361946 21.27409512 38.3361946 0 P 0
L 21.07409552 38.9901938 21.27409512 38.9901938 0 P 0
L 21.07409552 39.644193 21.27409512 39.644193 0 P 0
L 21.07409552 40.2981922 21.27409512 40.2981922 0 P 0
L 21.07409552 40.9521914 21.27409512 40.9521914 0 P 0
L 21.12675226 66.3920694 21.12675226 66.592069 0 P 0
L 21.12935576 41.50465918 21.12935576 41.70465878 0 P 0
L 21.13283302 74.49081622 21.33283262 74.49081622 0 P 0
L 21.14809588 21.37569004 21.14809588 21.57568964 0 P 0
L 21.1662391 33.11072372 21.3662387 33.11072372 0 P 0
L 21.16832698 42.94515668 21.36832658 42.94515668 0 P 0
L 21.17155786 6.35768858 21.17155786 6.55768818 0 P 0
L 21.17409532 33.6582004 21.17409532 33.8582 0 P 0
L 21.17409532 34.3121996 21.17409532 34.5121992 0 P 0
L 21.17409532 34.9661988 21.17409532 35.1661984 0 P 0
L 21.17409532 35.620198 21.17409532 35.8201976 0 P 0
L 21.17409532 36.2741972 21.17409532 36.4741968 0 P 0
L 21.17409532 36.9281964 21.17409532 37.128196 0 P 0
L 21.17409532 37.5821956 21.17409532 37.7821952 0 P 0
L 21.17409532 38.2361948 21.17409532 38.4361944 0 P 0
L 21.17409532 38.890194 21.17409532 39.0901936 0 P 0
L 21.17409532 39.5441932 21.17409532 39.7441928 0 P 0
L 21.17409532 40.1981924 21.17409532 40.398192 0 P 0
L 21.17409532 40.8521916 21.17409532 41.0521912 0 P 0
L 21.2100668 8.71216698 21.4100664 8.71216698 0 P 0
L 21.23283282 74.39081642 21.23283282 74.59081602 0 P 0
L 21.23700096 23.72544912 21.43700056 23.72544912 0 P 0
L 21.2610446 68.73960852 21.4610442 68.73960852 0 P 0
L 21.2662389 33.01072392 21.2662389 33.21072352 0 P 0
L 21.26832678 42.84515688 21.26832678 43.04515648 0 P 0
L 21.3100666 8.61216718 21.3100666 8.81216678 0 P 0
L 21.31649788 45.57464596 21.51649748 45.57464596 0 P 0
L 21.33700076 23.62544932 21.33700076 23.82544892 0 P 0
L 21.3610444 68.63960872 21.3610444 68.83960832 0 P 0
L 21.3644734 52.53286166 22.7144834 52.53286166 0 P 0
L 21.3646004 7.53273576 22.7146104 7.53273576 0 P 0
L 21.3646004 22.5327337 22.7146104 22.5327337 0 P 0
L 21.3646004 67.53273514 22.7146104 67.53273514 0 P 0
L 21.37682288 51.27078392 21.57682248 51.27078392 0 P 0
L 21.39002072 44.4908178 21.59002032 44.4908178 0 P 0
L 21.41649768 45.47464616 21.41649768 45.67464576 0 P 0
L 21.43367824 53.90411622 21.63367784 53.90411622 0 P 0
L 21.43367824 54.55811542 21.63367784 54.55811542 0 P 0
L 21.43367824 55.21211462 21.63367784 55.21211462 0 P 0
L 21.43367824 55.86611382 21.63367784 55.86611382 0 P 0
L 21.43367824 56.52011302 21.63367784 56.52011302 0 P 0
L 21.43367824 57.17411222 21.63367784 57.17411222 0 P 0
L 21.43380524 9.32670474 21.63380484 9.32670474 0 P 0
L 21.43380524 9.98070394 21.63380484 9.98070394 0 P 0
L 21.43380524 10.63470314 21.63380484 10.63470314 0 P 0
L 21.43380524 11.28870234 21.63380484 11.28870234 0 P 0
L 21.43380524 11.94270154 21.63380484 11.94270154 0 P 0
L 21.43380524 18.33154068 21.63380484 18.33154068 0 P 0
L 21.43380524 18.98553988 21.63380484 18.98553988 0 P 0
L 21.43380524 19.63953908 21.63380484 19.63953908 0 P 0
L 21.43380524 20.29353828 21.63380484 20.29353828 0 P 0
L 21.43380524 20.94753748 21.63380484 20.94753748 0 P 0
L 21.43380524 63.36418874 21.63380484 63.36418874 0 P 0
L 21.43380524 64.01818794 21.63380484 64.01818794 0 P 0
L 21.43380524 64.67218714 21.63380484 64.67218714 0 P 0
L 21.43380524 65.32618634 21.63380484 65.32618634 0 P 0
L 21.43380524 65.98018554 21.63380484 65.98018554 0 P 0
L 21.44083342 62.71022764 21.64083302 62.71022764 0 P 0
L 21.44295178 17.67760498 21.64295138 17.67760498 0 P 0
L 21.45934748 12.5962029 21.65934708 12.5962029 0 P 0
L 21.47682268 51.17078412 21.47682268 51.37078372 0 P 0
L 21.4882857 57.82582796 21.6882853 57.82582796 0 P 0
L 21.49002052 44.390818 21.49002052 44.5908176 0 P 0
L 21.4930482 32.54423514 21.6930478 32.54423514 0 P 0
L 21.53360692 62.0628426 21.73360652 62.0628426 0 P 0
L 21.53367804 53.80411642 21.53367804 54.00411602 0 P 0
L 21.53367804 54.45811562 21.53367804 54.65811522 0 P 0
L 21.53367804 55.11211482 21.53367804 55.31211442 0 P 0
L 21.53367804 55.76611402 21.53367804 55.96611362 0 P 0
L 21.53367804 56.42011322 21.53367804 56.62011282 0 P 0
L 21.53367804 57.07411242 21.53367804 57.27411202 0 P 0
L 21.53380504 9.22670494 21.53380504 9.42670454 0 P 0
L 21.53380504 9.88070414 21.53380504 10.08070374 0 P 0
L 21.53380504 10.53470334 21.53380504 10.73470294 0 P 0
L 21.53380504 11.18870254 21.53380504 11.38870214 0 P 0
L 21.53380504 11.84270174 21.53380504 12.04270134 0 P 0
L 21.53380504 18.23154088 21.53380504 18.43154048 0 P 0
L 21.53380504 18.88554008 21.53380504 19.08553968 0 P 0
L 21.53380504 19.53953928 21.53380504 19.73953888 0 P 0
L 21.53380504 20.19353848 21.53380504 20.39353808 0 P 0
L 21.53380504 20.84753768 21.53380504 21.04753728 0 P 0
L 21.53380504 63.26418894 21.53380504 63.46418854 0 P 0
L 21.53380504 63.91818814 21.53380504 64.11818774 0 P 0
L 21.53380504 64.57218734 21.53380504 64.77218694 0 P 0
L 21.53380504 65.22618654 21.53380504 65.42618614 0 P 0
L 21.53380504 65.88018574 21.53380504 66.08018534 0 P 0
L 21.53991882 17.03083462 21.73991842 17.03083462 0 P 0
L 21.54083322 62.61022784 21.54083322 62.81022744 0 P 0
L 21.54295158 17.57760518 21.54295158 17.77760478 0 P 0
L 21.55934728 12.4962031 21.55934728 12.6962027 0 P 0
L 21.56895356 75.57464438 21.76895316 75.57464438 0 P 0
L 21.5882855 57.72582816 21.5882855 57.92582776 0 P 0
L 21.593048 32.44423534 21.593048 32.64423494 0 P 0
L 21.59338582 13.23631846 21.79338542 13.23631846 0 P 0
L 21.63360672 61.9628428 21.63360672 62.1628424 0 P 0
L 21.63991862 16.93083482 21.63991862 17.13083442 0 P 0
L 21.66181342 6.1760608 21.86181302 6.1760608 0 P 0
L 21.66895336 75.47464458 21.66895336 75.67464418 0 P 0
L 21.67885174 58.45144774 21.87885134 58.45144774 0 P 0
L 21.69338562 13.13631866 21.69338562 13.33631826 0 P 0
L 21.70174222 42.56676018 21.90174182 42.56676018 0 P 0
L 21.75300958 61.44674274 21.95300918 61.44674274 0 P 0
L 21.76181322 6.076061 21.76181322 6.2760606 0 P 0
L 21.76770094 16.41778276 21.96770054 16.41778276 0 P 0
L 21.77885154 58.35144794 21.77885154 58.55144754 0 P 0
L 21.78683222 74.49081622 21.98683182 74.49081622 0 P 0
L 21.80174202 42.46676038 21.80174202 42.66675998 0 P 0
L 21.85300938 61.34674294 21.85300938 61.54674254 0 P 0
L 21.86267154 23.91585006 22.06267114 23.91585006 0 P 0
L 21.86770074 16.31778296 21.86770074 16.51778256 0 P 0
L 21.87167838 13.8281537 22.07167798 13.8281537 0 P 0
L 21.88683202 74.39081642 21.88683202 74.59081602 0 P 0
L 21.96267134 23.81585026 21.96267134 24.01584986 0 P 0
L 21.97049708 45.57464596 22.17049668 45.57464596 0 P 0
L 21.97167818 13.7281539 21.97167818 13.9281535 0 P 0
L 21.98978076 59.026806 22.18978036 59.026806 0 P 0
L 22.00759632 32.14055802 22.20759592 32.14055802 0 P 0
L 22.0196029 51.1501644 22.2196025 51.1501644 0 P 0
L 22.0394784 51.85785666 22.0394784 53.20786666 0 P 0
L 22.0396054 6.85773076 22.0396054 8.20774076 0 P 0
L 22.0396054 21.8577287 22.0396054 23.2077387 0 P 0
L 22.0396054 66.85773014 22.0396054 68.20774014 0 P 0
L 22.04230288 42.00842754 22.24230248 42.00842754 0 P 0
L 22.04401992 44.4908178 22.24401952 44.4908178 0 P 0
L 22.07049688 45.47464616 22.07049688 45.67464576 0 P 0
L 22.08978056 58.9268062 22.08978056 59.1268058 0 P 0
L 22.10759612 32.04055822 22.10759612 32.24055782 0 P 0
L 22.10939444 60.89837706 22.30939404 60.89837706 0 P 0
L 22.1196027 51.0501646 22.1196027 51.2501642 0 P 0
L 22.12739288 15.87158116 22.32739248 15.87158116 0 P 0
L 22.14230268 41.90842774 22.14230268 42.10842734 0 P 0
L 22.14401972 44.390818 22.14401972 44.5908176 0 P 0
L 22.15792368 34.17107466 22.35792328 34.17107466 0 P 0
L 22.15792368 34.82507386 22.35792328 34.82507386 0 P 0
L 22.15792368 35.47907306 22.35792328 35.47907306 0 P 0
L 22.15792368 36.13307226 22.35792328 36.13307226 0 P 0
L 22.15792368 36.78707146 22.35792328 36.78707146 0 P 0
L 22.15792368 37.44107066 22.35792328 37.44107066 0 P 0
L 22.15792368 38.09506986 22.35792328 38.09506986 0 P 0
L 22.15792368 38.74906906 22.35792328 38.74906906 0 P 0
L 22.15792368 39.40306826 22.35792328 39.40306826 0 P 0
L 22.15792368 40.05706746 22.35792328 40.05706746 0 P 0
L 22.15792368 40.71106666 22.35792328 40.71106666 0 P 0
L 22.15975502 41.36506078 22.35975462 41.36506078 0 P 0
L 22.18162442 33.51750472 22.38162402 33.51750472 0 P 0
L 22.20939424 60.79837726 22.20939424 60.99837686 0 P 0
L 22.22295276 75.57464438 22.42295236 75.57464438 0 P 0
L 22.22739268 15.77158136 22.22739268 15.97158096 0 P 0
L 22.25043048 68.88505908 22.45043008 68.88505908 0 P 0
L 22.25792348 34.07107486 22.25792348 34.27107446 0 P 0
L 22.25792348 34.72507406 22.25792348 34.92507366 0 P 0
L 22.25792348 35.37907326 22.25792348 35.57907286 0 P 0
L 22.25792348 36.03307246 22.25792348 36.23307206 0 P 0
L 22.25792348 36.68707166 22.25792348 36.88707126 0 P 0
L 22.25792348 37.34107086 22.25792348 37.54107046 0 P 0
L 22.25792348 37.99507006 22.25792348 38.19506966 0 P 0
L 22.25792348 38.64906926 22.25792348 38.84906886 0 P 0
L 22.25792348 39.30306846 22.25792348 39.50306806 0 P 0
L 22.25792348 39.95706766 22.25792348 40.15706726 0 P 0
L 22.25792348 40.61106686 22.25792348 40.81106646 0 P 0
L 22.25975482 41.26506098 22.25975482 41.46506058 0 P 0
L 22.26273678 14.35235636 22.46273638 14.35235636 0 P 0
L 22.28162422 33.41750492 22.28162422 33.61750452 0 P 0
L 22.31537574 6.19996982 22.51537534 6.19996982 0 P 0
L 22.32295256 75.47464458 22.32295256 75.67464418 0 P 0
L 22.35043028 68.78505928 22.35043028 68.98505888 0 P 0
L 22.36273658 14.25235656 22.36273658 14.45235616 0 P 0
L 22.41537554 6.09997002 22.41537554 6.29996962 0 P 0
L 22.42394804 59.51590078 22.62394764 59.51590078 0 P 0
L 22.44083142 74.49081622 22.64083102 74.49081622 0 P 0
L 22.44527896 54.12157832 22.64527856 54.12157832 0 P 0
L 22.44527896 54.77557752 22.64527856 54.77557752 0 P 0
L 22.44527896 55.42957672 22.64527856 55.42957672 0 P 0
L 22.44527896 56.08357592 22.64527856 56.08357592 0 P 0
L 22.44527896 56.73757512 22.64527856 56.73757512 0 P 0
L 22.44540596 9.40142138 22.64540556 9.40142138 0 P 0
L 22.44540596 10.05542058 22.64540556 10.05542058 0 P 0
L 22.44540596 10.70941978 22.64540556 10.70941978 0 P 0
L 22.44540596 11.36341898 22.64540556 11.36341898 0 P 0
L 22.44540596 12.01741818 22.64540556 12.01741818 0 P 0
L 22.44540596 17.8865149 22.64540556 17.8865149 0 P 0
L 22.44540596 18.5405141 22.64540556 18.5405141 0 P 0
L 22.44540596 19.1945133 22.64540556 19.1945133 0 P 0
L 22.44540596 19.8485125 22.64540556 19.8485125 0 P 0
L 22.44540596 20.5025117 22.64540556 20.5025117 0 P 0
L 22.44540596 21.1565109 22.64540556 21.1565109 0 P 0
L 22.44540596 63.0983117 22.64540556 63.0983117 0 P 0
L 22.44540596 63.7523109 22.64540556 63.7523109 0 P 0
L 22.44540596 64.4063101 22.64540556 64.4063101 0 P 0
L 22.44540596 65.0603093 22.64540556 65.0603093 0 P 0
L 22.44540596 65.7143085 22.64540556 65.7143085 0 P 0
L 22.4498154 57.39155908 22.649815 57.39155908 0 P 0
L 22.47362536 62.4449221 22.67362496 62.4449221 0 P 0
L 22.47799162 12.67060712 22.67799122 12.67060712 0 P 0
L 22.50514676 23.79361256 22.70514636 23.79361256 0 P 0
L 22.52394784 59.41590098 22.52394784 59.61590058 0 P 0
L 22.5256852 17.23746108 22.7256848 17.23746108 0 P 0
L 22.54083122 74.39081642 22.54083122 74.59081602 0 P 0
L 22.54527876 54.02157852 22.54527876 54.22157812 0 P 0
L 22.54527876 54.67557772 22.54527876 54.87557732 0 P 0
L 22.54527876 55.32957692 22.54527876 55.52957652 0 P 0
L 22.54527876 55.98357612 22.54527876 56.18357572 0 P 0
L 22.54527876 56.63757532 22.54527876 56.83757492 0 P 0
L 22.54540576 9.30142158 22.54540576 9.50142118 0 P 0
L 22.54540576 9.95542078 22.54540576 10.15542038 0 P 0
L 22.54540576 10.60941998 22.54540576 10.80941958 0 P 0
L 22.54540576 11.26341918 22.54540576 11.46341878 0 P 0
L 22.54540576 11.91741838 22.54540576 12.11741798 0 P 0
L 22.54540576 17.7865151 22.54540576 17.9865147 0 P 0
L 22.54540576 18.4405143 22.54540576 18.6405139 0 P 0
L 22.54540576 19.0945135 22.54540576 19.2945131 0 P 0
L 22.54540576 19.7485127 22.54540576 19.9485123 0 P 0
L 22.54540576 20.4025119 22.54540576 20.6025115 0 P 0
L 22.54540576 21.0565111 22.54540576 21.2565107 0 P 0
L 22.54540576 62.9983119 22.54540576 63.1983115 0 P 0
L 22.54540576 63.6523111 22.54540576 63.8523107 0 P 0
L 22.54540576 64.3063103 22.54540576 64.5063099 0 P 0
L 22.54540576 64.9603095 22.54540576 65.1603091 0 P 0
L 22.54540576 65.6143087 22.54540576 65.8143083 0 P 0
L 22.5498152 57.29155928 22.5498152 57.49155888 0 P 0
L 22.57123756 60.43532744 22.77123716 60.43532744 0 P 0
L 22.57362516 62.3449223 22.57362516 62.5449219 0 P 0
L 22.57799142 12.57060732 22.57799142 12.77060692 0 P 0
L 22.5818954 8.76182398 22.781895 8.76182398 0 P 0
L 22.58549712 58.0313292 22.78549672 58.0313292 0 P 0
L 22.59230178 15.41161002 22.79230138 15.41161002 0 P 0
L 22.60514656 23.69361276 22.60514656 23.89361236 0 P 0
L 22.62449628 45.57464596 22.82449588 45.57464596 0 P 0
L 22.625685 17.13746128 22.625685 17.33746088 0 P 0
L 22.63749854 31.9646681 22.83749814 31.9646681 0 P 0
L 22.63969818 66.3387802 22.83969778 66.3387802 0 P 0
L 22.64496614 51.34156864 22.84496574 51.34156864 0 P 0
L 22.65148886 33.06259326 22.85148846 33.06259326 0 P 0
L 22.67123736 60.33532764 22.67123736 60.53532724 0 P 0
L 22.6818952 8.66182418 22.6818952 8.86182378 0 P 0
L 22.68549692 57.9313294 22.68549692 58.131329 0 P 0
L 22.69230158 15.31161022 22.69230158 15.51160982 0 P 0
L 22.69467394 61.82941152 22.89467354 61.82941152 0 P 0
L 22.69801912 44.4908178 22.89801872 44.4908178 0 P 0
L 22.71515142 13.28009028 22.91515102 13.28009028 0 P 0
L 22.72449608 45.47464616 22.72449608 45.67464576 0 P 0
L 22.73749834 31.8646683 22.73749834 32.0646679 0 P 0
L 22.73969798 66.2387804 22.73969798 66.43878 0 P 0
L 22.74496594 51.24156884 22.74496594 51.44156844 0 P 0
L 22.75148866 32.96259346 22.75148866 33.16259306 0 P 0
L 22.75836698 14.77904588 22.95836658 14.77904588 0 P 0
L 22.79467374 61.72941172 22.79467374 61.92941132 0 P 0
L 22.79649492 16.64216636 22.99649452 16.64216636 0 P 0
L 22.79801892 44.390818 22.79801892 44.5908176 0 P 0
L 22.81515122 13.18009048 22.81515122 13.38009008 0 P 0
L 22.82862846 53.591714 23.02862806 53.591714 0 P 0
L 22.83317252 68.58819658 23.03317212 68.58819658 0 P 0
L 22.85836678 14.67904608 22.85836678 14.87904568 0 P 0
L 22.87695196 75.57464438 23.07695156 75.57464438 0 P 0
L 22.88644394 6.5187068 23.08644354 6.5187068 0 P 0
L 22.89649472 16.54216656 22.89649472 16.74216616 0 P 0
L 22.92748272 58.58878808 23.12748232 58.58878808 0 P 0
L 22.92862826 53.4917142 22.92862826 53.6917138 0 P 0
L 22.93317232 68.48819678 22.93317232 68.68819638 0 P 0
L 22.94511286 21.57842014 23.14511246 21.57842014 0 P 0
L 22.9511098 59.90296122 23.1511094 59.90296122 0 P 0
L 22.97695176 75.47464458 22.97695176 75.67464418 0 P 0
L 22.98644374 6.418707 22.98644374 6.6187066 0 P 0
L 23.02134842 23.39205126 23.22134802 23.39205126 0 P 0
L 23.02748252 58.48878828 23.02748252 58.68878788 0 P 0
L 23.04511266 21.47842034 23.04511266 21.67841994 0 P 0
L 23.0511096 59.80296142 23.0511096 60.00296102 0 P 0
L 23.07086572 8.32751954 23.27086532 8.32751954 0 P 0
L 23.09196042 61.30991294 23.29196002 61.30991294 0 P 0
L 23.09483062 74.49081622 23.29483022 74.49081622 0 P 0
L 23.11183084 66.79133454 23.31183044 66.79133454 0 P 0
L 23.1152319 51.796061 23.3152315 51.796061 0 P 0
L 23.12134822 23.29205146 23.12134822 23.49205106 0 P 0
L 23.1258237 13.78907072 23.3258233 13.78907072 0 P 0
L 23.17086552 8.22751974 23.17086552 8.42751934 0 P 0
L 23.19196022 61.20991314 23.19196022 61.40991274 0 P 0
L 23.19483042 74.39081642 23.19483042 74.59081602 0 P 0
L 23.21183064 66.69133474 23.21183064 66.89133434 0 P 0
L 23.21468306 53.06381564 23.41468266 53.06381564 0 P 0
L 23.2152317 51.6960612 23.2152317 51.8960608 0 P 0
L 23.21691064 68.0586142 23.41691024 68.0586142 0 P 0
L 23.2258235 13.68907092 23.2258235 13.88907052 0 P 0
L 23.24206172 7.06757032 23.44206132 7.06757032 0 P 0
L 23.25198296 16.17286326 23.45198256 16.17286326 0 P 0
L 23.26570658 33.287208 23.46570618 33.287208 0 P 0
L 23.2701719 22.14591456 23.4701715 22.14591456 0 P 0
L 23.27849548 45.57464596 23.47849508 45.57464596 0 P 0
L 23.28823638 32.02988768 23.48823598 32.02988768 0 P 0
L 23.29775122 22.7993321 23.49775082 22.7993321 0 P 0
L 23.30843446 7.71819386 23.50843406 7.71819386 0 P 0
L 23.31468286 52.96381584 23.31468286 53.16381544 0 P 0
L 23.31691044 67.9586144 23.31691044 68.158614 0 P 0
L 23.3169968 67.41231882 23.5169964 67.41231882 0 P 0
L 23.31759624 52.41796476 23.51759584 52.41796476 0 P 0
L 23.34206152 6.96757052 23.34206152 7.16757012 0 P 0
L 23.35198276 16.07286346 23.35198276 16.27286306 0 P 0
L 23.35201832 44.4908178 23.55201792 44.4908178 0 P 0
L 23.36570638 33.1872082 23.36570638 33.3872078 0 P 0
L 23.3701717 22.04591476 23.3701717 22.24591436 0 P 0
L 23.37849528 45.47464616 23.37849528 45.67464576 0 P 0
L 23.38823618 31.92988788 23.38823618 32.12988748 0 P 0
L 23.39775102 22.6993323 23.39775102 22.8993319 0 P 0
L 23.40509416 33.92618056 23.60509376 33.92618056 0 P 0
L 23.40509416 34.58017976 23.60509376 34.58017976 0 P 0
L 23.40509416 35.23417896 23.60509376 35.23417896 0 P 0
L 23.40509416 35.88817816 23.60509376 35.88817816 0 P 0
L 23.40509416 36.54217736 23.60509376 36.54217736 0 P 0
L 23.40509416 37.19617656 23.60509376 37.19617656 0 P 0
L 23.40509416 37.85017576 23.60509376 37.85017576 0 P 0
L 23.40509416 38.50417496 23.60509376 38.50417496 0 P 0
L 23.40509416 39.15817416 23.60509376 39.15817416 0 P 0
L 23.40509416 39.81217336 23.60509376 39.81217336 0 P 0
L 23.40509416 40.46617256 23.60509376 40.46617256 0 P 0
L 23.40509416 41.12017176 23.60509376 41.12017176 0 P 0
L 23.40843426 7.61819406 23.40843426 7.81819366 0 P 0
L 23.4169966 67.31231902 23.4169966 67.51231862 0 P 0
L 23.41759604 52.31796496 23.41759604 52.51796456 0 P 0
L 23.4223814 59.01632596 23.622381 59.01632596 0 P 0
L 23.44288428 41.77307876 23.64288388 41.77307876 0 P 0
L 23.45201812 44.390818 23.45201812 44.5908176 0 P 0
L 23.50509396 33.82618076 23.50509396 34.02618036 0 P 0
L 23.50509396 34.48017996 23.50509396 34.68017956 0 P 0
L 23.50509396 35.13417916 23.50509396 35.33417876 0 P 0
L 23.50509396 35.78817836 23.50509396 35.98817796 0 P 0
L 23.50509396 36.44217756 23.50509396 36.64217716 0 P 0
L 23.50509396 37.09617676 23.50509396 37.29617636 0 P 0
L 23.50509396 37.75017596 23.50509396 37.95017556 0 P 0
L 23.50509396 38.40417516 23.50509396 38.60417476 0 P 0
L 23.50509396 39.05817436 23.50509396 39.25817396 0 P 0
L 23.50509396 39.71217356 23.50509396 39.91217316 0 P 0
L 23.50509396 40.36617276 23.50509396 40.56617236 0 P 0
L 23.50509396 41.02017196 23.50509396 41.22017156 0 P 0
L 23.5223812 58.91632616 23.5223812 59.11632576 0 P 0
L 23.53095116 75.57464438 23.73095076 75.57464438 0 P 0
L 23.54288408 41.67307896 23.54288408 41.87307856 0 P 0
L 23.63095096 75.47464458 23.63095096 75.67464418 0 P 0
L 23.63576426 60.94660404 23.83576386 60.94660404 0 P 0
L 23.67434686 14.14521174 23.87434646 14.14521174 0 P 0
L 23.71024214 42.36993304 23.91024174 42.36993304 0 P 0
L 23.73576406 60.84660424 23.73576406 61.04660384 0 P 0
L 23.74882982 74.49081622 23.94882942 74.49081622 0 P 0
L 23.77434666 14.04521194 23.77434666 14.24521154 0 P 0
L 23.81024194 42.26993324 23.81024194 42.46993284 0 P 0
L 23.83023936 15.86735714 24.03023896 15.86735714 0 P 0
L 23.839805 49.98252386 25.3398274 49.98252386 0 P 0
L 23.839805 55.08269146 25.3398274 55.08269146 0 P 0
L 23.839932 4.98239796 25.3399544 4.98239796 0 P 0
L 23.839932 10.08256556 25.3399544 10.08256556 0 P 0
L 23.839932 19.9823959 25.3399544 19.9823959 0 P 0
L 23.839932 25.0825635 25.3399544 25.0825635 0 P 0
L 23.839932 64.98239734 25.3399544 64.98239734 0 P 0
L 23.839932 70.08256494 25.3399544 70.08256494 0 P 0
L 23.84882962 74.39081642 23.84882962 74.59081602 0 P 0
L 23.86129594 32.34503818 24.06129554 32.34503818 0 P 0
L 23.93023916 15.76735734 23.93023916 15.96735694 0 P 0
L 23.93249468 45.57464596 24.13249428 45.57464596 0 P 0
L 23.96129574 32.24503838 23.96129574 32.44503798 0 P 0
L 24.00601752 44.4908178 24.20601712 44.4908178 0 P 0
L 24.02775484 59.26379054 24.22775444 59.26379054 0 P 0
L 24.03249448 45.47464616 24.03249448 45.67464576 0 P 0
L 24.10601732 44.390818 24.10601732 44.5908176 0 P 0
L 24.12775464 59.16379074 24.12775464 59.36379034 0 P 0
L 24.17692904 42.82810078 24.37692864 42.82810078 0 P 0
L 24.26779246 60.77851954 24.46779206 60.77851954 0 P 0
L 24.27692884 42.72810098 24.27692884 42.92810058 0 P 0
L 24.28426436 32.84384846 24.48426396 32.84384846 0 P 0
L 24.3105178 14.29688276 24.5105174 14.29688276 0 P 0
L 24.36779226 60.67851974 24.36779226 60.87851934 0 P 0
L 24.37792432 75.57694308 24.57792392 75.57694308 0 P 0
L 24.38426416 32.74384866 24.38426416 32.94384826 0 P 0
L 24.40281886 74.48690716 24.60281846 74.48690716 0 P 0
L 24.4105176 14.19688296 24.4105176 14.39688256 0 P 0
L 24.47483548 33.4694657 24.67483508 33.4694657 0 P 0
L 24.47496502 15.75761136 24.67496462 15.75761136 0 P 0
L 24.47792412 75.47694328 24.47792412 75.67694288 0 P 0
L 24.48892232 34.12331504 24.68892192 34.12331504 0 P 0
L 24.48892232 34.77731424 24.68892192 34.77731424 0 P 0
L 24.48892232 35.43131344 24.68892192 35.43131344 0 P 0
L 24.48892232 36.08531264 24.68892192 36.08531264 0 P 0
L 24.48892232 36.73931184 24.68892192 36.73931184 0 P 0
L 24.48892232 37.39331104 24.68892192 37.39331104 0 P 0
L 24.48892232 38.04731024 24.68892192 38.04731024 0 P 0
L 24.48892232 38.70130944 24.68892192 38.70130944 0 P 0
L 24.48892232 39.35530864 24.68892192 39.35530864 0 P 0
L 24.48892232 40.00930784 24.68892192 40.00930784 0 P 0
L 24.48892232 40.66330704 24.68892192 40.66330704 0 P 0
L 24.48892232 41.31730624 24.68892192 41.31730624 0 P 0
L 24.50281866 74.38690736 24.50281866 74.58690696 0 P 0
L 24.57483528 33.3694659 24.57483528 33.5694655 0 P 0
L 24.57496482 15.65761156 24.57496482 15.85761116 0 P 0
L 24.5861586 45.5956289 24.7861582 45.5956289 0 P 0
L 24.58892212 34.02331524 24.58892212 34.22331484 0 P 0
L 24.58892212 34.67731444 24.58892212 34.87731404 0 P 0
L 24.58892212 35.33131364 24.58892212 35.53131324 0 P 0
L 24.58892212 35.98531284 24.58892212 36.18531244 0 P 0
L 24.58892212 36.63931204 24.58892212 36.83931164 0 P 0
L 24.58892212 37.29331124 24.58892212 37.49331084 0 P 0
L 24.58892212 37.94731044 24.58892212 38.14731004 0 P 0
L 24.58892212 38.60130964 24.58892212 38.80130924 0 P 0
L 24.58892212 39.25530884 24.58892212 39.45530844 0 P 0
L 24.58892212 39.90930804 24.58892212 40.10930764 0 P 0
L 24.58892212 40.56330724 24.58892212 40.76330684 0 P 0
L 24.58892212 41.21730644 24.58892212 41.41730604 0 P 0
L 24.5898162 49.23251266 24.5898162 50.73253506 0 P 0
L 24.5898162 54.33268026 24.5898162 55.83270266 0 P 0
L 24.5899432 4.23238676 24.5899432 5.73240916 0 P 0
L 24.5899432 9.33255436 24.5899432 10.83257676 0 P 0
L 24.5899432 19.2323847 24.5899432 20.7324071 0 P 0
L 24.5899432 24.3325523 24.5899432 25.8325747 0 P 0
L 24.5899432 64.23238614 24.5899432 65.73240854 0 P 0
L 24.5899432 69.33255374 24.5899432 70.83257614 0 P 0
L 24.65981606 44.50695442 24.85981566 44.50695442 0 P 0
L 24.67992524 59.31266014 24.87992484 59.31266014 0 P 0
L 24.6861584 45.4956291 24.6861584 45.6956287 0 P 0
L 24.75981586 44.40695462 24.75981586 44.60695422 0 P 0
L 24.7692037 41.90820168 24.9692033 41.90820168 0 P 0
L 24.77992504 59.21266034 24.77992504 59.41265994 0 P 0
L 24.78317624 43.07341398 24.98317584 43.07341398 0 P 0
L 24.8692035 41.80820188 24.8692035 42.00820148 0 P 0
L 24.88317604 42.97341418 24.88317604 43.17341378 0 P 0
L 24.92163672 60.76425998 25.12163632 60.76425998 0 P 0
L 24.96443826 14.30693608 25.16443786 14.30693608 0 P 0
L 25.02163652 60.66426018 25.02163652 60.86425978 0 P 0
L 25.02732866 75.49956706 25.22732826 75.49956706 0 P 0
L 25.04512136 74.36377558 25.24512096 74.36377558 0 P 0
L 25.06443806 14.20693628 25.06443806 14.40693588 0 P 0
L 25.12732846 75.39956726 25.12732846 75.59956686 0 P 0
L 25.12896422 15.75853592 25.32896382 15.75853592 0 P 0
L 25.14512116 74.26377578 25.14512116 74.46377538 0 P 0
L 25.21675932 45.76899914 25.41675892 45.76899914 0 P 0
L 25.22896402 15.65853612 25.22896402 15.85853572 0 P 0
L 25.30207792 44.63030952 25.50207752 44.63030952 0 P 0
L 25.31675912 45.66899934 25.31675912 45.86899894 0 P 0
L 25.33392444 59.31266014 25.53392404 59.31266014 0 P 0
L 25.40207772 44.53030972 25.40207772 44.73030932 0 P 0
L 25.4227076 41.93359914 25.6227072 41.93359914 0 P 0
L 25.43392424 59.21266034 25.43392424 59.41265994 0 P 0
L 25.43717544 43.07402612 25.63717504 43.07402612 0 P 0
L 25.5227074 41.83359934 25.5227074 42.03359894 0 P 0
L 25.53717524 42.97402632 25.53717524 43.17402592 0 P 0
L 25.57563592 60.76425998 25.77563552 60.76425998 0 P 0
L 25.61296884 74.03932868 25.81296844 74.03932868 0 P 0
L 25.61843746 14.30693608 25.81843706 14.30693608 0 P 0
L 25.6478659 75.29304474 25.8478655 75.29304474 0 P 0
L 25.67563572 60.66426018 25.67563572 60.86425978 0 P 0
L 25.71296864 73.93932888 25.71296864 74.13932848 0 P 0
L 25.71843726 14.20693628 25.71843726 14.40693588 0 P 0
L 25.7360928 34.16558318 25.9360924 34.16558318 0 P 0
L 25.7360928 34.81958238 25.9360924 34.81958238 0 P 0
L 25.7360928 35.47358158 25.9360924 35.47358158 0 P 0
L 25.7360928 36.12758078 25.9360924 36.12758078 0 P 0
L 25.7360928 36.78157998 25.9360924 36.78157998 0 P 0
L 25.7360928 37.43557918 25.9360924 37.43557918 0 P 0
L 25.7360928 38.08957838 25.9360924 38.08957838 0 P 0
L 25.7360928 38.74357758 25.9360924 38.74357758 0 P 0
L 25.7360928 39.39757678 25.9360924 39.39757678 0 P 0
L 25.7360928 40.05157598 25.9360924 40.05157598 0 P 0
L 25.7360928 40.70557518 25.9360924 40.70557518 0 P 0
L 25.7360928 41.35957438 25.9360924 41.35957438 0 P 0
L 25.74462466 33.51163986 25.94462426 33.51163986 0 P 0
L 25.7478657 75.19304494 25.7478657 75.39304454 0 P 0
L 25.757632 46.13665398 25.9576316 46.13665398 0 P 0
L 25.78296342 15.75853592 25.98296302 15.75853592 0 P 0
L 25.8360926 34.06558338 25.8360926 34.26558298 0 P 0
L 25.8360926 34.71958258 25.8360926 34.91958218 0 P 0
L 25.8360926 35.37358178 25.8360926 35.57358138 0 P 0
L 25.8360926 36.02758098 25.8360926 36.22758058 0 P 0
L 25.8360926 36.68158018 25.8360926 36.88157978 0 P 0
L 25.8360926 37.33557938 25.8360926 37.53557898 0 P 0
L 25.8360926 37.98957858 25.8360926 38.18957818 0 P 0
L 25.8360926 38.64357778 25.8360926 38.84357738 0 P 0
L 25.8360926 39.29757698 25.8360926 39.49757658 0 P 0
L 25.8360926 39.95157618 25.8360926 40.15157578 0 P 0
L 25.8360926 40.60557538 25.8360926 40.80557498 0 P 0
L 25.8360926 41.25957458 25.8360926 41.45957418 0 P 0
L 25.84462446 33.41164006 25.84462446 33.61163966 0 P 0
L 25.8576318 46.03665418 25.8576318 46.23665378 0 P 0
L 25.88296322 15.65853612 25.88296322 15.85853572 0 P 0
L 25.89921668 44.89703238 26.09921628 44.89703238 0 P 0
L 25.92281836 32.8823828 26.12281796 32.8823828 0 P 0
L 25.98792364 59.31266014 26.18792324 59.31266014 0 P 0
L 25.99921648 44.79703258 25.99921648 44.99703218 0 P 0
L 26.02281816 32.782383 26.02281816 32.9823826 0 P 0
L 26.0443345 42.83097606 26.2443341 42.83097606 0 P 0
L 26.0507734 73.55348764 26.250773 73.55348764 0 P 0
L 26.08792344 59.21266034 26.08792344 59.41265994 0 P 0
L 26.1427087 46.66526608 26.3427083 46.66526608 0 P 0
L 26.1443343 42.73097626 26.1443343 42.93097586 0 P 0
L 26.1507732 73.45348784 26.1507732 73.65348744 0 P 0
L 26.2121269 74.96240278 26.4121265 74.96240278 0 P 0
L 26.22963512 60.76425998 26.42963472 60.76425998 0 P 0
L 26.2427085 46.56526628 26.2427085 46.76526588 0 P 0
L 26.27243666 14.30693608 26.47243626 14.30693608 0 P 0
L 26.3023477 72.94981346 26.5023473 72.94981346 0 P 0
L 26.3121267 74.86240298 26.3121267 75.06240258 0 P 0
L 26.32963492 60.66426018 26.32963492 60.86425978 0 P 0
L 26.33019626 32.37076076 26.53019586 32.37076076 0 P 0
L 26.34308676 47.28781246 26.54308636 47.28781246 0 P 0
L 26.36114362 67.06646734 26.56114322 67.06646734 0 P 0
L 26.36114362 67.72046654 26.56114322 67.72046654 0 P 0
L 26.36114362 68.37446574 26.56114322 68.37446574 0 P 0
L 26.36114362 69.02846494 26.56114322 69.02846494 0 P 0
L 26.36114362 69.68246414 26.56114322 69.68246414 0 P 0
L 26.36114362 70.33646334 26.56114322 70.33646334 0 P 0
L 26.36114362 70.99046254 26.56114322 70.99046254 0 P 0
L 26.36114362 71.64446174 26.56114322 71.64446174 0 P 0
L 26.36114362 72.29846094 26.56114322 72.29846094 0 P 0
L 26.36704658 66.41249608 26.56704618 66.41249608 0 P 0
L 26.3711436 47.94120968 26.5711432 47.94120968 0 P 0
L 26.3711436 48.59520888 26.5711432 48.59520888 0 P 0
L 26.3711436 49.24920808 26.5711432 49.24920808 0 P 0
L 26.3711436 49.90320728 26.5711432 49.90320728 0 P 0
L 26.3711436 50.55720648 26.5711432 50.55720648 0 P 0
L 26.3711436 51.21120568 26.5711432 51.21120568 0 P 0
L 26.3711436 51.86520488 26.5711432 51.86520488 0 P 0
L 26.3711436 52.51920408 26.5711432 52.51920408 0 P 0
L 26.3711436 53.17320328 26.5711432 53.17320328 0 P 0
L 26.37243646 14.20693628 26.37243646 14.40693588 0 P 0
L 26.4023475 72.84981366 26.4023475 73.04981326 0 P 0
L 26.40751132 53.82619156 26.60751092 53.82619156 0 P 0
L 26.42933246 45.2800339 26.62933206 45.2800339 0 P 0
L 26.43019606 32.27076096 26.43019606 32.47076056 0 P 0
L 26.43696262 15.75853592 26.63696222 15.75853592 0 P 0
L 26.44308656 47.18781266 26.44308656 47.38781226 0 P 0
L 26.44612948 65.76329494 26.64612908 65.76329494 0 P 0
L 26.46114342 66.96646754 26.46114342 67.16646714 0 P 0
L 26.46114342 67.62046674 26.46114342 67.82046634 0 P 0
L 26.46114342 68.27446594 26.46114342 68.47446554 0 P 0
L 26.46114342 68.92846514 26.46114342 69.12846474 0 P 0
L 26.46114342 69.58246434 26.46114342 69.78246394 0 P 0
L 26.46114342 70.23646354 26.46114342 70.43646314 0 P 0
L 26.46114342 70.89046274 26.46114342 71.09046234 0 P 0
L 26.46114342 71.54446194 26.46114342 71.74446154 0 P 0
L 26.46114342 72.19846114 26.46114342 72.39846074 0 P 0
L 26.46704638 66.31249628 26.46704638 66.51249588 0 P 0
L 26.4711434 47.84120988 26.4711434 48.04120948 0 P 0
L 26.4711434 48.49520908 26.4711434 48.69520868 0 P 0
L 26.4711434 49.14920828 26.4711434 49.34920788 0 P 0
L 26.4711434 49.80320748 26.4711434 50.00320708 0 P 0
L 26.4711434 50.45720668 26.4711434 50.65720628 0 P 0
L 26.4711434 51.11120588 26.4711434 51.31120548 0 P 0
L 26.4711434 51.76520508 26.4711434 51.96520468 0 P 0
L 26.4711434 52.41920428 26.4711434 52.61920388 0 P 0
L 26.4711434 53.07320348 26.4711434 53.27320308 0 P 0
L 26.50751112 53.72619176 26.50751112 53.92619136 0 P 0
L 26.51188754 42.37369224 26.71188714 42.37369224 0 P 0
L 26.52933226 45.1800341 26.52933226 45.3800337 0 P 0
L 26.53696242 15.65853612 26.53696242 15.85853572 0 P 0
L 26.54612928 65.66329514 26.54612928 65.86329474 0 P 0
L 26.54668808 54.46520984 26.74668768 54.46520984 0 P 0
L 26.61188734 42.27369244 26.61188734 42.47369204 0 P 0
L 26.62141234 65.13322254 26.82141194 65.13322254 0 P 0
L 26.64192284 59.31266014 26.84192244 59.31266014 0 P 0
L 26.64668788 54.36521004 26.64668788 54.56520964 0 P 0
L 26.6868656 74.51258402 26.8868652 74.51258402 0 P 0
L 26.72141214 65.03322274 26.72141214 65.23322234 0 P 0
L 26.74192264 59.21266034 26.74192264 59.41265994 0 P 0
L 26.77988294 55.07621954 26.97988254 55.07621954 0 P 0
L 26.78149838 41.77785396 26.98149798 41.77785396 0 P 0
L 26.7868654 74.41258422 26.7868654 74.61258382 0 P 0
L 26.81992096 33.93099132 27.01992056 33.93099132 0 P 0
L 26.81992096 34.58499052 27.01992056 34.58499052 0 P 0
L 26.81992096 35.23898972 27.01992056 35.23898972 0 P 0
L 26.81992096 35.89298892 27.01992056 35.89298892 0 P 0
L 26.81992096 36.54698812 27.01992056 36.54698812 0 P 0
L 26.81992096 37.20098732 27.01992056 37.20098732 0 P 0
L 26.81992096 37.85498652 27.01992056 37.85498652 0 P 0
L 26.81992096 38.50898572 27.01992056 38.50898572 0 P 0
L 26.81992096 39.16298492 27.01992056 39.16298492 0 P 0
L 26.81992096 39.81698412 27.01992056 39.81698412 0 P 0
L 26.81992096 40.47098332 27.01992056 40.47098332 0 P 0
L 26.81992096 41.12498252 27.01992056 41.12498252 0 P 0
L 26.86945858 45.76377436 27.06945818 45.76377436 0 P 0
L 26.87988274 54.97621974 26.87988274 55.17621934 0 P 0
L 26.88149818 41.67785416 26.88149818 41.87785376 0 P 0
L 26.88363432 60.76425998 27.08363392 60.76425998 0 P 0
L 26.88892514 64.53643684 27.08892474 64.53643684 0 P 0
L 26.89786594 32.04600398 27.09786554 32.04600398 0 P 0
L 26.91992076 33.83099152 26.91992076 34.03099112 0 P 0
L 26.91992076 34.48499072 26.91992076 34.68499032 0 P 0
L 26.91992076 35.13898992 26.91992076 35.33898952 0 P 0
L 26.91992076 35.79298912 26.91992076 35.99298872 0 P 0
L 26.91992076 36.44698832 26.91992076 36.64698792 0 P 0
L 26.91992076 37.10098752 26.91992076 37.30098712 0 P 0
L 26.91992076 37.75498672 26.91992076 37.95498632 0 P 0
L 26.91992076 38.40898592 26.91992076 38.60898552 0 P 0
L 26.91992076 39.06298512 26.91992076 39.26298472 0 P 0
L 26.91992076 39.71698432 26.91992076 39.91698392 0 P 0
L 26.91992076 40.37098352 26.91992076 40.57098312 0 P 0
L 26.91992076 41.02498272 26.91992076 41.22498232 0 P 0
L 26.92643586 14.30693608 27.12643546 14.30693608 0 P 0
L 26.95613862 33.2913355 27.15613822 33.2913355 0 P 0
L 26.96945838 45.66377456 26.96945838 45.86377416 0 P 0
L 26.98363412 60.66426018 26.98363412 60.86425978 0 P 0
L 26.98892494 64.43643704 26.98892494 64.63643664 0 P 0
L 26.99786574 31.94600418 26.99786574 32.14600378 0 P 0
L 27.02643566 14.20693628 27.02643566 14.40693588 0 P 0
L 27.05613842 33.1913357 27.05613842 33.3913353 0 P 0
L 27.06375334 73.97810198 27.26375294 73.97810198 0 P 0
L 27.09096182 15.75853592 27.29096142 15.75853592 0 P 0
L 27.10188382 55.6454564 27.30188342 55.6454564 0 P 0
L 27.16375314 73.87810218 27.16375314 74.07810178 0 P 0
L 27.19096162 15.65853612 27.19096162 15.85853572 0 P 0
L 27.19193444 46.33274198 27.39193404 46.33274198 0 P 0
L 27.20188362 55.5454566 27.20188362 55.7454562 0 P 0
L 27.24261506 63.98633126 27.44261466 63.98633126 0 P 0
L 27.29193424 46.23274218 27.29193424 46.43274178 0 P 0
L 27.29592204 59.31266014 27.49592164 59.31266014 0 P 0
L 27.31747648 73.37532696 27.51747608 73.37532696 0 P 0
L 27.34261486 63.88633146 27.34261486 64.08633106 0 P 0
L 27.39121776 46.95563888 27.59121736 46.95563888 0 P 0
L 27.39592184 59.21266034 27.39592184 59.41265994 0 P 0
L 27.41747628 73.27532716 27.41747628 73.47532676 0 P 0
L 27.4326096 72.7315411 27.6326092 72.7315411 0 P 0
L 27.44497178 66.84566514 27.64497138 66.84566514 0 P 0
L 27.44497178 67.49966434 27.64497138 67.49966434 0 P 0
L 27.44497178 68.15366354 27.64497138 68.15366354 0 P 0
L 27.44497178 68.80766274 27.64497138 68.80766274 0 P 0
L 27.44497178 69.46166194 27.64497138 69.46166194 0 P 0
L 27.44497178 70.11566114 27.64497138 70.11566114 0 P 0
L 27.44497178 70.76966034 27.64497138 70.76966034 0 P 0
L 27.44497178 71.42365954 27.64497138 71.42365954 0 P 0
L 27.44497178 72.07765874 27.64497138 72.07765874 0 P 0
L 27.45497176 47.60652404 27.65497136 47.60652404 0 P 0
L 27.45497176 48.26052324 27.65497136 48.26052324 0 P 0
L 27.45497176 48.91452244 27.65497136 48.91452244 0 P 0
L 27.45497176 49.56852164 27.65497136 49.56852164 0 P 0
L 27.45497176 50.22252084 27.65497136 50.22252084 0 P 0
L 27.45497176 50.87652004 27.65497136 50.87652004 0 P 0
L 27.45497176 51.53051924 27.65497136 51.53051924 0 P 0
L 27.45497176 52.18451844 27.65497136 52.18451844 0 P 0
L 27.45497176 52.83851764 27.65497136 52.83851764 0 P 0
L 27.4749514 53.49221204 27.674951 53.49221204 0 P 0
L 27.47808576 66.19250414 27.67808536 66.19250414 0 P 0
L 27.49121756 46.85563908 27.49121756 47.05563868 0 P 0
L 27.50545934 56.16008326 27.70545894 56.16008326 0 P 0
L 27.5326094 72.6315413 27.5326094 72.8315409 0 P 0
L 27.53763352 60.76425998 27.73763312 60.76425998 0 P 0
L 27.54497158 66.74566534 27.54497158 66.94566494 0 P 0
L 27.54497158 67.39966454 27.54497158 67.59966414 0 P 0
L 27.54497158 68.05366374 27.54497158 68.25366334 0 P 0
L 27.54497158 68.70766294 27.54497158 68.90766254 0 P 0
L 27.54497158 69.36166214 27.54497158 69.56166174 0 P 0
L 27.54497158 70.01566134 27.54497158 70.21566094 0 P 0
L 27.54497158 70.66966054 27.54497158 70.86966014 0 P 0
L 27.54497158 71.32365974 27.54497158 71.52365934 0 P 0
L 27.54497158 71.97765894 27.54497158 72.17765854 0 P 0
L 27.54607902 31.95921218 27.74607862 31.95921218 0 P 0
L 27.55497156 47.50652424 27.55497156 47.70652384 0 P 0
L 27.55497156 48.16052344 27.55497156 48.36052304 0 P 0
L 27.55497156 48.81452264 27.55497156 49.01452224 0 P 0
L 27.55497156 49.46852184 27.55497156 49.66852144 0 P 0
L 27.55497156 50.12252104 27.55497156 50.32252064 0 P 0
L 27.55497156 50.77652024 27.55497156 50.97651984 0 P 0
L 27.55497156 51.43051944 27.55497156 51.63051904 0 P 0
L 27.55497156 52.08451864 27.55497156 52.28451824 0 P 0
L 27.55497156 52.73851784 27.55497156 52.93851744 0 P 0
L 27.56858596 33.06194302 27.76858556 33.06194302 0 P 0
L 27.5749512 53.39221224 27.5749512 53.59221184 0 P 0
L 27.57808556 66.09250434 27.57808556 66.29250394 0 P 0
L 27.58043506 14.30693608 27.78043466 14.30693608 0 P 0
L 27.58903296 54.13618332 27.78903256 54.13618332 0 P 0
L 27.60545914 56.06008346 27.60545914 56.26008306 0 P 0
L 27.62665036 65.55560168 27.82664996 65.55560168 0 P 0
L 27.63763332 60.66426018 27.63763332 60.86425978 0 P 0
L 27.64607882 31.85921238 27.64607882 32.05921198 0 P 0
L 27.66858576 32.96194322 27.66858576 33.16194282 0 P 0
L 27.67451666 63.49523242 27.87451626 63.49523242 0 P 0
L 27.68043486 14.20693628 27.68043486 14.40693588 0 P 0
L 27.68903276 54.03618352 27.68903276 54.23618312 0 P 0
L 27.72665016 65.45560188 27.72665016 65.65560148 0 P 0
L 27.74496102 15.75853592 27.94496062 15.75853592 0 P 0
L 27.77451646 63.39523262 27.77451646 63.59523222 0 P 0
L 27.82868704 54.74469112 28.02868664 54.74469112 0 P 0
L 27.84496082 15.65853612 27.84496082 15.85853572 0 P 0
L 27.90565158 64.96410172 28.10565118 64.96410172 0 P 0
L 27.92868684 54.64469132 27.92868684 54.84469092 0 P 0
L 27.94992124 59.31266014 28.14992084 59.31266014 0 P 0
L 27.9815417 56.60848216 28.1815413 56.60848216 0 P 0
L 28.00565138 64.86410192 28.00565138 65.06410152 0 P 0
L 28.0427176 33.5124044 28.2427172 33.5124044 0 P 0
L 28.04992104 59.21266034 28.04992104 59.41265994 0 P 0
L 28.0662761 41.35994014 28.2662757 41.35994014 0 P 0
L 28.06709144 34.16595148 28.26709104 34.16595148 0 P 0
L 28.06709144 34.81995068 28.26709104 34.81995068 0 P 0
L 28.06709144 35.47394988 28.26709104 35.47394988 0 P 0
L 28.06709144 36.12794908 28.26709104 36.12794908 0 P 0
L 28.06709144 36.78194828 28.26709104 36.78194828 0 P 0
L 28.06709144 37.43594748 28.26709104 37.43594748 0 P 0
L 28.06709144 38.08994668 28.26709104 38.08994668 0 P 0
L 28.06709144 38.74394588 28.26709104 38.74394588 0 P 0
L 28.06709144 39.39794508 28.26709104 39.39794508 0 P 0
L 28.06709144 40.05194428 28.26709104 40.05194428 0 P 0
L 28.06709144 40.70594348 28.26709104 40.70594348 0 P 0
L 28.0815415 56.50848236 28.0815415 56.70848196 0 P 0
L 28.1427174 33.4124046 28.1427174 33.6124042 0 P 0
L 28.1662759 41.25994034 28.1662759 41.45993994 0 P 0
L 28.16709124 34.06595168 28.16709124 34.26595128 0 P 0
L 28.16709124 34.71995088 28.16709124 34.91995048 0 P 0
L 28.16709124 35.37395008 28.16709124 35.57394968 0 P 0
L 28.16709124 36.02794928 28.16709124 36.22794888 0 P 0
L 28.16709124 36.68194848 28.16709124 36.88194808 0 P 0
L 28.16709124 37.33594768 28.16709124 37.53594728 0 P 0
L 28.16709124 37.98994688 28.16709124 38.18994648 0 P 0
L 28.16709124 38.64394608 28.16709124 38.84394568 0 P 0
L 28.16709124 39.29794528 28.16709124 39.49794488 0 P 0
L 28.16709124 39.95194448 28.16709124 40.15194408 0 P 0
L 28.16709124 40.60594368 28.16709124 40.80594328 0 P 0
L 28.17489666 63.07412074 28.37489626 63.07412074 0 P 0
L 28.17882858 32.1245738 28.37882818 32.1245738 0 P 0
L 28.18080724 42.00383268 28.38080684 42.00383268 0 P 0
L 28.19163272 60.76425998 28.39163232 60.76425998 0 P 0
L 28.19388062 55.28723004 28.39388022 55.28723004 0 P 0
L 28.232735 14.35407086 28.4327346 14.35407086 0 P 0
L 28.27489646 62.97412094 28.27489646 63.17412054 0 P 0
L 28.27882838 32.024574 28.27882838 32.2245736 0 P 0
L 28.28080704 41.90383288 28.28080704 42.10383248 0 P 0
L 28.29163252 60.66426018 28.29163252 60.86425978 0 P 0
L 28.29207448 64.4364726 28.49207408 64.4364726 0 P 0
L 28.29388042 55.18723024 28.29388042 55.38722984 0 P 0
L 28.3327348 14.25407106 28.3327348 14.45407066 0 P 0
L 28.33717472 16.03601568 28.53717432 16.03601568 0 P 0
L 28.39207428 64.3364728 28.39207428 64.5364724 0 P 0
L 28.43717452 15.93601588 28.43717452 16.13601548 0 P 0
L 28.4411547 16.68169638 28.6411543 16.68169638 0 P 0
L 28.4411547 17.33569558 28.6411543 17.33569558 0 P 0
L 28.4411547 17.98969478 28.6411543 17.98969478 0 P 0
L 28.4411547 18.64369398 28.6411543 18.64369398 0 P 0
L 28.51940448 56.98052866 28.71940408 56.98052866 0 P 0
L 28.52026046 42.56283842 28.72026006 42.56283842 0 P 0
L 28.53080908 19.29151844 28.73080868 19.29151844 0 P 0
L 28.5411545 16.58169658 28.5411545 16.78169618 0 P 0
L 28.5411545 17.23569578 28.5411545 17.43569538 0 P 0
L 28.5411545 17.88969498 28.5411545 18.08969458 0 P 0
L 28.5411545 18.54369418 28.5411545 18.74369378 0 P 0
L 28.60392044 59.31266014 28.80392004 59.31266014 0 P 0
L 28.61940428 56.88052886 28.61940428 57.08052846 0 P 0
L 28.62026026 42.46283862 28.62026026 42.66283822 0 P 0
L 28.63080888 19.19151864 28.63080888 19.39151824 0 P 0
L 28.6556704 55.75033554 28.85567 55.75033554 0 P 0
L 28.70392024 59.21266034 28.70392024 59.41265994 0 P 0
L 28.7064577 32.51099416 28.9064573 32.51099416 0 P 0
L 28.73556356 62.73742342 28.93556316 62.73742342 0 P 0
L 28.7556702 55.65033574 28.7556702 55.85033534 0 P 0
L 28.77180174 63.99197514 28.97180134 63.99197514 0 P 0
L 28.8051113 19.88521296 29.0051109 19.88521296 0 P 0
L 28.8064575 32.41099436 28.8064575 32.61099396 0 P 0
L 28.83556336 62.63742362 28.83556336 62.83742322 0 P 0
L 28.8442146 14.58603382 29.0442142 14.58603382 0 P 0
L 28.84563192 60.76425998 29.04563152 60.76425998 0 P 0
L 28.87180154 63.89197534 28.87180154 64.09197494 0 P 0
L 28.9051111 19.78521316 28.9051111 19.98521276 0 P 0
L 28.9442144 14.48603402 28.9442144 14.68603362 0 P 0
L 28.94563172 60.66426018 28.94563172 60.86425978 0 P 0
L 29.04270544 33.07193284 29.24270504 33.07193284 0 P 0
L 29.05220504 42.94329994 29.25220464 42.94329994 0 P 0
L 29.1069268 57.26781282 29.3069264 57.26781282 0 P 0
L 29.14270524 32.97193304 29.14270524 33.17193264 0 P 0
L 29.1509196 33.71691758 29.3509192 33.71691758 0 P 0
L 29.1509196 34.37091678 29.3509192 34.37091678 0 P 0
L 29.1509196 35.02491598 29.3509192 35.02491598 0 P 0
L 29.1509196 35.67891518 29.3509192 35.67891518 0 P 0
L 29.1509196 36.33291438 29.3509192 36.33291438 0 P 0
L 29.1509196 36.98691358 29.3509192 36.98691358 0 P 0
L 29.1509196 37.64091278 29.3509192 37.64091278 0 P 0
L 29.1509196 38.29491198 29.3509192 38.29491198 0 P 0
L 29.1509196 38.94891118 29.3509192 38.94891118 0 P 0
L 29.1509196 39.60291038 29.3509192 39.60291038 0 P 0
L 29.1509196 40.25690958 29.3509192 40.25690958 0 P 0
L 29.1509196 40.91090878 29.3509192 40.91090878 0 P 0
L 29.15220484 42.84330014 29.15220484 43.04329974 0 P 0
L 29.17894342 41.56430854 29.37894302 41.56430854 0 P 0
L 29.19716792 56.11706836 29.39716752 56.11706836 0 P 0
L 29.2069266 57.16781302 29.2069266 57.36781262 0 P 0
L 29.2509194 33.61691778 29.2509194 33.81691738 0 P 0
L 29.2509194 34.27091698 29.2509194 34.47091658 0 P 0
L 29.2509194 34.92491618 29.2509194 35.12491578 0 P 0
L 29.2509194 35.57891538 29.2509194 35.77891498 0 P 0
L 29.2509194 36.23291458 29.2509194 36.43291418 0 P 0
L 29.2509194 36.88691378 29.2509194 37.08691338 0 P 0
L 29.2509194 37.54091298 29.2509194 37.74091258 0 P 0
L 29.2509194 38.19491218 29.2509194 38.39491178 0 P 0
L 29.2509194 38.84891138 29.2509194 39.04891098 0 P 0
L 29.2509194 39.50291058 29.2509194 39.70291018 0 P 0
L 29.2509194 40.15690978 29.2509194 40.35690938 0 P 0
L 29.2509194 40.81090898 29.2509194 41.01090858 0 P 0
L 29.25727702 20.357719 29.45727662 20.357719 0 P 0
L 29.25791964 59.31266014 29.45791924 59.31266014 0 P 0
L 29.27894322 41.46430874 29.27894322 41.66430834 0 P 0
L 29.29716772 56.01706856 29.29716772 56.21706816 0 P 0
L 29.33665202 63.66234156 29.53665162 63.66234156 0 P 0
L 29.33754864 62.4818283 29.53754824 62.4818283 0 P 0
L 29.3547038 14.99482904 29.5547034 14.99482904 0 P 0
L 29.35727682 20.2577192 29.35727682 20.4577188 0 P 0
L 29.35791944 59.21266034 29.35791944 59.41265994 0 P 0
L 29.43665182 63.56234176 29.43665182 63.76234136 0 P 0
L 29.43754844 62.3818285 29.43754844 62.5818281 0 P 0
L 29.4547036 14.89482924 29.4547036 15.09482884 0 P 0
L 29.49963112 60.76425998 29.69963072 60.76425998 0 P 0
L 29.59963092 60.66426018 29.59963092 60.86425978 0 P 0
L 29.66442632 42.00250934 29.86442592 42.00250934 0 P 0
L 29.68587154 43.10510048 29.88587114 43.10510048 0 P 0
L 29.71324258 15.5417901 29.91324218 15.5417901 0 P 0
L 29.73085494 57.46384748 29.93085454 57.46384748 0 P 0
L 29.76442612 41.90250954 29.76442612 42.10250914 0 P 0
L 29.78587134 43.00510068 29.78587134 43.20510028 0 P 0
L 29.80431682 56.36014636 30.00431642 56.36014636 0 P 0
L 29.81324238 15.4417903 29.81324238 15.6417899 0 P 0
L 29.83085474 57.36384768 29.83085474 57.56384728 0 P 0
L 29.83281816 20.66831274 30.03281776 20.66831274 0 P 0
L 29.87355468 16.17583506 30.07355428 16.17583506 0 P 0
L 29.89275454 16.82955232 30.09275414 16.82955232 0 P 0
L 29.89275454 17.48355152 30.09275414 17.48355152 0 P 0
L 29.89275454 18.13755072 30.09275414 18.13755072 0 P 0
L 29.89986908 18.79151182 30.09986868 18.79151182 0 P 0
L 29.90431662 56.26014656 29.90431662 56.46014616 0 P 0
L 29.91191884 59.31266014 30.11191844 59.31266014 0 P 0
L 29.93281796 20.56831294 29.93281796 20.76831254 0 P 0
L 29.95523346 63.4500382 30.15523306 63.4500382 0 P 0
L 29.97236322 62.32458452 30.17236282 62.32458452 0 P 0
L 29.97355448 16.07583526 29.97355448 16.27583486 0 P 0
L 29.99275434 16.72955252 29.99275434 16.92955212 0 P 0
L 29.99275434 17.38355172 29.99275434 17.58355132 0 P 0
L 29.99275434 18.03755092 29.99275434 18.23755052 0 P 0
L 29.99986888 18.69151202 29.99986888 18.89151162 0 P 0
L 30.01191864 59.21266034 30.01191864 59.41265994 0 P 0
L 30.05523326 63.3500384 30.05523326 63.550038 0 P 0
L 30.07236302 62.22458472 30.07236302 62.42458432 0 P 0
L 30.15363032 60.76425998 30.35362992 60.76425998 0 P 0
L 30.25363012 60.66426018 30.25363012 60.86425978 0 P 0
L 30.2713263 41.7588192 30.4713259 41.7588192 0 P 0
L 30.30791246 19.30260554 30.50791206 19.30260554 0 P 0
L 30.33308386 43.0111154 30.53308346 43.0111154 0 P 0
L 30.3713261 41.6588194 30.3713261 41.858819 0 P 0
L 30.37710968 57.56419272 30.57710928 57.56419272 0 P 0
L 30.39809008 33.92322908 30.59808968 33.92322908 0 P 0
L 30.39809008 34.57722828 30.59808968 34.57722828 0 P 0
L 30.39809008 35.23122748 30.59808968 35.23122748 0 P 0
L 30.39809008 35.88522668 30.59808968 35.88522668 0 P 0
L 30.39809008 36.53922588 30.59808968 36.53922588 0 P 0
L 30.39809008 37.19322508 30.59808968 37.19322508 0 P 0
L 30.39809008 37.84722428 30.59808968 37.84722428 0 P 0
L 30.39809008 38.50122348 30.59808968 38.50122348 0 P 0
L 30.39809008 39.15522268 30.59808968 39.15522268 0 P 0
L 30.39809008 39.80922188 30.59808968 39.80922188 0 P 0
L 30.39809008 40.46322108 30.59808968 40.46322108 0 P 0
L 30.39809008 41.11722028 30.59808968 41.11722028 0 P 0
L 30.40791226 19.20260574 30.40791226 19.40260534 0 P 0
L 30.43308366 42.9111156 30.43308366 43.1111152 0 P 0
L 30.43837194 33.27047194 30.63837154 33.27047194 0 P 0
L 30.44796298 56.47604402 30.64796258 56.47604402 0 P 0
L 30.47595632 20.7870044 30.67595592 20.7870044 0 P 0
L 30.47710948 57.46419292 30.47710948 57.66419252 0 P 0
L 30.49808988 33.82322928 30.49808988 34.02322888 0 P 0
L 30.49808988 34.47722848 30.49808988 34.67722808 0 P 0
L 30.49808988 35.13122768 30.49808988 35.33122728 0 P 0
L 30.49808988 35.78522688 30.49808988 35.98522648 0 P 0
L 30.49808988 36.43922608 30.49808988 36.63922568 0 P 0
L 30.49808988 37.09322528 30.49808988 37.29322488 0 P 0
L 30.49808988 37.74722448 30.49808988 37.94722408 0 P 0
L 30.49808988 38.40122368 30.49808988 38.60122328 0 P 0
L 30.49808988 39.05522288 30.49808988 39.25522248 0 P 0
L 30.49808988 39.70922208 30.49808988 39.90922168 0 P 0
L 30.49808988 40.36322128 30.49808988 40.56322088 0 P 0
L 30.49808988 41.01722048 30.49808988 41.21722008 0 P 0
L 30.53837174 33.17047214 30.53837174 33.37047174 0 P 0
L 30.54796278 56.37604422 30.54796278 56.57604382 0 P 0
L 30.56591804 59.31266014 30.76591764 59.31266014 0 P 0
L 30.57595612 20.6870046 30.57595612 20.8870042 0 P 0
L 30.60290552 63.359284 30.80290512 63.359284 0 P 0
L 30.62354556 62.2639344 30.82354516 62.2639344 0 P 0
L 30.66591784 59.21266034 30.66591784 59.41265994 0 P 0
L 30.70290532 63.2592842 30.70290532 63.4592838 0 P 0
L 30.71463758 32.67768928 30.91463718 32.67768928 0 P 0
L 30.72354536 62.1639346 30.72354536 62.3639342 0 P 0
L 30.80762952 60.76425998 31.00762912 60.76425998 0 P 0
L 30.81463738 32.57768948 30.81463738 32.77768908 0 P 0
L 30.89892728 42.68319124 31.09892688 42.68319124 0 P 0
L 30.90762932 60.66426018 30.90762932 60.86425978 0 P 0
L 30.94634654 19.1607694 31.14634614 19.1607694 0 P 0
L 30.99892708 42.58319144 30.99892708 42.78319104 0 P 0
L 31.03089806 57.58077892 31.23089766 57.58077892 0 P 0
L 31.04634634 19.0607696 31.04634634 19.2607692 0 P 0
L 31.10162944 56.49695076 31.30162904 56.49695076 0 P 0
L 31.12240664 20.6879317 31.32240624 20.6879317 0 P 0
L 31.12714882 11.9922671 31.32714842 11.9922671 0 P 0
L 31.12714882 12.6462663 31.32714842 12.6462663 0 P 0
L 31.12714882 13.3002655 31.32714842 13.3002655 0 P 0
L 31.12714882 13.9542647 31.32714842 13.9542647 0 P 0
L 31.12714882 14.6082639 31.32714842 14.6082639 0 P 0
L 31.12714882 15.2622631 31.32714842 15.2622631 0 P 0
L 31.12714882 15.9162623 31.32714842 15.9162623 0 P 0
L 31.12714882 16.5702615 31.32714842 16.5702615 0 P 0
L 31.12714882 17.2242607 31.32714842 17.2242607 0 P 0
L 31.12714882 17.8782599 31.32714842 17.8782599 0 P 0
L 31.12714882 18.5322591 31.32714842 18.5322591 0 P 0
L 31.1282334 11.3382679 31.328233 11.3382679 0 P 0
L 31.13089786 57.48077912 31.13089786 57.68077872 0 P 0
L 31.18473062 32.22301658 31.38473022 32.22301658 0 P 0
L 31.20162924 56.39695096 31.20162924 56.59695056 0 P 0
L 31.21991724 59.31266014 31.41991684 59.31266014 0 P 0
L 31.22240644 20.5879319 31.22240644 20.7879315 0 P 0
L 31.22714862 11.8922673 31.22714862 12.0922669 0 P 0
L 31.22714862 12.5462665 31.22714862 12.7462661 0 P 0
L 31.22714862 13.2002657 31.22714862 13.4002653 0 P 0
L 31.22714862 13.8542649 31.22714862 14.0542645 0 P 0
L 31.22714862 14.5082641 31.22714862 14.7082637 0 P 0
L 31.22714862 15.1622633 31.22714862 15.3622629 0 P 0
L 31.22714862 15.8162625 31.22714862 16.0162621 0 P 0
L 31.22714862 16.4702617 31.22714862 16.6702613 0 P 0
L 31.22714862 17.1242609 31.22714862 17.3242605 0 P 0
L 31.22714862 17.7782601 31.22714862 17.9782597 0 P 0
L 31.22714862 18.4322593 31.22714862 18.6322589 0 P 0
L 31.2282332 11.2382681 31.2282332 11.4382677 0 P 0
L 31.2410348 10.69407056 31.4410344 10.69407056 0 P 0
L 31.25685138 63.3510798 31.45685098 63.3510798 0 P 0
L 31.2775346 62.26725164 31.4775342 62.26725164 0 P 0
L 31.28473042 32.12301678 31.28473042 32.32301638 0 P 0
L 31.30058764 42.16706578 31.50058724 42.16706578 0 P 0
L 31.31991704 59.21266034 31.31991704 59.41265994 0 P 0
L 31.3410346 10.59407076 31.3410346 10.79407036 0 P 0
L 31.35685118 63.25108 31.35685118 63.4510796 0 P 0
L 31.3775344 62.16725184 31.3775344 62.36725144 0 P 0
L 31.40058744 42.06706598 31.40058744 42.26706558 0 P 0
L 31.46162872 60.76425998 31.66162832 60.76425998 0 P 0
L 31.47523042 41.53681558 31.67523002 41.53681558 0 P 0
L 31.48191824 34.34285994 31.68191784 34.34285994 0 P 0
L 31.48191824 34.99685914 31.68191784 34.99685914 0 P 0
L 31.48191824 35.65085834 31.68191784 35.65085834 0 P 0
L 31.48191824 36.30485754 31.68191784 36.30485754 0 P 0
L 31.48191824 36.95885674 31.68191784 36.95885674 0 P 0
L 31.48191824 37.61285594 31.68191784 37.61285594 0 P 0
L 31.48191824 38.26685514 31.68191784 38.26685514 0 P 0
L 31.48191824 38.92085434 31.68191784 38.92085434 0 P 0
L 31.48191824 39.57485354 31.68191784 39.57485354 0 P 0
L 31.48191824 40.22885274 31.68191784 40.22885274 0 P 0
L 31.48191824 40.88285194 31.68191784 40.88285194 0 P 0
L 31.4830587 33.68886074 31.6830583 33.68886074 0 P 0
L 31.54171746 10.11329194 31.74171706 10.11329194 0 P 0
L 31.56162852 60.66426018 31.56162852 60.86425978 0 P 0
L 31.57523022 41.43681578 31.57523022 41.63681538 0 P 0
L 31.58191804 34.24286014 31.58191804 34.44285974 0 P 0
L 31.58191804 34.89685934 31.58191804 35.09685894 0 P 0
L 31.58191804 35.55085854 31.58191804 35.75085814 0 P 0
L 31.58191804 36.20485774 31.58191804 36.40485734 0 P 0
L 31.58191804 36.85885694 31.58191804 37.05885654 0 P 0
L 31.58191804 37.51285614 31.58191804 37.71285574 0 P 0
L 31.58191804 38.16685534 31.58191804 38.36685494 0 P 0
L 31.58191804 38.82085454 31.58191804 39.02085414 0 P 0
L 31.58191804 39.47485374 31.58191804 39.67485334 0 P 0
L 31.58191804 40.12885294 31.58191804 40.32885254 0 P 0
L 31.58191804 40.78285214 31.58191804 40.98285174 0 P 0
L 31.5830585 33.58886094 31.5830585 33.78886054 0 P 0
L 31.64171726 10.01329214 31.64171726 10.21329174 0 P 0
L 31.68489726 57.58077892 31.88489686 57.58077892 0 P 0
L 31.71004072 20.4008736 31.91004032 20.4008736 0 P 0
L 31.75562864 56.49695076 31.95562824 56.49695076 0 P 0
L 31.78489706 57.48077912 31.78489706 57.68077872 0 P 0
L 31.79452366 31.98664926 31.99452326 31.98664926 0 P 0
L 31.81004052 20.3008738 31.81004052 20.5008734 0 P 0
L 31.81014466 33.12252964 32.01014426 33.12252964 0 P 0
L 31.85562844 56.39695096 31.85562844 56.59695056 0 P 0
L 31.87391644 59.31266014 32.07391604 59.31266014 0 P 0
L 31.89452346 31.88664946 31.89452346 32.08664906 0 P 0
L 31.91014446 33.02252984 31.91014446 33.22252944 0 P 0
L 31.91085058 63.3510798 32.11085018 63.3510798 0 P 0
L 31.9315338 62.26725164 32.1315334 62.26725164 0 P 0
L 31.97391624 59.21266034 31.97391624 59.41265994 0 P 0
L 32.00795478 9.654667 32.20795438 9.654667 0 P 0
L 32.01085038 63.25108 32.01085038 63.4510796 0 P 0
L 32.0315336 62.16725184 32.0315336 62.36725144 0 P 0
L 32.10795458 9.5546672 32.10795458 9.7546668 0 P 0
L 32.11562792 60.76425998 32.31562752 60.76425998 0 P 0
L 32.17411904 19.94006426 32.37411864 19.94006426 0 P 0
L 32.21562772 60.66426018 32.21562772 60.86425978 0 P 0
L 32.27411884 19.84006446 32.27411884 20.04006406 0 P 0
L 32.33889646 57.58077892 32.53889606 57.58077892 0 P 0
L 32.40962784 56.49695076 32.60962744 56.49695076 0 P 0
L 32.43889626 57.48077912 32.43889626 57.68077872 0 P 0
L 32.44850762 31.99086566 32.64850722 31.99086566 0 P 0
L 32.4627621 33.16498828 32.6627617 33.16498828 0 P 0
L 32.4693788 19.35650688 32.6693784 19.35650688 0 P 0
L 32.50962764 56.39695096 32.50962764 56.59695056 0 P 0
L 32.52791564 59.31266014 32.72791524 59.31266014 0 P 0
L 32.54850742 31.89086586 32.54850742 32.09086546 0 P 0
L 32.5627619 33.06498848 32.5627619 33.26498808 0 P 0
L 32.56484978 63.3510798 32.76484938 63.3510798 0 P 0
L 32.5693786 19.25650708 32.5693786 19.45650668 0 P 0
L 32.57874866 11.51772652 32.77874826 11.51772652 0 P 0
L 32.57874866 12.17172572 32.77874826 12.17172572 0 P 0
L 32.57874866 12.82572492 32.77874826 12.82572492 0 P 0
L 32.57874866 13.47972412 32.77874826 13.47972412 0 P 0
L 32.57874866 14.13372332 32.77874826 14.13372332 0 P 0
L 32.57874866 14.78772252 32.77874826 14.78772252 0 P 0
L 32.57874866 15.44172172 32.77874826 15.44172172 0 P 0
L 32.57874866 16.09572092 32.77874826 16.09572092 0 P 0
L 32.57874866 16.74972012 32.77874826 16.74972012 0 P 0
L 32.57874866 17.40371932 32.77874826 17.40371932 0 P 0
L 32.57874866 18.05771852 32.77874826 18.05771852 0 P 0
L 32.57874866 18.71171772 32.77874826 18.71171772 0 P 0
L 32.585533 62.26725164 32.7855326 62.26725164 0 P 0
L 32.59822284 9.37306736 32.79822244 9.37306736 0 P 0
L 32.62791544 59.21266034 32.62791544 59.41265994 0 P 0
L 32.66484958 63.25108 32.66484958 63.4510796 0 P 0
L 32.67874846 11.41772672 32.67874846 11.61772632 0 P 0
L 32.67874846 12.07172592 32.67874846 12.27172552 0 P 0
L 32.67874846 12.72572512 32.67874846 12.92572472 0 P 0
L 32.67874846 13.37972432 32.67874846 13.57972392 0 P 0
L 32.67874846 14.03372352 32.67874846 14.23372312 0 P 0
L 32.67874846 14.68772272 32.67874846 14.88772232 0 P 0
L 32.67874846 15.34172192 32.67874846 15.54172152 0 P 0
L 32.67874846 15.99572112 32.67874846 16.19572072 0 P 0
L 32.67874846 16.64972032 32.67874846 16.84971992 0 P 0
L 32.67874846 17.30371952 32.67874846 17.50371912 0 P 0
L 32.67874846 17.95771872 32.67874846 18.15771832 0 P 0
L 32.67874846 18.61171792 32.67874846 18.81171752 0 P 0
L 32.6855328 62.16725184 32.6855328 62.36725144 0 P 0
L 32.69822264 9.27306756 32.69822264 9.47306716 0 P 0
L 32.72324926 36.3782737 32.92324886 36.3782737 0 P 0
L 32.72908872 33.7623023 32.92908832 33.7623023 0 P 0
L 32.72908872 34.4163015 32.92908832 34.4163015 0 P 0
L 32.72908872 35.0703007 32.92908832 35.0703007 0 P 0
L 32.72908872 35.7242999 32.92908832 35.7242999 0 P 0
L 32.76962712 60.76425998 32.96962672 60.76425998 0 P 0
L 32.7740518 10.89356978 32.9740514 10.89356978 0 P 0
L 32.82324906 36.2782739 32.82324906 36.4782735 0 P 0
L 32.82908852 33.6623025 32.82908852 33.8623021 0 P 0
L 32.82908852 34.3163017 32.82908852 34.5163013 0 P 0
L 32.82908852 34.9703009 32.82908852 35.1703005 0 P 0
L 32.82908852 35.6243001 32.82908852 35.8242997 0 P 0
L 32.86169704 37.017452 33.06169664 37.017452 0 P 0
L 32.86962692 60.66426018 32.86962692 60.86425978 0 P 0
L 32.8740516 10.79356998 32.8740516 10.99356958 0 P 0
L 32.96169684 36.9174522 32.96169684 37.1174518 0 P 0
L 32.99289566 57.58077892 33.19289526 57.58077892 0 P 0
L 33.05203956 32.24278794 33.25203916 32.24278794 0 P 0
L 33.06362704 56.49695076 33.26362664 56.49695076 0 P 0
L 33.09289546 57.48077912 33.09289546 57.68077872 0 P 0
L 33.15203936 32.14278814 33.15203936 32.34278774 0 P 0
L 33.16362684 56.39695096 33.16362684 56.59695056 0 P 0
L 33.18191484 59.31266014 33.38191444 59.31266014 0 P 0
L 33.21813778 37.56577958 33.41813738 37.56577958 0 P 0
L 33.21884898 63.3510798 33.41884858 63.3510798 0 P 0
L 33.2395322 62.26725164 33.4395318 62.26725164 0 P 0
L 33.24547072 9.27932866 33.44547032 9.27932866 0 P 0
L 33.28191464 59.21266034 33.28191464 59.41265994 0 P 0
L 33.31813758 37.46577978 33.31813758 37.66577938 0 P 0
L 33.31884878 63.25108 33.31884878 63.4510796 0 P 0
L 33.339532 62.16725184 33.339532 62.36725144 0 P 0
L 33.34547052 9.17932886 33.34547052 9.37932846 0 P 0
L 33.41636192 10.77047884 33.61636152 10.77047884 0 P 0
L 33.42362632 60.76425998 33.62362592 60.76425998 0 P 0
L 33.51619154 32.70352362 33.71619114 32.70352362 0 P 0
L 33.51636172 10.67047904 33.51636172 10.87047864 0 P 0
L 33.52362612 60.66426018 33.52362612 60.86425978 0 P 0
L 33.61619134 32.60352382 33.61619134 32.80352342 0 P 0
L 33.64689486 57.58077892 33.84689446 57.58077892 0 P 0
L 33.71762624 56.49695076 33.91762584 56.49695076 0 P 0
L 33.74689466 57.48077912 33.74689466 57.68077872 0 P 0
L 33.76089768 37.93064804 33.96089728 37.93064804 0 P 0
L 33.77695302 33.30329128 33.97695262 33.30329128 0 P 0
L 33.80863444 11.29377218 34.00863404 11.29377218 0 P 0
L 33.81291688 33.95629988 34.01291648 33.95629988 0 P 0
L 33.81291688 34.61029908 34.01291648 34.61029908 0 P 0
L 33.81291688 35.26429828 34.01291648 35.26429828 0 P 0
L 33.81291688 35.91829748 34.01291648 35.91829748 0 P 0
L 33.81314294 11.94775614 34.01314254 11.94775614 0 P 0
L 33.81314294 12.60175534 34.01314254 12.60175534 0 P 0
L 33.81314294 13.25575454 34.01314254 13.25575454 0 P 0
L 33.81314294 13.90975374 34.01314254 13.90975374 0 P 0
L 33.81314294 14.56375294 34.01314254 14.56375294 0 P 0
L 33.81314294 15.21775214 34.01314254 15.21775214 0 P 0
L 33.81314294 15.87175134 34.01314254 15.87175134 0 P 0
L 33.81314294 16.52575054 34.01314254 16.52575054 0 P 0
L 33.81314294 17.17974974 34.01314254 17.17974974 0 P 0
L 33.81314294 17.83374894 34.01314254 17.83374894 0 P 0
L 33.81314294 18.48774814 34.01314254 18.48774814 0 P 0
L 33.81762604 56.39695096 33.81762604 56.59695056 0 P 0
L 33.83591404 59.31266014 34.03591364 59.31266014 0 P 0
L 33.85688936 36.57081586 34.05688896 36.57081586 0 P 0
L 33.86089748 37.83064824 33.86089748 38.03064784 0 P 0
L 33.8612099 19.1399795 34.0612095 19.1399795 0 P 0
L 33.87284818 63.3510798 34.07284778 63.3510798 0 P 0
L 33.87695282 33.20329148 33.87695282 33.40329108 0 P 0
L 33.88792562 9.40166268 34.08792522 9.40166268 0 P 0
L 33.8935314 62.26725164 34.093531 62.26725164 0 P 0
L 33.90863424 11.19377238 33.90863424 11.39377198 0 P 0
L 33.91291668 33.85630008 33.91291668 34.05629968 0 P 0
L 33.91291668 34.51029928 33.91291668 34.71029888 0 P 0
L 33.91291668 35.16429848 33.91291668 35.36429808 0 P 0
L 33.91291668 35.81829768 33.91291668 36.01829728 0 P 0
L 33.91314274 11.84775634 33.91314274 12.04775594 0 P 0
L 33.91314274 12.50175554 33.91314274 12.70175514 0 P 0
L 33.91314274 13.15575474 33.91314274 13.35575434 0 P 0
L 33.91314274 13.80975394 33.91314274 14.00975354 0 P 0
L 33.91314274 14.46375314 33.91314274 14.66375274 0 P 0
L 33.91314274 15.11775234 33.91314274 15.31775194 0 P 0
L 33.91314274 15.77175154 33.91314274 15.97175114 0 P 0
L 33.91314274 16.42575074 33.91314274 16.62575034 0 P 0
L 33.91314274 17.07974994 33.91314274 17.27974954 0 P 0
L 33.91314274 17.73374914 33.91314274 17.93374874 0 P 0
L 33.91314274 18.38774834 33.91314274 18.58774794 0 P 0
L 33.93591384 59.21266034 33.93591384 59.41265994 0 P 0
L 33.95688916 36.47081606 33.95688916 36.67081566 0 P 0
L 33.9612097 19.0399797 33.9612097 19.2399793 0 P 0
L 33.97284798 63.25108 33.97284798 63.4510796 0 P 0
L 33.98792542 9.30166288 33.98792542 9.50166248 0 P 0
L 33.9935312 62.16725184 33.9935312 62.36725144 0 P 0
L 34.07762552 60.76425998 34.27762512 60.76425998 0 P 0
L 34.09659932 19.75014846 34.29659892 19.75014846 0 P 0
L 34.17762532 60.66426018 34.17762532 60.86425978 0 P 0
L 34.19659912 19.65014866 34.19659912 19.85014826 0 P 0
L 34.3700481 36.97625828 34.5700477 36.97625828 0 P 0
L 34.39820146 38.0774702 34.59820106 38.0774702 0 P 0
L 34.46057116 9.71756248 34.66057076 9.71756248 0 P 0
L 34.4700479 36.87625848 34.4700479 37.07625808 0 P 0
L 34.49820126 37.9774704 34.49820126 38.17747 0 P 0
L 34.5082114 20.25837198 34.708211 20.25837198 0 P 0
L 34.56057096 9.61756268 34.56057096 9.81756228 0 P 0
L 34.6082112 20.15837218 34.6082112 20.35837178 0 P 0
L 34.72417744 54.4638992 34.92417704 54.4638992 0 P 0
L 34.82417724 54.3638994 34.82417724 54.563899 0 P 0
L 34.90828172 10.19429 35.10828132 10.19429 0 P 0
L 35.00828152 10.0942902 35.00828152 10.2942898 0 P 0
L 35.02391522 36.98932658 35.22391482 36.98932658 0 P 0
L 35.05218796 38.07315474 35.25218756 38.07315474 0 P 0
L 35.0561656 20.61538676 35.2561652 20.61538676 0 P 0
L 35.12391502 36.88932678 35.12391502 37.08932638 0 P 0
L 35.12417664 56.49695076 35.32417624 56.49695076 0 P 0
L 35.12417664 57.58077892 35.32417624 57.58077892 0 P 0
L 35.14391244 59.31266014 35.34391204 59.31266014 0 P 0
L 35.15218776 37.97315494 35.15218776 38.17315454 0 P 0
L 35.1561654 20.51538696 35.1561654 20.71538656 0 P 0
L 35.17973914 10.78929008 35.37973874 10.78929008 0 P 0
L 35.18084658 63.3510798 35.38084618 63.3510798 0 P 0
L 35.2015298 62.26725164 35.4015294 62.26725164 0 P 0
L 35.22417644 56.39695096 35.22417644 56.59695056 0 P 0
L 35.22417644 57.48077912 35.22417644 57.68077872 0 P 0
L 35.22716602 60.8067618 35.42716562 60.8067618 0 P 0
L 35.24391224 59.21266034 35.24391224 59.41265994 0 P 0
L 35.26474278 11.43774192 35.46474238 11.43774192 0 P 0
L 35.26474278 12.09174112 35.46474238 12.09174112 0 P 0
L 35.26474278 12.74574032 35.46474238 12.74574032 0 P 0
L 35.26474278 13.39973952 35.46474238 13.39973952 0 P 0
L 35.26474278 14.05373872 35.46474238 14.05373872 0 P 0
L 35.26474278 14.70773792 35.46474238 14.70773792 0 P 0
L 35.26474278 15.36173712 35.46474238 15.36173712 0 P 0
L 35.26474278 16.01573632 35.46474238 16.01573632 0 P 0
L 35.26474278 16.66973552 35.46474238 16.66973552 0 P 0
L 35.26474278 17.32373472 35.46474238 17.32373472 0 P 0
L 35.26474278 17.97773392 35.46474238 17.97773392 0 P 0
L 35.26474278 18.63173312 35.46474238 18.63173312 0 P 0
L 35.26999296 88.5000008 36.29000616 88.5000008 0 P 0
L 35.26999296 91.0400008 36.29000616 91.0400008 0 P 0
L 35.27973894 10.68929028 35.27973894 10.88928988 0 P 0
L 35.28084638 63.25108 35.28084638 63.4510796 0 P 0
L 35.3015296 62.16725184 35.3015296 62.36725144 0 P 0
L 35.32716582 60.706762 35.32716582 60.9067616 0 P 0
L 35.36474258 11.33774212 35.36474258 11.53774172 0 P 0
L 35.36474258 11.99174132 35.36474258 12.19174092 0 P 0
L 35.36474258 12.64574052 35.36474258 12.84574012 0 P 0
L 35.36474258 13.29973972 35.36474258 13.49973932 0 P 0
L 35.36474258 13.95373892 35.36474258 14.15373852 0 P 0
L 35.36474258 14.60773812 35.36474258 14.80773772 0 P 0
L 35.36474258 15.26173732 35.36474258 15.46173692 0 P 0
L 35.36474258 15.91573652 35.36474258 16.11573612 0 P 0
L 35.36474258 16.56973572 35.36474258 16.76973532 0 P 0
L 35.36474258 17.22373492 35.36474258 17.42373452 0 P 0
L 35.36474258 17.87773412 35.36474258 18.07773372 0 P 0
L 35.36474258 18.53173332 35.36474258 18.73173292 0 P 0
L 35.53325126 19.22806924 35.73325086 19.22806924 0 P 0
L 35.63325106 19.12806944 35.63325106 19.32806904 0 P 0
L 35.67791442 36.98932658 35.87791402 36.98932658 0 P 0
L 35.69108178 20.7722216 35.89108138 20.7722216 0 P 0
L 35.70618716 38.07315474 35.90618676 38.07315474 0 P 0
L 35.71404338 56.50878716 35.91404298 56.50878716 0 P 0
L 35.7509445 57.59372276 35.9509441 57.59372276 0 P 0
L 35.77791422 36.88932678 35.77791422 37.08932638 0 P 0
L 35.77999956 87.9899942 35.77999956 89.0100074 0 P 0
L 35.77999956 90.5299942 35.77999956 91.5500074 0 P 0
L 35.79108158 20.6722218 35.79108158 20.8722214 0 P 0
L 35.79791164 59.31266014 35.99791124 59.31266014 0 P 0
L 35.80618696 37.97315494 35.80618696 38.17315454 0 P 0
L 35.81404318 56.40878736 35.81404318 56.60878696 0 P 0
L 35.83484578 63.3510798 36.03484538 63.3510798 0 P 0
L 35.8509443 57.49372296 35.8509443 57.69372256 0 P 0
L 35.855529 62.26725164 36.0555286 62.26725164 0 P 0
L 35.8775381 60.77159804 36.0775377 60.77159804 0 P 0
L 35.89791144 59.21266034 35.89791144 59.41265994 0 P 0
L 35.93484558 63.25108 35.93484558 63.4510796 0 P 0
L 35.9555288 62.16725184 35.9555288 62.36725144 0 P 0
L 35.9775379 60.67159824 35.9775379 60.87159784 0 P 0
L 36.18646306 19.26015198 36.38646266 19.26015198 0 P 0
L 36.25907658 57.66146964 36.45907618 57.66146964 0 P 0
L 36.28646286 19.16015218 36.28646286 19.36015178 0 P 0
L 36.3308011 56.564022 36.5308007 56.564022 0 P 0
L 36.33191362 36.98932658 36.53191322 36.98932658 0 P 0
L 36.34393798 20.73357296 36.54393758 20.73357296 0 P 0
L 36.35907638 57.56146984 36.35907638 57.76146944 0 P 0
L 36.36018636 38.07315474 36.56018596 38.07315474 0 P 0
L 36.4308009 56.4640222 36.4308009 56.6640218 0 P 0
L 36.43191342 36.88932678 36.43191342 37.08932638 0 P 0
L 36.44393778 20.63357316 36.44393778 20.83357276 0 P 0
L 36.45191084 59.31266014 36.65191044 59.31266014 0 P 0
L 36.46018616 37.97315494 36.46018616 38.17315454 0 P 0
L 36.48861892 63.33386876 36.68861852 63.33386876 0 P 0
L 36.49913706 16.723741 36.69913666 16.723741 0 P 0
L 36.49913706 17.3777402 36.69913666 17.3777402 0 P 0
L 36.49913706 18.0317394 36.69913666 18.0317394 0 P 0
L 36.49913706 18.6857386 36.69913666 18.6857386 0 P 0
L 36.50895416 62.23983742 36.70895376 62.23983742 0 P 0
L 36.5287179 16.07041236 36.7287175 16.07041236 0 P 0
L 36.54548698 60.73644444 36.74548658 60.73644444 0 P 0
L 36.55191064 59.21266034 36.55191064 59.41265994 0 P 0
L 36.58861872 63.23386896 36.58861872 63.43386856 0 P 0
L 36.59913686 16.6237412 36.59913686 16.8237408 0 P 0
L 36.59913686 17.2777404 36.59913686 17.47774 0 P 0
L 36.59913686 17.9317396 36.59913686 18.1317392 0 P 0
L 36.59913686 18.5857388 36.59913686 18.7857384 0 P 0
L 36.60895396 62.13983762 36.60895396 62.33983722 0 P 0
L 36.6287177 15.97041256 36.6287177 16.17041216 0 P 0
L 36.64548678 60.63644464 36.64548678 60.83644424 0 P 0
L 36.72888514 15.4477974 36.92888474 15.4477974 0 P 0
L 36.7893473 56.69515966 36.9893469 56.69515966 0 P 0
L 36.7893473 57.81910458 36.9893469 57.81910458 0 P 0
L 36.82888494 15.3477976 36.82888494 15.5477972 0 P 0
L 36.8893471 56.59515986 36.8893471 56.79515946 0 P 0
L 36.8893471 57.71910478 36.8893471 57.91910438 0 P 0
L 36.94935714 20.48622522 37.14935674 20.48622522 0 P 0
L 36.98591282 36.98932658 37.18591242 36.98932658 0 P 0
L 37.01418556 38.07315474 37.21418516 38.07315474 0 P 0
L 37.04935694 20.38622542 37.04935694 20.58622502 0 P 0
L 37.08591262 36.88932678 37.08591262 37.08932638 0 P 0
L 37.11068778 14.91681548 37.31068738 14.91681548 0 P 0
L 37.11418536 37.97315494 37.11418536 38.17315454 0 P 0
L 37.21068758 14.81681568 37.21068758 15.01681528 0 P 0
L 37.4437783 52.0642977 37.6437779 52.0642977 0 P 0
L 37.4465596 20.0613645 37.6465592 20.0613645 0 P 0
L 37.5437781 51.9642979 37.5437781 52.1642975 0 P 0
L 37.5465594 19.9613647 37.5465594 20.1613643 0 P 0
L 37.63991202 36.98932658 37.83991162 36.98932658 0 P 0
L 37.64207356 14.53557672 37.84207316 14.53557672 0 P 0
L 37.66818476 38.07315474 37.86818436 38.07315474 0 P 0
L 37.73991182 36.88932678 37.73991182 37.08932638 0 P 0
L 37.74207336 14.43557692 37.74207336 14.63557652 0 P 0
L 37.76818456 37.97315494 37.76818456 38.17315454 0 P 0
L 37.79008444 19.50485304 37.99008404 19.50485304 0 P 0
L 37.80999296 88.5000008 38.83000616 88.5000008 0 P 0
L 37.80999296 91.0400008 38.83000616 91.0400008 0 P 0
L 37.8437775 56.90436168 38.0437771 56.90436168 0 P 0
L 37.8437775 59.31266014 38.0437771 59.31266014 0 P 0
L 37.8437775 61.921263 38.0437771 61.921263 0 P 0
L 37.8437775 63.08046566 38.0437771 63.08046566 0 P 0
L 37.89008424 19.40485324 37.89008424 19.60485284 0 P 0
L 37.93686342 18.86753656 38.13686302 18.86753656 0 P 0
L 37.9437773 56.80436188 37.9437773 57.00436148 0 P 0
L 37.9437773 59.21266034 37.9437773 59.41265994 0 P 0
L 37.9437773 61.8212632 37.9437773 62.0212628 0 P 0
L 37.9437773 62.98046586 37.9437773 63.18046546 0 P 0
L 37.9507369 16.90568628 38.1507365 16.90568628 0 P 0
L 37.9507369 17.55968548 38.1507365 17.55968548 0 P 0
L 37.9507369 18.21368468 38.1507365 18.21368468 0 P 0
L 37.96497614 16.25184202 38.16497574 16.25184202 0 P 0
L 37.97985546 58.3391518 38.17985506 58.3391518 0 P 0
L 38.00162072 60.76425998 38.20162032 60.76425998 0 P 0
L 38.03686322 18.76753676 38.03686322 18.96753636 0 P 0
L 38.0507367 16.80568648 38.0507367 17.00568608 0 P 0
L 38.0507367 17.45968568 38.0507367 17.65968528 0 P 0
L 38.0507367 18.11368488 38.0507367 18.31368448 0 P 0
L 38.06497594 16.15184222 38.06497594 16.35184182 0 P 0
L 38.07985526 58.239152 38.07985526 58.4391516 0 P 0
L 38.10162052 60.66426018 38.10162052 60.86425978 0 P 0
L 38.26496792 14.33628578 38.46496752 14.33628578 0 P 0
L 38.29391122 36.98932658 38.49391082 36.98932658 0 P 0
L 38.29722338 57.23207756 38.49722298 57.23207756 0 P 0
L 38.31999956 87.9899942 38.31999956 89.0100074 0 P 0
L 38.31999956 90.5299942 38.31999956 91.5500074 0 P 0
L 38.32218396 38.07315474 38.52218356 38.07315474 0 P 0
L 38.351333 61.61537334 38.5513326 61.61537334 0 P 0
L 38.36496772 14.23628598 38.36496772 14.43628558 0 P 0
L 38.37722322 62.83916312 38.57722282 62.83916312 0 P 0
L 38.39391102 36.88932678 38.39391102 37.08932638 0 P 0
L 38.39722318 57.13207776 38.39722318 57.33207736 0 P 0
L 38.41390844 59.31266014 38.61390804 59.31266014 0 P 0
L 38.4143504 15.77668422 38.61435 15.77668422 0 P 0
L 38.42218376 37.97315494 38.42218376 38.17315454 0 P 0
L 38.4513328 61.51537354 38.4513328 61.71537314 0 P 0
L 38.47722302 62.73916332 38.47722302 62.93916292 0 P 0
L 38.51390824 59.21266034 38.51390824 59.41265994 0 P 0
L 38.5143502 15.67668442 38.5143502 15.87668402 0 P 0
L 38.58895 58.78251388 38.7889496 58.78251388 0 P 0
L 38.65561992 60.76425998 38.85561952 60.76425998 0 P 0
L 38.6889498 58.68251408 38.6889498 58.88251368 0 P 0
L 38.75561972 60.66426018 38.75561972 60.86425978 0 P 0
L 38.8507605 57.65276252 39.0507601 57.65276252 0 P 0
L 38.87708506 61.22640282 39.07708466 61.22640282 0 P 0
L 38.91830926 14.30693608 39.11830886 14.30693608 0 P 0
L 38.94791042 36.98932658 39.14791002 36.98932658 0 P 0
L 38.9507603 57.55276272 38.9507603 57.75276232 0 P 0
L 38.95129116 62.52585666 39.15129076 62.52585666 0 P 0
L 38.97618316 38.07315474 39.17618276 38.07315474 0 P 0
L 38.97708486 61.12640302 38.97708486 61.32640262 0 P 0
L 39.01830906 14.20693628 39.01830906 14.40693588 0 P 0
L 39.04791022 36.88932678 39.04791022 37.08932638 0 P 0
L 39.05129096 62.42585686 39.05129096 62.62585646 0 P 0
L 39.06790764 59.31266014 39.26790724 59.31266014 0 P 0
L 39.06809814 15.75853592 39.26809774 15.75853592 0 P 0
L 39.07618296 37.97315494 39.07618296 38.17315454 0 P 0
L 39.16790744 59.21266034 39.16790744 59.41265994 0 P 0
L 39.16809794 15.65853612 39.16809794 15.85853572 0 P 0
L 39.2602847 57.92100684 39.4602843 57.92100684 0 P 0
L 39.3602845 57.82100704 39.3602845 58.02100664 0 P 0
L 39.36808738 62.226825 39.56808698 62.226825 0 P 0
L 39.37560324 60.80308642 39.57560284 60.80308642 0 P 0
L 39.46808718 62.1268252 39.46808718 62.3268248 0 P 0
L 39.47560304 60.70308662 39.47560304 60.90308622 0 P 0
L 39.57230846 14.30693608 39.77230806 14.30693608 0 P 0
L 39.60190962 36.98932658 39.80190922 36.98932658 0 P 0
L 39.63018236 38.07315474 39.83018196 38.07315474 0 P 0
L 39.67230826 14.20693628 39.67230826 14.40693588 0 P 0
L 39.70190942 36.88932678 39.70190942 37.08932638 0 P 0
L 39.72209734 15.75853592 39.92209694 15.75853592 0 P 0
L 39.73018216 37.97315494 39.73018216 38.17315454 0 P 0
L 39.81377864 52.05429772 40.01377824 52.05429772 0 P 0
L 39.82209714 15.65853612 39.82209714 15.85853572 0 P 0
L 39.91377844 51.95429792 39.91377844 52.15429752 0 P 0
L 40.21377784 61.71619356 40.41377744 61.71619356 0 P 0
L 40.22630766 14.30693608 40.42630726 14.30693608 0 P 0
L 40.25590882 36.98932658 40.45590842 36.98932658 0 P 0
L 40.28418156 38.07315474 40.48418116 38.07315474 0 P 0
L 40.31377764 61.61619376 40.31377764 61.81619336 0 P 0
L 40.32630746 14.20693628 40.32630746 14.40693588 0 P 0
L 40.34999296 88.5000008 41.37000616 88.5000008 0 P 0
L 40.34999296 91.0400008 41.37000616 91.0400008 0 P 0
L 40.35590862 36.88932678 40.35590862 37.08932638 0 P 0
L 40.37609654 15.75853592 40.57609614 15.75853592 0 P 0
L 40.38418136 37.97315494 40.38418136 38.17315454 0 P 0
L 40.40025194 58.47996686 40.60025154 58.47996686 0 P 0
L 40.47609634 15.65853612 40.47609634 15.85853572 0 P 0
L 40.50025174 58.37996706 40.50025174 58.57996666 0 P 0
L 40.85999956 87.9899942 40.85999956 89.0100074 0 P 0
L 40.85999956 90.5299942 40.85999956 91.5500074 0 P 0
L 40.88030686 14.30693608 41.08030646 14.30693608 0 P 0
L 40.9098877 36.99451834 41.1098873 36.99451834 0 P 0
L 40.93813758 38.06582684 41.13813718 38.06582684 0 P 0
L 40.98030666 14.20693628 40.98030666 14.40693588 0 P 0
L 41.0098875 36.89451854 41.0098875 37.09451814 0 P 0
L 41.03009574 15.75853592 41.23009534 15.75853592 0 P 0
L 41.03813738 37.96582704 41.03813738 38.16582664 0 P 0
L 41.13009554 15.65853612 41.13009554 15.85853572 0 P 0
L 41.53231216 14.35795452 41.73231176 14.35795452 0 P 0
L 41.5493073 37.13184344 41.7493069 37.13184344 0 P 0
L 41.583737 37.96134394 41.7837366 37.96134394 0 P 0
L 41.63231196 14.25795472 41.63231196 14.45795432 0 P 0
L 41.6493071 37.03184364 41.6493071 37.23184324 0 P 0
L 41.68066086 15.691612 41.88066046 15.691612 0 P 0
L 41.6837368 37.86134414 41.6837368 38.06134374 0 P 0
L 41.78066066 15.5916122 41.78066066 15.7916118 0 P 0
L 42.18631136 14.35871906 42.38631096 14.35871906 0 P 0
L 42.1879776 36.9910741 42.3879772 36.9910741 0 P 0
L 42.22780226 38.07490226 42.42780186 38.07490226 0 P 0
L 42.28631116 14.25871926 42.28631116 14.45871886 0 P 0
L 42.2879774 36.8910743 42.2879774 37.0910739 0 P 0
L 42.32780206 37.97490246 42.32780206 38.17490206 0 P 0
L 42.33258996 15.74360834 42.53258956 15.74360834 0 P 0
L 42.43258976 15.64360854 42.43258976 15.84360814 0 P 0
L 42.8382557 14.30693354 43.0382553 14.30693354 0 P 0
L 42.8419768 36.9910741 43.0419764 36.9910741 0 P 0
L 42.88180146 38.07490226 43.08180106 38.07490226 0 P 0
L 42.88999296 88.5000008 43.91000616 88.5000008 0 P 0
L 42.88999296 91.0400008 43.91000616 91.0400008 0 P 0
L 42.9382555 14.20693374 42.9382555 14.40693334 0 P 0
L 42.9419766 36.8910743 42.9419766 37.0910739 0 P 0
L 42.98180126 37.97490246 42.98180126 38.17490206 0 P 0
L 42.98641898 15.75853592 43.18641858 15.75853592 0 P 0
L 43.08641878 15.65853612 43.08641878 15.85853572 0 P 0
L 43.34672814 61.54187844 43.54672774 61.54187844 0 P 0
L 43.39999956 87.9899942 43.39999956 89.0100074 0 P 0
L 43.39999956 90.5299942 43.39999956 91.5500074 0 P 0
L 43.44672794 61.44187864 43.44672794 61.64187824 0 P 0
L 43.4607716 58.44109978 43.6607712 58.44109978 0 P 0
L 43.4922549 14.30693354 43.6922545 14.30693354 0 P 0
L 43.495976 36.9910741 43.6959756 36.9910741 0 P 0
L 43.53580066 38.07490226 43.73580026 38.07490226 0 P 0
L 43.5607714 58.34109998 43.5607714 58.54109958 0 P 0
L 43.5922547 14.20693374 43.5922547 14.40693334 0 P 0
L 43.5959758 36.8910743 43.5959758 37.0910739 0 P 0
L 43.63580046 37.97490246 43.63580046 38.17490206 0 P 0
L 43.64041818 15.75853592 43.84041778 15.75853592 0 P 0
L 43.74041798 15.65853612 43.74041798 15.85853572 0 P 0
L 43.8196609 61.5681395 44.0196605 61.5681395 0 P 0
L 43.9196607 61.4681397 43.9196607 61.6681393 0 P 0
L 44.1462541 14.30693354 44.3462537 14.30693354 0 P 0
L 44.1499752 36.9910741 44.3499748 36.9910741 0 P 0
L 44.18979986 38.07490226 44.38979946 38.07490226 0 P 0
L 44.2462539 14.20693374 44.2462539 14.40693334 0 P 0
L 44.249975 36.8910743 44.249975 37.0910739 0 P 0
L 44.28979966 37.97490246 44.28979966 38.17490206 0 P 0
L 44.29377984 52.05429772 44.49377944 52.05429772 0 P 0
L 44.29441738 15.75853592 44.49441698 15.75853592 0 P 0
L 44.39377964 51.95429792 44.39377964 52.15429752 0 P 0
L 44.39441718 15.65853612 44.39441718 15.85853572 0 P 0
L 44.73699714 57.76586872 44.93699674 57.76586872 0 P 0
L 44.80024314 14.31073592 45.00024274 14.31073592 0 P 0
L 44.8039744 36.9910741 45.003974 36.9910741 0 P 0
L 44.83699694 57.66586892 44.83699694 57.86586852 0 P 0
L 44.84379906 38.07490226 45.04379866 38.07490226 0 P 0
L 44.90024294 14.21073612 44.90024294 14.41073572 0 P 0
L 44.9039742 36.8910743 44.9039742 37.0910739 0 P 0
L 44.91507146 58.97903622 45.11507106 58.97903622 0 P 0
L 44.91507146 60.98347722 45.11507106 60.98347722 0 P 0
L 44.94379886 37.97490246 44.94379886 38.17490206 0 P 0
L 44.94787302 15.7852364 45.14787262 15.7852364 0 P 0
L 44.97646834 62.4558949 45.17646794 62.4558949 0 P 0
L 45.01507126 58.87903642 45.01507126 59.07903602 0 P 0
L 45.01507126 60.88347742 45.01507126 61.08347702 0 P 0
L 45.04787282 15.6852366 45.04787282 15.8852362 0 P 0
L 45.07646814 62.3558951 45.07646814 62.5558947 0 P 0
L 45.10120266 57.42442414 45.30120226 57.42442414 0 P 0
L 45.20120246 57.32442434 45.20120246 57.52442394 0 P 0
L 45.36119452 61.40159932 45.56119412 61.40159932 0 P 0
L 45.37571062 16.279876 45.57571022 16.279876 0 P 0
L 45.38626178 16.93379138 45.58626138 16.93379138 0 P 0
L 45.38626178 17.58779058 45.58626138 17.58779058 0 P 0
L 45.38626178 18.24178978 45.58626138 18.24178978 0 P 0
L 45.3953499 58.55265912 45.5953495 58.55265912 0 P 0
L 45.4028937 18.89557562 45.6028933 18.89557562 0 P 0
L 45.42999296 88.5000008 46.45000616 88.5000008 0 P 0
L 45.42999296 91.0400008 46.45000616 91.0400008 0 P 0
L 45.44357688 14.42835824 45.64357648 14.42835824 0 P 0
L 45.4579736 36.9910741 45.6579732 36.9910741 0 P 0
L 45.46119432 61.30159952 45.46119432 61.50159912 0 P 0
L 45.47571042 16.1798762 45.47571042 16.3798758 0 P 0
L 45.48626158 16.83379158 45.48626158 17.03379118 0 P 0
L 45.48626158 17.48779078 45.48626158 17.68779038 0 P 0
L 45.48626158 18.14178998 45.48626158 18.34178958 0 P 0
L 45.4953497 58.45265932 45.4953497 58.65265892 0 P 0
L 45.49779826 38.07490226 45.69779786 38.07490226 0 P 0
L 45.5028935 18.79557582 45.5028935 18.99557542 0 P 0
L 45.54357668 14.32835844 45.54357668 14.52835804 0 P 0
L 45.54482636 62.77944772 45.74482596 62.77944772 0 P 0
L 45.55631986 19.53132492 45.75631946 19.53132492 0 P 0
L 45.5579734 36.8910743 45.5579734 37.0910739 0 P 0
L 45.58782348 60.73253538 45.78782308 60.73253538 0 P 0
L 45.59779806 37.97490246 45.59779806 38.17490206 0 P 0
L 45.6111737 59.28093554 45.8111733 59.28093554 0 P 0
L 45.64482616 62.67944792 45.64482616 62.87944752 0 P 0
L 45.65631966 19.43132512 45.65631966 19.63132472 0 P 0
L 45.66038874 57.08527064 45.86038834 57.08527064 0 P 0
L 45.68782328 60.63253558 45.68782328 60.83253518 0 P 0
L 45.7111735 59.18093574 45.7111735 59.38093534 0 P 0
L 45.76038854 56.98527084 45.76038854 57.18527044 0 P 0
L 45.90797778 20.08273352 46.10797738 20.08273352 0 P 0
L 45.93305012 58.18038148 46.13304972 58.18038148 0 P 0
L 45.93999956 87.9899942 45.93999956 89.0100074 0 P 0
L 45.93999956 90.5299942 45.93999956 91.5500074 0 P 0
L 46.00797758 19.98273372 46.00797758 20.18273332 0 P 0
L 46.01962348 14.73801218 46.21962308 14.73801218 0 P 0
L 46.03304992 58.08038168 46.03304992 58.28038128 0 P 0
L 46.0451073 61.837697 46.2451069 61.837697 0 P 0
L 46.1119728 36.9910741 46.3119724 36.9910741 0 P 0
L 46.11962328 14.63801238 46.11962328 14.83801198 0 P 0
L 46.14492168 63.03944466 46.34492128 63.03944466 0 P 0
L 46.1451071 61.7376972 46.1451071 61.9376968 0 P 0
L 46.15179746 38.07490226 46.35179706 38.07490226 0 P 0
L 46.17378116 56.79403932 46.37378076 56.79403932 0 P 0
L 46.17378116 60.73253538 46.37378076 60.73253538 0 P 0
L 46.2119726 36.8910743 46.2119726 37.0910739 0 P 0
L 46.24492148 62.93944486 46.24492148 63.13944446 0 P 0
L 46.25179726 37.97490246 46.25179726 38.17490206 0 P 0
L 46.27378096 56.69403952 46.27378096 56.89403912 0 P 0
L 46.27378096 60.63253558 46.27378096 60.83253518 0 P 0
L 46.30057034 59.2714334 46.50056994 59.2714334 0 P 0
L 46.40057014 59.1714336 46.40057014 59.3714332 0 P 0
L 46.41213476 20.49931384 46.61213436 20.49931384 0 P 0
L 46.47257406 15.20976638 46.67257366 15.20976638 0 P 0
L 46.51213456 20.39931404 46.51213456 20.59931364 0 P 0
L 46.57257386 15.10976658 46.57257386 15.30976618 0 P 0
L 46.57378036 51.97429788 46.77377996 51.97429788 0 P 0
L 46.67378016 51.87429808 46.67378016 52.07429768 0 P 0
L 46.74738174 15.80322722 46.94738134 15.80322722 0 P 0
L 46.765972 36.9910741 46.9659716 36.9910741 0 P 0
L 46.80579666 38.07490226 47.00579626 38.07490226 0 P 0
L 46.83786162 16.45093738 47.03786122 16.45093738 0 P 0
L 46.83786162 17.10493658 47.03786122 17.10493658 0 P 0
L 46.83786162 17.75893578 47.03786122 17.75893578 0 P 0
L 46.83786162 18.41293498 47.03786122 18.41293498 0 P 0
L 46.84738154 15.70322742 46.84738154 15.90322702 0 P 0
L 46.8659718 36.8910743 46.8659718 37.0910739 0 P 0
L 46.90579646 37.97490246 46.90579646 38.17490206 0 P 0
L 46.93786142 16.35093758 46.93786142 16.55093718 0 P 0
L 46.93786142 17.00493678 46.93786142 17.20493638 0 P 0
L 46.93786142 17.65893598 46.93786142 17.85893558 0 P 0
L 46.93786142 18.31293518 46.93786142 18.51293478 0 P 0
L 46.93990358 19.05892302 47.13990318 19.05892302 0 P 0
L 47.0199212 20.74079418 47.2199208 20.74079418 0 P 0
L 47.03990338 18.95892322 47.03990338 19.15892282 0 P 0
L 47.119921 20.64079438 47.119921 20.84079398 0 P 0
L 47.19956016 62.19527058 47.39955976 62.19527058 0 P 0
L 47.20098764 60.73275382 47.40098724 60.73275382 0 P 0
L 47.20240496 59.28115652 47.40240456 59.28115652 0 P 0
L 47.20403056 57.61605952 47.40403016 57.61605952 0 P 0
L 47.20507704 56.5436893 47.40507664 56.5436893 0 P 0
L 47.29955996 62.09527078 47.29955996 62.29527038 0 P 0
L 47.30098744 60.63275402 47.30098744 60.83275362 0 P 0
L 47.30240476 59.18115672 47.30240476 59.38115632 0 P 0
L 47.30403036 57.51605972 47.30403036 57.71605932 0 P 0
L 47.30507684 56.4436895 47.30507684 56.6436891 0 P 0
L 47.4199712 36.9910741 47.6199708 36.9910741 0 P 0
L 47.45979586 38.07490226 47.65979546 38.07490226 0 P 0
L 47.519971 36.8910743 47.519971 37.0910739 0 P 0
L 47.53485286 19.3304922 47.73485246 19.3304922 0 P 0
L 47.55415178 63.31363004 47.75415138 63.31363004 0 P 0
L 47.55979566 37.97490246 47.55979566 38.17490206 0 P 0
L 47.63485266 19.2304924 47.63485266 19.430492 0 P 0
L 47.65203322 56.3130446 47.85203282 56.3130446 0 P 0
L 47.65415158 63.21363024 47.65415158 63.41362984 0 P 0
L 47.67328794 20.76952158 47.87328754 20.76952158 0 P 0
L 47.70563738 60.73455468 47.90563698 60.73455468 0 P 0
L 47.71725026 59.2714334 47.91724986 59.2714334 0 P 0
L 47.7386269 57.43252928 47.9386265 57.43252928 0 P 0
L 47.75203302 56.2130448 47.75203302 56.4130444 0 P 0
L 47.77328774 20.66952178 47.77328774 20.86952138 0 P 0
L 47.80563718 60.63455488 47.80563718 60.83455448 0 P 0
L 47.81725006 59.1714336 47.81725006 59.3714332 0 P 0
L 47.8386267 57.33252948 47.8386267 57.53252908 0 P 0
L 47.9511741 62.29698996 48.1511737 62.29698996 0 P 0
L 47.96999296 88.5000008 48.99000616 88.5000008 0 P 0
L 47.96999296 91.0400008 48.99000616 91.0400008 0 P 0
L 48.03967786 18.9147196 48.23967746 18.9147196 0 P 0
L 48.0511739 62.19699016 48.0511739 62.39698976 0 P 0
L 48.07225844 11.7215412 48.27225804 11.7215412 0 P 0
L 48.07225844 12.3755404 48.27225804 12.3755404 0 P 0
L 48.07225844 13.0295396 48.27225804 13.0295396 0 P 0
L 48.07225844 13.6835388 48.27225804 13.6835388 0 P 0
L 48.07225844 14.337538 48.27225804 14.337538 0 P 0
L 48.07225844 14.9915372 48.27225804 14.9915372 0 P 0
L 48.07225844 15.6455364 48.27225804 15.6455364 0 P 0
L 48.07225844 16.2995356 48.27225804 16.2995356 0 P 0
L 48.07225844 16.9535348 48.27225804 16.9535348 0 P 0
L 48.07225844 17.607534 48.27225804 17.607534 0 P 0
L 48.07225844 18.2615332 48.27225804 18.2615332 0 P 0
L 48.0739704 36.9910741 48.27397 36.9910741 0 P 0
L 48.09891828 11.06808556 48.29891788 11.06808556 0 P 0
L 48.11379506 38.07490226 48.31379466 38.07490226 0 P 0
L 48.12543588 56.25321236 48.32543548 56.25321236 0 P 0
L 48.13967766 18.8147198 48.13967766 19.0147194 0 P 0
L 48.15516658 63.45180604 48.35516618 63.45180604 0 P 0
L 48.17225824 11.6215414 48.17225824 11.821541 0 P 0
L 48.17225824 12.2755406 48.17225824 12.4755402 0 P 0
L 48.17225824 12.9295398 48.17225824 13.1295394 0 P 0
L 48.17225824 13.583539 48.17225824 13.7835386 0 P 0
L 48.17225824 14.2375382 48.17225824 14.4375378 0 P 0
L 48.17225824 14.8915374 48.17225824 15.091537 0 P 0
L 48.17225824 15.5455366 48.17225824 15.7455362 0 P 0
L 48.17225824 16.1995358 48.17225824 16.3995354 0 P 0
L 48.17225824 16.853535 48.17225824 17.0535346 0 P 0
L 48.17225824 17.5075342 48.17225824 17.7075338 0 P 0
L 48.17225824 18.1615334 48.17225824 18.361533 0 P 0
L 48.1739702 36.8910743 48.1739702 37.0910739 0 P 0
L 48.19891808 10.96808576 48.19891808 11.16808536 0 P 0
L 48.20382028 60.73253538 48.40381988 60.73253538 0 P 0
L 48.21379486 37.97490246 48.21379486 38.17490206 0 P 0
L 48.22543568 56.15321256 48.22543568 56.35321216 0 P 0
L 48.2271705 59.28093554 48.4271701 59.28093554 0 P 0
L 48.25516638 63.35180624 48.25516638 63.55180584 0 P 0
L 48.28799588 10.44201366 48.48799548 10.44201366 0 P 0
L 48.30382008 60.63253558 48.30382008 60.83253518 0 P 0
L 48.3055168 20.60218892 48.5055164 20.60218892 0 P 0
L 48.3271703 59.18093574 48.3271703 59.38093534 0 P 0
L 48.3326821 57.33221452 48.5326817 57.33221452 0 P 0
L 48.38799568 10.34201386 48.38799568 10.54201346 0 P 0
L 48.4055166 20.50218912 48.4055166 20.70218872 0 P 0
L 48.4326819 57.23221472 48.4326819 57.43221432 0 P 0
L 48.47999956 87.9899942 48.47999956 89.0100074 0 P 0
L 48.47999956 90.5299942 48.47999956 91.5500074 0 P 0
L 48.58022034 62.27999228 48.78021994 62.27999228 0 P 0
L 48.6603548 9.90436678 48.8603544 9.90436678 0 P 0
L 48.68022014 62.17999248 48.68022014 62.37999208 0 P 0
L 48.7279696 36.9910741 48.9279692 36.9910741 0 P 0
L 48.7603546 9.80436698 48.7603546 10.00436658 0 P 0
L 48.76557938 63.43171972 48.96557898 63.43171972 0 P 0
L 48.76779426 38.07490226 48.96779386 38.07490226 0 P 0
L 48.77626516 56.1888767 48.97626476 56.1888767 0 P 0
L 48.8279694 36.8910743 48.8279694 37.0910739 0 P 0
L 48.85045602 20.24058436 49.05045562 20.24058436 0 P 0
L 48.85781948 60.73253538 49.05781908 60.73253538 0 P 0
L 48.86557918 63.33171992 48.86557918 63.53171952 0 P 0
L 48.86779406 37.97490246 48.86779406 38.17490206 0 P 0
L 48.87417962 57.26646662 49.07417922 57.26646662 0 P 0
L 48.87417962 59.28093554 49.07417922 59.28093554 0 P 0
L 48.87626496 56.0888769 48.87626496 56.2888765 0 P 0
L 48.95045582 20.14058456 48.95045582 20.34058416 0 P 0
L 48.95781928 60.63253558 48.95781928 60.83253518 0 P 0
L 48.97417942 57.16646682 48.97417942 57.36646642 0 P 0
L 48.97417942 59.18093574 48.97417942 59.38093534 0 P 0
L 49.1880779 9.51807342 49.3880775 9.51807342 0 P 0
L 49.25353624 19.72556634 49.45353584 19.72556634 0 P 0
L 49.27417882 54.4638992 49.47417842 54.4638992 0 P 0
L 49.2880777 9.41807362 49.2880777 9.61807322 0 P 0
L 49.35353604 19.62556654 49.35353604 19.82556614 0 P 0
L 49.37417862 54.3638994 49.37417862 54.563899 0 P 0
L 49.3819688 36.9910741 49.5819684 36.9910741 0 P 0
L 49.42179346 38.07490226 49.62179306 38.07490226 0 P 0
L 49.48089164 19.11235954 49.68089124 19.11235954 0 P 0
L 49.4819686 36.8910743 49.4819686 37.0910739 0 P 0
L 49.52179326 37.97490246 49.52179326 38.17490206 0 P 0
L 49.52385828 11.91978058 49.72385788 11.91978058 0 P 0
L 49.52385828 12.57377978 49.72385788 12.57377978 0 P 0
L 49.52385828 13.22777898 49.72385788 13.22777898 0 P 0
L 49.52385828 13.88177818 49.72385788 13.88177818 0 P 0
L 49.52385828 14.53577738 49.72385788 14.53577738 0 P 0
L 49.52385828 15.18977658 49.72385788 15.18977658 0 P 0
L 49.52385828 15.84377578 49.72385788 15.84377578 0 P 0
L 49.52385828 16.49777498 49.72385788 16.49777498 0 P 0
L 49.52385828 17.15177418 49.72385788 17.15177418 0 P 0
L 49.52385828 17.80577338 49.72385788 17.80577338 0 P 0
L 49.52385828 18.45977258 49.72385788 18.45977258 0 P 0
L 49.53204216 11.26583218 49.73204176 11.26583218 0 P 0
L 49.58089144 19.01235974 49.58089144 19.21235934 0 P 0
L 49.62385808 11.81978078 49.62385808 12.01978038 0 P 0
L 49.62385808 12.47377998 49.62385808 12.67377958 0 P 0
L 49.62385808 13.12777918 49.62385808 13.32777878 0 P 0
L 49.62385808 13.78177838 49.62385808 13.98177798 0 P 0
L 49.62385808 14.43577758 49.62385808 14.63577718 0 P 0
L 49.62385808 15.08977678 49.62385808 15.28977638 0 P 0
L 49.62385808 15.74377598 49.62385808 15.94377558 0 P 0
L 49.62385808 16.39777518 49.62385808 16.59777478 0 P 0
L 49.62385808 17.05177438 49.62385808 17.25177398 0 P 0
L 49.62385808 17.70577358 49.62385808 17.90577318 0 P 0
L 49.62385808 18.35977278 49.62385808 18.55977238 0 P 0
L 49.63204196 11.16583238 49.63204196 11.36583198 0 P 0
L 49.73812506 56.17409644 49.93812466 56.17409644 0 P 0
L 49.73812506 57.2579246 49.93812466 57.2579246 0 P 0
L 49.73812506 59.28093554 49.93812466 59.28093554 0 P 0
L 49.73812506 60.73253538 49.93812466 60.73253538 0 P 0
L 49.73812506 63.3966474 49.93812466 63.3966474 0 P 0
L 49.75081236 62.31281924 49.95081196 62.31281924 0 P 0
L 49.80719274 9.30733216 50.00719234 9.30733216 0 P 0
L 49.83812486 56.07409664 49.83812486 56.27409624 0 P 0
L 49.83812486 57.1579248 49.83812486 57.3579244 0 P 0
L 49.83812486 59.18093574 49.83812486 59.38093534 0 P 0
L 49.83812486 60.63253558 49.83812486 60.83253518 0 P 0
L 49.83812486 63.2966476 49.83812486 63.4966472 0 P 0
L 49.85081216 62.21281944 49.85081216 62.41281904 0 P 0
L 49.90719254 9.20733236 49.90719254 9.40733196 0 P 0
L 49.94636696 10.759821 50.14636656 10.759821 0 P 0
L 50.03590196 37.00030192 50.23590156 37.00030192 0 P 0
L 50.04636676 10.6598212 50.04636676 10.8598208 0 P 0
L 50.07453028 38.11553718 50.27452988 38.11553718 0 P 0
L 50.13590176 36.90030212 50.13590176 37.10030172 0 P 0
L 50.17453008 38.01553738 50.17453008 38.21553698 0 P 0
L 50.19791586 63.40823996 50.39791546 63.40823996 0 P 0
L 50.2152285 56.15450288 50.4152281 56.15450288 0 P 0
L 50.2152285 60.73308148 50.4152281 60.73308148 0 P 0
L 50.29791566 63.30824016 50.29791566 63.50823976 0 P 0
L 50.30898498 59.29544148 50.50898458 59.29544148 0 P 0
L 50.3152283 56.05450308 50.3152283 56.25450268 0 P 0
L 50.3152283 60.63308168 50.3152283 60.83308128 0 P 0
L 50.34218278 57.2579246 50.54218238 57.2579246 0 P 0
L 50.40481156 62.31281924 50.60481116 62.31281924 0 P 0
L 50.40898478 59.19544168 50.40898478 59.39544128 0 P 0
L 50.44218258 57.1579248 50.44218258 57.3579244 0 P 0
L 50.4611894 9.30598088 50.661189 9.30598088 0 P 0
L 50.48686372 38.62317396 50.68686332 38.62317396 0 P 0
L 50.50109788 39.27701822 50.70109748 39.27701822 0 P 0
L 50.50109788 39.93101742 50.70109748 39.93101742 0 P 0
L 50.50109788 40.58501662 50.70109748 40.58501662 0 P 0
L 50.50109788 41.23901582 50.70109748 41.23901582 0 P 0
L 50.50481136 62.21281944 50.50481136 62.41281904 0 P 0
L 50.5611892 9.20598108 50.5611892 9.40598068 0 P 0
L 50.56704136 41.88968254 50.76704096 41.88968254 0 P 0
L 50.58271062 10.91075288 50.78271022 10.91075288 0 P 0
L 50.58686352 38.52317416 50.58686352 38.72317376 0 P 0
L 50.60109768 39.17701842 50.60109768 39.37701802 0 P 0
L 50.60109768 39.83101762 50.60109768 40.03101722 0 P 0
L 50.60109768 40.48501682 50.60109768 40.68501642 0 P 0
L 50.60109768 41.13901602 50.60109768 41.33901562 0 P 0
L 50.66477802 37.17983166 50.86477762 37.17983166 0 P 0
L 50.66704116 41.78968274 50.66704116 41.98968234 0 P 0
L 50.68271042 10.81075308 50.68271042 11.01075268 0 P 0
L 50.71450106 63.40823996 50.91450066 63.40823996 0 P 0
L 50.73809512 56.17409644 50.93809472 56.17409644 0 P 0
L 50.7582551 11.54075162 50.9582547 11.54075162 0 P 0
L 50.7582551 12.19475082 50.9582547 12.19475082 0 P 0
L 50.7582551 12.84875002 50.9582547 12.84875002 0 P 0
L 50.7582551 13.50274922 50.9582547 13.50274922 0 P 0
L 50.7582551 14.15674842 50.9582547 14.15674842 0 P 0
L 50.7582551 14.81074762 50.9582547 14.81074762 0 P 0
L 50.7582551 15.46474682 50.9582547 15.46474682 0 P 0
L 50.7582551 16.11874602 50.9582547 16.11874602 0 P 0
L 50.7582551 16.77274522 50.9582547 16.77274522 0 P 0
L 50.7582551 17.42674442 50.9582547 17.42674442 0 P 0
L 50.7582551 18.08074362 50.9582547 18.08074362 0 P 0
L 50.76084082 18.73473774 50.96084042 18.73473774 0 P 0
L 50.76477782 37.07983186 50.76477782 37.27983146 0 P 0
L 50.81450086 63.30824016 50.81450086 63.50823976 0 P 0
L 50.81981708 60.73253538 51.01981668 60.73253538 0 P 0
L 50.83809492 56.07409664 50.83809492 56.27409624 0 P 0
L 50.8431673 59.28093554 51.0431669 59.28093554 0 P 0
L 50.8582549 11.44075182 50.8582549 11.64075142 0 P 0
L 50.8582549 12.09475102 50.8582549 12.29475062 0 P 0
L 50.8582549 12.74875022 50.8582549 12.94874982 0 P 0
L 50.8582549 13.40274942 50.8582549 13.60274902 0 P 0
L 50.8582549 14.05674862 50.8582549 14.25674822 0 P 0
L 50.8582549 14.71074782 50.8582549 14.91074742 0 P 0
L 50.8582549 15.36474702 50.8582549 15.56474662 0 P 0
L 50.8582549 16.01874622 50.8582549 16.21874582 0 P 0
L 50.8582549 16.67274542 50.8582549 16.87274502 0 P 0
L 50.8582549 17.32674462 50.8582549 17.52674422 0 P 0
L 50.8582549 17.98074382 50.8582549 18.18074342 0 P 0
L 50.86084062 18.63473794 50.86084062 18.83473754 0 P 0
L 50.87438898 19.37880554 51.07438858 19.37880554 0 P 0
L 50.87790942 42.46507382 51.07790902 42.46507382 0 P 0
L 50.91981688 60.63253558 50.91981688 60.83253518 0 P 0
L 50.9431671 59.18093574 50.9431671 59.38093534 0 P 0
L 50.97438878 19.27880574 50.97438878 19.47880534 0 P 0
L 50.97790922 42.36507402 50.97790922 42.56507362 0 P 0
L 50.99618198 57.2579246 51.19618158 57.2579246 0 P 0
L 51.05881076 62.31281924 51.25881036 62.31281924 0 P 0
L 51.08200858 9.51164722 51.28200818 9.51164722 0 P 0
L 51.09618178 57.1579248 51.09618178 57.3579244 0 P 0
L 51.15881056 62.21281944 51.15881056 62.41281904 0 P 0
L 51.17469318 37.58934316 51.37469278 37.58934316 0 P 0
L 51.17775896 19.95818716 51.37775856 19.95818716 0 P 0
L 51.18200838 9.41164742 51.18200838 9.61164702 0 P 0
L 51.27469298 37.48934336 51.27469298 37.68934296 0 P 0
L 51.27775876 19.85818736 51.27775876 20.05818696 0 P 0
L 51.3343144 63.3966474 51.534314 63.3966474 0 P 0
L 51.37295542 42.89244406 51.57295502 42.89244406 0 P 0
L 51.39209432 56.17409644 51.59209392 56.17409644 0 P 0
L 51.4343142 63.2966476 51.4343142 63.4966472 0 P 0
L 51.47295522 42.79244426 51.47295522 42.99244386 0 P 0
L 51.47381628 60.73253538 51.67381588 60.73253538 0 P 0
L 51.49209412 56.07409664 51.49209412 56.27409624 0 P 0
L 51.4971665 59.28093554 51.6971661 59.28093554 0 P 0
L 51.4982587 38.15769102 51.6982583 38.15769102 0 P 0
L 51.57381608 60.63253558 51.57381608 60.83253518 0 P 0
L 51.58492604 38.80592442 51.78492564 38.80592442 0 P 0
L 51.58492604 39.45992362 51.78492564 39.45992362 0 P 0
L 51.58492604 40.11392282 51.78492564 40.11392282 0 P 0
L 51.58492604 40.76792202 51.78492564 40.76792202 0 P 0
L 51.59219044 41.42188058 51.79219004 41.42188058 0 P 0
L 51.5971663 59.18093574 51.5971663 59.38093534 0 P 0
L 51.5982585 38.05769122 51.5982585 38.25769082 0 P 0
L 51.6113014 9.89578666 51.811301 9.89578666 0 P 0
L 51.64506308 20.41572498 51.84506268 20.41572498 0 P 0
L 51.65018118 57.2579246 51.85018078 57.2579246 0 P 0
L 51.68492584 38.70592462 51.68492584 38.90592422 0 P 0
L 51.68492584 39.35992382 51.68492584 39.55992342 0 P 0
L 51.68492584 40.01392302 51.68492584 40.21392262 0 P 0
L 51.68492584 40.66792222 51.68492584 40.86792182 0 P 0
L 51.69219024 41.32188078 51.69219024 41.52188038 0 P 0
L 51.7113012 9.79578686 51.7113012 9.99578646 0 P 0
L 51.71280996 62.31281924 51.91280956 62.31281924 0 P 0
L 51.74506288 20.31572518 51.74506288 20.51572478 0 P 0
L 51.75018098 57.1579248 51.75018098 57.3579244 0 P 0
L 51.81280976 62.21281944 51.81280976 62.41281904 0 P 0
L 51.96140992 41.96168646 52.16140952 41.96168646 0 P 0
L 51.9879326 10.43044904 52.1879322 10.43044904 0 P 0
L 51.9883136 63.3966474 52.1883132 63.3966474 0 P 0
L 51.99622316 43.09056914 52.19622276 43.09056914 0 P 0
L 52.04609352 56.17409644 52.24609312 56.17409644 0 P 0
L 52.06140972 41.86168666 52.06140972 42.06168626 0 P 0
L 52.0879324 10.33044924 52.0879324 10.53044884 0 P 0
L 52.0883134 63.2966476 52.0883134 63.4966472 0 P 0
L 52.09622296 42.99056934 52.09622296 43.19056894 0 P 0
L 52.12781548 60.73253538 52.32781508 60.73253538 0 P 0
L 52.14609332 56.07409664 52.14609332 56.27409624 0 P 0
L 52.1511657 59.28093554 52.3511653 59.28093554 0 P 0
L 52.18190732 11.0550198 52.38190692 11.0550198 0 P 0
L 52.20985494 11.7084221 52.40985454 11.7084221 0 P 0
L 52.20985494 12.3624213 52.40985454 12.3624213 0 P 0
L 52.20985494 13.0164205 52.40985454 13.0164205 0 P 0
L 52.20985494 13.6704197 52.40985454 13.6704197 0 P 0
L 52.20985494 14.3244189 52.40985454 14.3244189 0 P 0
L 52.20985494 14.9784181 52.40985454 14.9784181 0 P 0
L 52.20985494 15.6324173 52.40985454 15.6324173 0 P 0
L 52.20985494 16.2864165 52.40985454 16.2864165 0 P 0
L 52.20985494 16.9404157 52.40985454 16.9404157 0 P 0
L 52.20985494 17.5944149 52.40985454 17.5944149 0 P 0
L 52.20985494 18.2484141 52.40985454 18.2484141 0 P 0
L 52.22781528 60.63253558 52.22781528 60.83253518 0 P 0
L 52.23661892 20.69460936 52.43661852 20.69460936 0 P 0
L 52.23709898 18.90184434 52.43709858 18.90184434 0 P 0
L 52.2511655 59.18093574 52.2511655 59.38093534 0 P 0
L 52.28190712 10.95502 52.28190712 11.1550196 0 P 0
L 52.30418038 57.2579246 52.50417998 57.2579246 0 P 0
L 52.30985474 11.6084223 52.30985474 11.8084219 0 P 0
L 52.30985474 12.2624215 52.30985474 12.4624211 0 P 0
L 52.30985474 12.9164207 52.30985474 13.1164203 0 P 0
L 52.30985474 13.5704199 52.30985474 13.7704195 0 P 0
L 52.30985474 14.2244191 52.30985474 14.4244187 0 P 0
L 52.30985474 14.8784183 52.30985474 15.0784179 0 P 0
L 52.30985474 15.5324175 52.30985474 15.7324171 0 P 0
L 52.30985474 16.1864167 52.30985474 16.3864163 0 P 0
L 52.30985474 16.8404159 52.30985474 17.0404155 0 P 0
L 52.30985474 17.4944151 52.30985474 17.6944147 0 P 0
L 52.30985474 18.1484143 52.30985474 18.3484139 0 P 0
L 52.33661872 20.59460956 52.33661872 20.79460916 0 P 0
L 52.33709878 18.80184454 52.33709878 19.00184414 0 P 0
L 52.36680916 62.31281924 52.56680876 62.31281924 0 P 0
L 52.40418018 57.1579248 52.40418018 57.3579244 0 P 0
L 52.46680896 62.21281944 52.46680896 62.41281904 0 P 0
L 52.60844444 41.86649488 52.80844404 41.86649488 0 P 0
L 52.6423128 63.3966474 52.8423124 63.3966474 0 P 0
L 52.64902856 43.05109246 52.84902816 43.05109246 0 P 0
L 52.70009272 56.17409644 52.90009232 56.17409644 0 P 0
L 52.70844424 41.76649508 52.70844424 41.96649468 0 P 0
L 52.73269616 19.3285745 52.93269576 19.3285745 0 P 0
L 52.7423126 63.2966476 52.7423126 63.4966472 0 P 0
L 52.74902836 42.95109266 52.74902836 43.15109226 0 P 0
L 52.78181468 60.73253538 52.98181428 60.73253538 0 P 0
L 52.80009252 56.07409664 52.80009252 56.27409624 0 P 0
L 52.8051649 59.28093554 53.0051645 59.28093554 0 P 0
L 52.83209652 34.0579329 53.03209612 34.0579329 0 P 0
L 52.83209652 34.7119321 53.03209612 34.7119321 0 P 0
L 52.83209652 35.3659313 53.03209612 35.3659313 0 P 0
L 52.83209652 36.0199305 53.03209612 36.0199305 0 P 0
L 52.83209652 36.6739297 53.03209612 36.6739297 0 P 0
L 52.83209652 37.3279289 53.03209612 37.3279289 0 P 0
L 52.83209652 37.9819281 53.03209612 37.9819281 0 P 0
L 52.83209652 38.6359273 53.03209612 38.6359273 0 P 0
L 52.83209652 39.2899265 53.03209612 39.2899265 0 P 0
L 52.83209652 39.9439257 53.03209612 39.9439257 0 P 0
L 52.83209652 40.5979249 53.03209612 40.5979249 0 P 0
L 52.83209652 41.2519241 53.03209612 41.2519241 0 P 0
L 52.83269596 19.2285747 52.83269596 19.4285743 0 P 0
L 52.854987 33.40433502 53.0549866 33.40433502 0 P 0
L 52.88181448 60.63253558 52.88181448 60.83253518 0 P 0
L 52.88428844 20.78537626 53.08428804 20.78537626 0 P 0
L 52.9051647 59.18093574 52.9051647 59.38093534 0 P 0
L 52.93209632 33.9579331 52.93209632 34.1579327 0 P 0
L 52.93209632 34.6119323 52.93209632 34.8119319 0 P 0
L 52.93209632 35.2659315 52.93209632 35.4659311 0 P 0
L 52.93209632 35.9199307 52.93209632 36.1199303 0 P 0
L 52.93209632 36.5739299 52.93209632 36.7739295 0 P 0
L 52.93209632 37.2279291 52.93209632 37.4279287 0 P 0
L 52.93209632 37.8819283 52.93209632 38.0819279 0 P 0
L 52.93209632 38.5359275 52.93209632 38.7359271 0 P 0
L 52.93209632 39.1899267 52.93209632 39.3899263 0 P 0
L 52.93209632 39.8439259 52.93209632 40.0439255 0 P 0
L 52.93209632 40.4979251 52.93209632 40.6979247 0 P 0
L 52.93209632 41.1519243 52.93209632 41.3519239 0 P 0
L 52.9549868 33.30433522 52.9549868 33.50433482 0 P 0
L 52.95817958 57.2579246 53.15817918 57.2579246 0 P 0
L 52.98428824 20.68537646 52.98428824 20.88537606 0 P 0
L 53.02080836 62.31281924 53.22080796 62.31281924 0 P 0
L 53.05817938 57.1579248 53.05817938 57.3579244 0 P 0
L 53.07145342 32.78719884 53.27145302 32.78719884 0 P 0
L 53.12080816 62.21281944 53.12080816 62.41281904 0 P 0
L 53.17145322 32.68719904 53.17145322 32.88719864 0 P 0
L 53.23479574 42.76024468 53.43479534 42.76024468 0 P 0
L 53.296312 63.39641626 53.4963116 63.39641626 0 P 0
L 53.33351792 19.07025142 53.53351752 19.07025142 0 P 0
L 53.33479554 42.66024488 53.33479554 42.86024448 0 P 0
L 53.35367282 56.15071574 53.55367242 56.15071574 0 P 0
L 53.3963118 63.29641646 53.3963118 63.49641606 0 P 0
L 53.43351772 18.97025162 53.43351772 19.17025122 0 P 0
L 53.43581388 60.73253538 53.63581348 60.73253538 0 P 0
L 53.44425176 16.46369834 53.64425136 16.46369834 0 P 0
L 53.44425176 17.11769754 53.64425136 17.11769754 0 P 0
L 53.44425176 17.77169674 53.64425136 17.77169674 0 P 0
L 53.44425176 18.42569594 53.64425136 18.42569594 0 P 0
L 53.45367262 56.05071594 53.45367262 56.25071554 0 P 0
L 53.4591641 59.28093554 53.6591637 59.28093554 0 P 0
L 53.51368012 32.30537862 53.71367972 32.30537862 0 P 0
L 53.52645886 20.66155126 53.72645846 20.66155126 0 P 0
L 53.53101308 15.81548018 53.73101268 15.81548018 0 P 0
L 53.53581368 60.63253558 53.53581368 60.83253518 0 P 0
L 53.54425156 16.36369854 53.54425156 16.56369814 0 P 0
L 53.54425156 17.01769774 53.54425156 17.21769734 0 P 0
L 53.54425156 17.67169694 53.54425156 17.87169654 0 P 0
L 53.54425156 18.32569614 53.54425156 18.52569574 0 P 0
L 53.5591639 59.18093574 53.5591639 59.38093534 0 P 0
L 53.61130502 57.22416546 53.81130462 57.22416546 0 P 0
L 53.61367992 32.20537882 53.61367992 32.40537842 0 P 0
L 53.62645866 20.56155146 53.62645866 20.76155106 0 P 0
L 53.63101288 15.71548038 53.63101288 15.91547998 0 P 0
L 53.67451292 62.33245344 53.87451252 62.33245344 0 P 0
L 53.67682686 42.27824666 53.87682646 42.27824666 0 P 0
L 53.71130482 57.12416566 53.71130482 57.32416526 0 P 0
L 53.77451272 62.23245364 53.77451272 62.43245324 0 P 0
L 53.77682666 42.17824686 53.77682666 42.37824646 0 P 0
L 53.80354746 15.22097032 54.00354706 15.22097032 0 P 0
L 53.8931104 41.66104444 54.09311 41.66104444 0 P 0
L 53.90354726 15.12097052 53.90354726 15.32097012 0 P 0
L 53.91592468 33.81345282 54.11592428 33.81345282 0 P 0
L 53.91592468 34.46745202 54.11592428 34.46745202 0 P 0
L 53.91592468 35.12145122 54.11592428 35.12145122 0 P 0
L 53.91592468 35.77545042 54.11592428 35.77545042 0 P 0
L 53.91592468 36.42944962 54.11592428 36.42944962 0 P 0
L 53.91592468 37.08344882 54.11592428 37.08344882 0 P 0
L 53.91592468 37.73744802 54.11592428 37.73744802 0 P 0
L 53.91592468 38.39144722 54.11592428 38.39144722 0 P 0
L 53.91592468 39.04544642 54.11592428 39.04544642 0 P 0
L 53.91592468 39.69944562 54.11592428 39.69944562 0 P 0
L 53.91592468 40.35344482 54.11592428 40.35344482 0 P 0
L 53.91592468 41.00744402 54.11592428 41.00744402 0 P 0
L 53.94592462 63.47203714 54.14592422 63.47203714 0 P 0
L 53.9931102 41.56104464 53.9931102 41.76104424 0 P 0
L 53.99666112 56.0312062 54.19666072 56.0312062 0 P 0
L 54.01592448 33.71345302 54.01592448 33.91345262 0 P 0
L 54.01592448 34.36745222 54.01592448 34.56745182 0 P 0
L 54.01592448 35.02145142 54.01592448 35.22145102 0 P 0
L 54.01592448 35.67545062 54.01592448 35.87545022 0 P 0
L 54.01592448 36.32944982 54.01592448 36.52944942 0 P 0
L 54.01592448 36.98344902 54.01592448 37.18344862 0 P 0
L 54.01592448 37.63744822 54.01592448 37.83744782 0 P 0
L 54.01592448 38.29144742 54.01592448 38.49144702 0 P 0
L 54.01592448 38.94544662 54.01592448 39.14544622 0 P 0
L 54.01592448 39.59944582 54.01592448 39.79944542 0 P 0
L 54.01592448 40.25344502 54.01592448 40.45344462 0 P 0
L 54.01592448 40.90744422 54.01592448 41.10744382 0 P 0
L 54.04592442 63.37203734 54.04592442 63.57203694 0 P 0
L 54.08981308 60.73253538 54.28981268 60.73253538 0 P 0
L 54.09666092 55.9312064 54.09666092 56.131206 0 P 0
L 54.09763882 20.3430124 54.29763842 20.3430124 0 P 0
L 54.09952858 32.01469848 54.29952818 32.01469848 0 P 0
L 54.1131633 59.28093554 54.3131629 59.28093554 0 P 0
L 54.1401 33.19907508 54.3400996 33.19907508 0 P 0
L 54.18981288 60.63253558 54.18981288 60.83253518 0 P 0
L 54.19763862 20.2430126 54.19763862 20.4430122 0 P 0
L 54.19952838 31.91469868 54.19952838 32.11469828 0 P 0
L 54.2131631 59.18093574 54.2131631 59.38093534 0 P 0
L 54.2400998 33.09907528 54.2400998 33.29907488 0 P 0
L 54.25167204 57.09132092 54.45167164 57.09132092 0 P 0
L 54.25294966 14.74583792 54.45294926 14.74583792 0 P 0
L 54.31954338 62.44039582 54.51954298 62.44039582 0 P 0
L 54.35167184 56.99132112 54.35167184 57.19132072 0 P 0
L 54.35294946 14.64583812 54.35294946 14.84583772 0 P 0
L 54.41954318 62.34039602 54.41954318 62.54039562 0 P 0
L 54.54361964 19.86466436 54.74361924 19.86466436 0 P 0
L 54.56862848 63.6719199 54.76862808 63.6719199 0 P 0
L 54.60297944 55.78606572 54.80297904 55.78606572 0 P 0
L 54.64361944 19.76466456 54.64361944 19.96466416 0 P 0
L 54.66862828 63.5719201 54.66862828 63.7719197 0 P 0
L 54.70297924 55.68606592 54.70297924 55.88606552 0 P 0
L 54.74381228 60.73253538 54.94381188 60.73253538 0 P 0
L 54.75235176 31.97547834 54.95235136 31.97547834 0 P 0
L 54.7671625 59.28093554 54.9671621 59.28093554 0 P 0
L 54.78723104 33.10454644 54.98723064 33.10454644 0 P 0
L 54.81309586 19.26876258 55.01309546 19.26876258 0 P 0
L 54.8267001 14.43194726 55.0266997 14.43194726 0 P 0
L 54.84381208 60.63253558 54.84381208 60.83253518 0 P 0
L 54.85235156 31.87547854 54.85235156 32.07547814 0 P 0
L 54.86552908 56.8657232 55.06552868 56.8657232 0 P 0
L 54.8671623 59.18093574 54.8671623 59.38093534 0 P 0
L 54.88723084 33.00454664 54.88723084 33.20454624 0 P 0
L 54.8958516 16.65802358 55.0958512 16.65802358 0 P 0
L 54.8958516 17.31202278 55.0958512 17.31202278 0 P 0
L 54.8958516 17.96602198 55.0958512 17.96602198 0 P 0
L 54.8958516 18.62002118 55.0958512 18.62002118 0 P 0
L 54.91309566 19.16876278 54.91309566 19.36876238 0 P 0
L 54.9266999 14.33194746 54.9266999 14.53194706 0 P 0
L 54.9404667 62.6457472 55.1404663 62.6457472 0 P 0
L 54.96552888 56.7657234 54.96552888 56.965723 0 P 0
L 54.9958514 16.55802378 54.9958514 16.75802338 0 P 0
L 54.9958514 17.21202298 54.9958514 17.41202258 0 P 0
L 54.9958514 17.86602218 54.9958514 18.06602178 0 P 0
L 54.9958514 18.52002138 54.9958514 18.72002098 0 P 0
L 55.01585136 16.01512672 55.21585096 16.01512672 0 P 0
L 55.0404665 62.5457474 55.0404665 62.745747 0 P 0
L 55.11585116 15.91512692 55.11585116 16.11512652 0 P 0
L 55.1408854 63.98852074 55.340885 63.98852074 0 P 0
L 55.14528468 55.4205267 55.34528428 55.4205267 0 P 0
L 55.1559095 33.64472316 55.3559091 33.64472316 0 P 0
L 55.16309516 34.29868172 55.36309476 34.29868172 0 P 0
L 55.16309516 34.95268092 55.36309476 34.95268092 0 P 0
L 55.16309516 35.60668012 55.36309476 35.60668012 0 P 0
L 55.16309516 36.26067932 55.36309476 36.26067932 0 P 0
L 55.16309516 36.91467852 55.36309476 36.91467852 0 P 0
L 55.16309516 37.56867772 55.36309476 37.56867772 0 P 0
L 55.16309516 38.22267692 55.36309476 38.22267692 0 P 0
L 55.16309516 38.87667612 55.36309476 38.87667612 0 P 0
L 55.16309516 39.53067532 55.36309476 39.53067532 0 P 0
L 55.16309516 40.18467452 55.36309476 40.18467452 0 P 0
L 55.16309516 40.83867372 55.36309476 40.83867372 0 P 0
L 55.16374032 41.49267292 55.36373992 41.49267292 0 P 0
L 55.2408852 63.88852094 55.2408852 64.08852054 0 P 0
L 55.24528448 55.3205269 55.24528448 55.5205265 0 P 0
L 55.2559093 33.54472336 55.2559093 33.74472296 0 P 0
L 55.26309496 34.19868192 55.26309496 34.39868152 0 P 0
L 55.26309496 34.85268112 55.26309496 35.05268072 0 P 0
L 55.26309496 35.50668032 55.26309496 35.70667992 0 P 0
L 55.26309496 36.16067952 55.26309496 36.36067912 0 P 0
L 55.26309496 36.81467872 55.26309496 37.01467832 0 P 0
L 55.26309496 37.46867792 55.26309496 37.66867752 0 P 0
L 55.26309496 38.12267712 55.26309496 38.32267672 0 P 0
L 55.26309496 38.77667632 55.26309496 38.97667592 0 P 0
L 55.26309496 39.43067552 55.26309496 39.63067512 0 P 0
L 55.26309496 40.08467472 55.26309496 40.28467432 0 P 0
L 55.26309496 40.73867392 55.26309496 40.93867352 0 P 0
L 55.26374012 41.39267312 55.26374012 41.59267272 0 P 0
L 55.32670672 42.12604224 55.52670632 42.12604224 0 P 0
L 55.37553822 32.1738498 55.57553782 32.1738498 0 P 0
L 55.39781148 60.73253538 55.59781108 60.73253538 0 P 0
L 55.4211617 59.28093554 55.6211613 59.28093554 0 P 0
L 55.42670652 42.02604244 55.42670652 42.22604204 0 P 0
L 55.4395005 56.55224402 55.6395001 56.55224402 0 P 0
L 55.4693709 14.31074608 55.6693705 14.31074608 0 P 0
L 55.47553802 32.07385 55.47553802 32.2738496 0 P 0
L 55.49781128 60.63253558 55.49781128 60.83253518 0 P 0
L 55.5211615 59.18093574 55.5211615 59.38093534 0 P 0
L 55.52266518 62.9436765 55.72266478 62.9436765 0 P 0
L 55.5395003 56.45224422 55.5395003 56.65224382 0 P 0
L 55.5693707 14.21074628 55.5693707 14.41074588 0 P 0
L 55.60929188 54.95964624 55.80929148 54.95964624 0 P 0
L 55.61741226 15.75853338 55.81741186 15.75853338 0 P 0
L 55.62266498 62.8436767 55.62266498 63.0436763 0 P 0
L 55.62801676 64.4248902 55.82801636 64.4248902 0 P 0
L 55.70912658 42.65657966 55.90912618 42.65657966 0 P 0
L 55.70929168 54.85964644 55.70929168 55.05964604 0 P 0
L 55.71741206 15.65853358 55.71741206 15.85853318 0 P 0
L 55.72801656 64.3248904 55.72801656 64.52489 0 P 0
L 55.80912638 42.55657986 55.80912638 42.75657946 0 P 0
L 55.8704623 32.60135974 56.0704619 32.60135974 0 P 0
L 55.96107934 56.15769058 56.16107894 56.15769058 0 P 0
L 55.9704621 32.50135994 55.9704621 32.70135954 0 P 0
L 55.97847834 54.41981496 56.17847794 54.41981496 0 P 0
L 56.0178839 64.94997932 56.2178835 64.94997932 0 P 0
L 56.05181068 60.73253538 56.25181028 60.73253538 0 P 0
L 56.0524279 63.3271657 56.2524275 63.3271657 0 P 0
L 56.06107914 56.05769078 56.06107914 56.25769038 0 P 0
L 56.0751609 59.28093554 56.2751605 59.28093554 0 P 0
L 56.07847814 54.31981516 56.07847814 54.51981476 0 P 0
L 56.1178837 64.84997952 56.1178837 65.04997912 0 P 0
L 56.1233574 14.30693354 56.323357 14.30693354 0 P 0
L 56.15181048 60.63253558 56.15181048 60.83253518 0 P 0
L 56.1524277 63.2271659 56.1524277 63.4271655 0 P 0
L 56.1751607 59.18093574 56.1751607 59.38093534 0 P 0
L 56.18109414 33.17688056 56.38109374 33.17688056 0 P 0
L 56.2233572 14.20693374 56.2233572 14.40693334 0 P 0
L 56.23171888 53.81683674 56.43171848 53.81683674 0 P 0
L 56.24692332 33.82755744 56.44692292 33.82755744 0 P 0
L 56.24692332 34.48155664 56.44692292 34.48155664 0 P 0
L 56.24692332 35.13555584 56.44692292 35.13555584 0 P 0
L 56.24692332 35.78955504 56.44692292 35.78955504 0 P 0
L 56.24692332 36.44355424 56.44692292 36.44355424 0 P 0
L 56.24692332 37.09755344 56.44692292 37.09755344 0 P 0
L 56.24692332 37.75155264 56.44692292 37.75155264 0 P 0
L 56.24692332 38.40555184 56.44692292 38.40555184 0 P 0
L 56.24692332 39.05955104 56.44692292 39.05955104 0 P 0
L 56.24692332 39.71355024 56.44692292 39.71355024 0 P 0
L 56.24692332 40.36754944 56.44692292 40.36754944 0 P 0
L 56.24692332 41.02154864 56.44692292 41.02154864 0 P 0
L 56.2611143 65.55706472 56.4611139 65.55706472 0 P 0
L 56.26876732 42.99498386 56.46876692 42.99498386 0 P 0
L 56.27141146 15.75853338 56.47141106 15.75853338 0 P 0
L 56.28109394 33.07688076 56.28109394 33.27688036 0 P 0
L 56.31866562 41.67160068 56.51866522 41.67160068 0 P 0
L 56.33171868 53.71683694 56.33171868 53.91683654 0 P 0
L 56.34692312 33.72755764 56.34692312 33.92755724 0 P 0
L 56.34692312 34.38155684 56.34692312 34.58155644 0 P 0
L 56.34692312 35.03555604 56.34692312 35.23555564 0 P 0
L 56.34692312 35.68955524 56.34692312 35.88955484 0 P 0
L 56.34692312 36.34355444 56.34692312 36.54355404 0 P 0
L 56.34692312 36.99755364 56.34692312 37.19755324 0 P 0
L 56.34692312 37.65155284 56.34692312 37.85155244 0 P 0
L 56.34692312 38.30555204 56.34692312 38.50555164 0 P 0
L 56.34692312 38.95955124 56.34692312 39.15955084 0 P 0
L 56.34692312 39.61355044 56.34692312 39.81355004 0 P 0
L 56.34692312 40.26754964 56.34692312 40.46754924 0 P 0
L 56.34692312 40.92154884 56.34692312 41.12154844 0 P 0
L 56.35555658 53.17466886 56.55555618 53.17466886 0 P 0
L 56.359552 66.2036141 56.5595516 66.2036141 0 P 0
L 56.3611141 65.45706492 56.3611141 65.65706452 0 P 0
L 56.36876712 42.89498406 56.36876712 43.09498366 0 P 0
L 56.37141126 15.65853358 56.37141126 15.85853318 0 P 0
L 56.38114454 47.94317564 56.58114414 47.94317564 0 P 0
L 56.38114454 48.59717484 56.58114414 48.59717484 0 P 0
L 56.38114454 49.25117404 56.58114414 49.25117404 0 P 0
L 56.38114454 49.90517324 56.58114414 49.90517324 0 P 0
L 56.38114454 50.55917244 56.58114414 50.55917244 0 P 0
L 56.38114454 51.21317164 56.58114414 51.21317164 0 P 0
L 56.38114454 51.86717084 56.58114414 51.86717084 0 P 0
L 56.38114454 52.52117004 56.58114414 52.52117004 0 P 0
L 56.38114454 66.8572577 56.58114414 66.8572577 0 P 0
L 56.38114454 67.5112569 56.58114414 67.5112569 0 P 0
L 56.38114454 68.1652561 56.58114414 68.1652561 0 P 0
L 56.38114454 68.8192553 56.58114414 68.8192553 0 P 0
L 56.38114454 69.4732545 56.58114414 69.4732545 0 P 0
L 56.38114454 70.1272537 56.58114414 70.1272537 0 P 0
L 56.38114454 70.7812529 56.58114414 70.7812529 0 P 0
L 56.38114454 71.4352521 56.58114414 71.4352521 0 P 0
L 56.38114454 72.0892513 56.58114414 72.0892513 0 P 0
L 56.39441604 72.74311588 56.59441564 72.74311588 0 P 0
L 56.39701192 47.28936948 56.59701152 47.28936948 0 P 0
L 56.41866542 41.57160088 56.41866542 41.77160048 0 P 0
L 56.41887624 55.69064046 56.61887584 55.69064046 0 P 0
L 56.45555638 53.07466906 56.45555638 53.27466866 0 P 0
L 56.4595518 66.1036143 56.4595518 66.3036139 0 P 0
L 56.48114434 47.84317584 56.48114434 48.04317544 0 P 0
L 56.48114434 48.49717504 56.48114434 48.69717464 0 P 0
L 56.48114434 49.15117424 56.48114434 49.35117384 0 P 0
L 56.48114434 49.80517344 56.48114434 50.00517304 0 P 0
L 56.48114434 50.45917264 56.48114434 50.65917224 0 P 0
L 56.48114434 51.11317184 56.48114434 51.31317144 0 P 0
L 56.48114434 51.76717104 56.48114434 51.96717064 0 P 0
L 56.48114434 52.42117024 56.48114434 52.62116984 0 P 0
L 56.48114434 66.7572579 56.48114434 66.9572575 0 P 0
L 56.48114434 67.4112571 56.48114434 67.6112567 0 P 0
L 56.48114434 68.0652563 56.48114434 68.2652559 0 P 0
L 56.48114434 68.7192555 56.48114434 68.9192551 0 P 0
L 56.48114434 69.3732547 56.48114434 69.5732543 0 P 0
L 56.48114434 70.0272539 56.48114434 70.2272535 0 P 0
L 56.48114434 70.6812531 56.48114434 70.8812527 0 P 0
L 56.48114434 71.3352523 56.48114434 71.5352519 0 P 0
L 56.48114434 71.9892515 56.48114434 72.1892511 0 P 0
L 56.49441584 72.64311608 56.49441584 72.84311568 0 P 0
L 56.49701172 47.18936968 56.49701172 47.38936928 0 P 0
L 56.51133732 73.38657916 56.71133692 73.38657916 0 P 0
L 56.517286 63.78719018 56.7172856 63.78719018 0 P 0
L 56.51887604 55.59064066 56.51887604 55.79064026 0 P 0
L 56.51917322 46.64687902 56.71917282 46.64687902 0 P 0
L 56.61133712 73.28657936 56.61133712 73.48657896 0 P 0
L 56.6172858 63.68719038 56.6172858 63.88718998 0 P 0
L 56.61917302 46.54687922 56.61917302 46.74687882 0 P 0
L 56.70580988 60.73253538 56.90580948 60.73253538 0 P 0
L 56.7291601 59.28093554 56.9291597 59.28093554 0 P 0
L 56.7683904 73.98794194 56.96839 73.98794194 0 P 0
L 56.7773566 14.30693354 56.9773562 14.30693354 0 P 0
L 56.78551762 46.04957262 56.98551722 46.04957262 0 P 0
L 56.80291154 55.16127144 57.00291114 55.16127144 0 P 0
L 56.80580968 60.63253558 56.80580968 60.83253518 0 P 0
L 56.8291599 59.18093574 56.8291599 59.38093534 0 P 0
L 56.8683902 73.88794214 56.8683902 74.08794174 0 P 0
L 56.87314254 42.01840212 57.07314214 42.01840212 0 P 0
L 56.8773564 14.20693374 56.8773564 14.40693334 0 P 0
L 56.88551742 45.94957282 56.88551742 46.14957242 0 P 0
L 56.90291134 55.06127164 56.90291134 55.26127124 0 P 0
L 56.90629208 64.31291684 57.10629168 64.31291684 0 P 0
L 56.91231442 43.11144286 57.11231402 43.11144286 0 P 0
L 56.92541066 15.75853338 57.12541026 15.75853338 0 P 0
L 56.97314234 41.91840232 56.97314234 42.11840192 0 P 0
L 57.00629188 64.21291704 57.00629188 64.41291664 0 P 0
L 57.01231422 43.01144306 57.01231422 43.21144266 0 P 0
L 57.02541046 15.65853358 57.02541046 15.85853318 0 P 0
L 57.1048134 54.58112274 57.304813 54.58112274 0 P 0
L 57.14675896 74.5213775 57.34675856 74.5213775 0 P 0
L 57.1680721 45.51913172 57.3680717 45.51913172 0 P 0
L 57.2048132 54.48112294 57.2048132 54.68112254 0 P 0
L 57.2068833 64.89374372 57.4068829 64.89374372 0 P 0
L 57.24675876 74.4213777 57.24675876 74.6213773 0 P 0
L 57.2680719 45.41913192 57.2680719 45.61913152 0 P 0
L 57.3068831 64.79374392 57.3068831 64.99374352 0 P 0
L 57.31800322 53.9628461 57.51800282 53.9628461 0 P 0
L 57.35980908 60.73253538 57.55980868 60.73253538 0 P 0
L 57.3670176 65.52783694 57.5670172 65.52783694 0 P 0
L 57.3831593 59.28093554 57.5831589 59.28093554 0 P 0
L 57.41800302 53.8628463 57.41800302 54.0628459 0 P 0
L 57.42443684 41.66656132 57.62443644 41.66656132 0 P 0
L 57.4313558 14.30693354 57.6313554 14.30693354 0 P 0
L 57.43785058 53.31992384 57.63785018 53.31992384 0 P 0
L 57.45047184 66.17648944 57.65047144 66.17648944 0 P 0
L 57.45980888 60.63253558 57.45980888 60.83253518 0 P 0
L 57.4649727 48.08849158 57.6649723 48.08849158 0 P 0
L 57.4649727 48.74249078 57.6649723 48.74249078 0 P 0
L 57.4649727 49.39648998 57.6649723 49.39648998 0 P 0
L 57.4649727 50.05048918 57.6649723 50.05048918 0 P 0
L 57.4649727 50.70448838 57.6649723 50.70448838 0 P 0
L 57.4649727 51.35848758 57.6649723 51.35848758 0 P 0
L 57.4649727 52.01248678 57.6649723 52.01248678 0 P 0
L 57.4649727 52.66648598 57.6649723 52.66648598 0 P 0
L 57.4649727 66.83032608 57.6649723 66.83032608 0 P 0
L 57.4649727 67.48432528 57.6649723 67.48432528 0 P 0
L 57.4649727 68.13832448 57.6649723 68.13832448 0 P 0
L 57.4649727 68.79232368 57.6649723 68.79232368 0 P 0
L 57.4649727 69.44632288 57.6649723 69.44632288 0 P 0
L 57.4649727 70.10032208 57.6649723 70.10032208 0 P 0
L 57.4649727 70.75432128 57.6649723 70.75432128 0 P 0
L 57.4649727 71.40832048 57.6649723 71.40832048 0 P 0
L 57.4649727 72.06231968 57.6649723 72.06231968 0 P 0
L 57.4670174 65.42783714 57.4670174 65.62783674 0 P 0
L 57.47856678 47.43463462 57.67856638 47.43463462 0 P 0
L 57.4831591 59.18093574 57.4831591 59.38093534 0 P 0
L 57.48694878 72.71595058 57.68694838 72.71595058 0 P 0
L 57.4940938 33.82229202 57.6940934 33.82229202 0 P 0
L 57.4940938 34.47629122 57.6940934 34.47629122 0 P 0
L 57.4940938 35.13029042 57.6940934 35.13029042 0 P 0
L 57.4940938 35.78428962 57.6940934 35.78428962 0 P 0
L 57.4940938 36.43828882 57.6940934 36.43828882 0 P 0
L 57.4940938 37.09228802 57.6940934 37.09228802 0 P 0
L 57.4940938 37.74628722 57.6940934 37.74628722 0 P 0
L 57.4940938 38.40028642 57.6940934 38.40028642 0 P 0
L 57.4940938 39.05428562 57.6940934 39.05428562 0 P 0
L 57.4940938 39.70828482 57.6940934 39.70828482 0 P 0
L 57.4940938 40.36228402 57.6940934 40.36228402 0 P 0
L 57.4940938 41.01628322 57.6940934 41.01628322 0 P 0
L 57.52443664 41.56656152 57.52443664 41.76656112 0 P 0
L 57.5313556 14.20693374 57.5313556 14.40693334 0 P 0
L 57.53785038 53.21992404 57.53785038 53.41992364 0 P 0
L 57.5492626 42.963084 57.7492622 42.963084 0 P 0
L 57.55047164 66.07648964 57.55047164 66.27648924 0 P 0
L 57.56166542 33.17179294 57.76166502 33.17179294 0 P 0
L 57.5649725 47.98849178 57.5649725 48.18849138 0 P 0
L 57.5649725 48.64249098 57.5649725 48.84249058 0 P 0
L 57.5649725 49.29649018 57.5649725 49.49648978 0 P 0
L 57.5649725 49.95048938 57.5649725 50.15048898 0 P 0
L 57.5649725 50.60448858 57.5649725 50.80448818 0 P 0
L 57.5649725 51.25848778 57.5649725 51.45848738 0 P 0
L 57.5649725 51.91248698 57.5649725 52.11248658 0 P 0
L 57.5649725 52.56648618 57.5649725 52.76648578 0 P 0
L 57.5649725 66.73032628 57.5649725 66.93032588 0 P 0
L 57.5649725 67.38432548 57.5649725 67.58432508 0 P 0
L 57.5649725 68.03832468 57.5649725 68.23832428 0 P 0
L 57.5649725 68.69232388 57.5649725 68.89232348 0 P 0
L 57.5649725 69.34632308 57.5649725 69.54632268 0 P 0
L 57.5649725 70.00032228 57.5649725 70.20032188 0 P 0
L 57.5649725 70.65432148 57.5649725 70.85432108 0 P 0
L 57.5649725 71.30832068 57.5649725 71.50832028 0 P 0
L 57.5649725 71.96231988 57.5649725 72.16231948 0 P 0
L 57.57856658 47.33463482 57.57856658 47.53463442 0 P 0
L 57.57940986 15.75853592 57.77940946 15.75853592 0 P 0
L 57.58694858 72.61595078 57.58694858 72.81595038 0 P 0
L 57.5940936 33.72229222 57.5940936 33.92229182 0 P 0
L 57.5940936 34.37629142 57.5940936 34.57629102 0 P 0
L 57.5940936 35.03029062 57.5940936 35.23029022 0 P 0
L 57.5940936 35.68428982 57.5940936 35.88428942 0 P 0
L 57.5940936 36.33828902 57.5940936 36.53828862 0 P 0
L 57.5940936 36.99228822 57.5940936 37.19228782 0 P 0
L 57.5940936 37.64628742 57.5940936 37.84628702 0 P 0
L 57.5940936 38.30028662 57.5940936 38.50028622 0 P 0
L 57.5940936 38.95428582 57.5940936 39.15428542 0 P 0
L 57.5940936 39.60828502 57.5940936 39.80828462 0 P 0
L 57.5940936 40.26228422 57.5940936 40.46228382 0 P 0
L 57.5940936 40.91628342 57.5940936 41.11628302 0 P 0
L 57.62274226 74.96988054 57.82274186 74.96988054 0 P 0
L 57.62309532 46.79680506 57.82309492 46.79680506 0 P 0
L 57.6492624 42.8630842 57.6492624 43.0630838 0 P 0
L 57.65153316 45.07870334 57.85153276 45.07870334 0 P 0
L 57.66166522 33.07179314 57.66166522 33.27179274 0 P 0
L 57.6641595 73.34548196 57.8641591 73.34548196 0 P 0
L 57.67940966 15.65853612 57.67940966 15.85853572 0 P 0
L 57.72274206 74.86988074 57.72274206 75.06988034 0 P 0
L 57.72309512 46.69680526 57.72309512 46.89680486 0 P 0
L 57.75153296 44.97870354 57.75153296 45.17870314 0 P 0
L 57.7641593 73.24548216 57.7641593 73.44548176 0 P 0
L 57.87382126 32.59709762 58.07382086 32.59709762 0 P 0
L 57.97382106 32.49709782 57.97382106 32.69709742 0 P 0
L 57.9781924 46.24760372 58.178192 46.24760372 0 P 0
L 58.01380828 60.73253538 58.21380788 60.73253538 0 P 0
L 58.03347296 73.88522434 58.23347256 73.88522434 0 P 0
L 58.0371585 59.28093554 58.2371581 59.28093554 0 P 0
L 58.0781922 46.14760392 58.0781922 46.34760352 0 P 0
L 58.085355 14.30693354 58.2853546 14.30693354 0 P 0
L 58.09140274 42.5972986 58.29140234 42.5972986 0 P 0
L 58.11380808 60.63253558 58.11380808 60.83253518 0 P 0
L 58.13347276 73.78522454 58.13347276 73.98522414 0 P 0
L 58.1371583 59.18093574 58.1371583 59.38093534 0 P 0
L 58.1853548 14.20693374 58.1853548 14.40693334 0 P 0
L 58.1888092 75.29741862 58.3888088 75.29741862 0 P 0
L 58.19140254 42.4972988 58.19140254 42.6972984 0 P 0
L 58.21990134 44.75516576 58.41990094 44.75516576 0 P 0
L 58.23340906 15.75853592 58.43340866 15.75853592 0 P 0
L 58.288809 75.19741882 58.288809 75.39741842 0 P 0
L 58.31990114 44.65516596 58.31990114 44.85516556 0 P 0
L 58.33340886 15.65853612 58.33340886 15.85853572 0 P 0
L 58.36988072 32.17090594 58.56988032 32.17090594 0 P 0
L 58.44657348 42.04814552 58.64657308 42.04814552 0 P 0
L 58.46988052 32.07090614 58.46988052 32.27090574 0 P 0
L 58.48870192 45.8388339 58.68870152 45.8388339 0 P 0
L 58.54657328 41.94814572 58.54657328 42.14814532 0 P 0
L 58.56440662 74.26709556 58.76440622 74.26709556 0 P 0
L 58.57792196 34.21487188 58.77792156 34.21487188 0 P 0
L 58.57792196 34.86887108 58.77792156 34.86887108 0 P 0
L 58.57792196 35.52287028 58.77792156 35.52287028 0 P 0
L 58.57792196 36.17686948 58.77792156 36.17686948 0 P 0
L 58.57792196 36.83086868 58.77792156 36.83086868 0 P 0
L 58.57792196 37.48486788 58.77792156 37.48486788 0 P 0
L 58.57792196 38.13886708 58.77792156 38.13886708 0 P 0
L 58.57792196 38.79286628 58.77792156 38.79286628 0 P 0
L 58.57792196 39.44686548 58.77792156 39.44686548 0 P 0
L 58.57792196 40.10086468 58.77792156 40.10086468 0 P 0
L 58.57792196 40.75486388 58.77792156 40.75486388 0 P 0
L 58.58439134 41.4088326 58.78439094 41.4088326 0 P 0
L 58.58870172 45.7388341 58.58870172 45.9388337 0 P 0
L 58.59610836 33.56112668 58.79610796 33.56112668 0 P 0
L 58.66440642 74.16709576 58.66440642 74.36709536 0 P 0
L 58.66780748 60.73253538 58.86780708 60.73253538 0 P 0
L 58.67792176 34.11487208 58.67792176 34.31487168 0 P 0
L 58.67792176 34.76887128 58.67792176 34.96887088 0 P 0
L 58.67792176 35.42287048 58.67792176 35.62287008 0 P 0
L 58.67792176 36.07686968 58.67792176 36.27686928 0 P 0
L 58.67792176 36.73086888 58.67792176 36.93086848 0 P 0
L 58.67792176 37.38486808 58.67792176 37.58486768 0 P 0
L 58.67792176 38.03886728 58.67792176 38.23886688 0 P 0
L 58.67792176 38.69286648 58.67792176 38.89286608 0 P 0
L 58.67792176 39.34686568 58.67792176 39.54686528 0 P 0
L 58.67792176 40.00086488 58.67792176 40.20086448 0 P 0
L 58.67792176 40.65486408 58.67792176 40.85486368 0 P 0
L 58.68439114 41.3088328 58.68439114 41.5088324 0 P 0
L 58.6911577 59.28093554 58.8911573 59.28093554 0 P 0
L 58.69610816 33.46112688 58.69610816 33.66112648 0 P 0
L 58.7393542 14.30693354 58.9393538 14.30693354 0 P 0
L 58.73976314 4.98239796 60.23978554 4.98239796 0 P 0
L 58.73976314 10.08256556 60.23978554 10.08256556 0 P 0
L 58.73976314 19.9823959 60.23978554 19.9823959 0 P 0
L 58.73976314 25.0825635 60.23978554 25.0825635 0 P 0
L 58.73976314 49.98239686 60.23978554 49.98239686 0 P 0
L 58.73976314 55.08256446 60.23978554 55.08256446 0 P 0
L 58.73976314 64.98239734 60.23978554 64.98239734 0 P 0
L 58.73976314 70.08256494 60.23978554 70.08256494 0 P 0
L 58.76780728 60.63253558 58.76780728 60.83253518 0 P 0
L 58.7911575 59.18093574 58.7911575 59.38093534 0 P 0
L 58.80990778 75.5022366 59.00990738 75.5022366 0 P 0
L 58.839354 14.20693374 58.839354 14.40693334 0 P 0
L 58.84263314 44.5553719 59.04263274 44.5553719 0 P 0
L 58.88740826 15.75853592 59.08740786 15.75853592 0 P 0
L 58.90990758 75.4022368 58.90990758 75.6022364 0 P 0
L 58.94263294 44.4553721 58.94263294 44.6553717 0 P 0
L 58.98740806 15.65853612 58.98740806 15.85853572 0 P 0
L 58.993786 31.9748027 59.1937856 31.9748027 0 P 0
L 59.03091318 33.07259832 59.23091278 33.07259832 0 P 0
L 59.0937858 31.8748029 59.0937858 32.0748025 0 P 0
L 59.1014566 45.61025422 59.3014562 45.61025422 0 P 0
L 59.13091298 32.97259852 59.13091298 33.17259812 0 P 0
L 59.18813918 74.46374744 59.38813878 74.46374744 0 P 0
L 59.2014564 45.51025442 59.2014564 45.71025402 0 P 0
L 59.28813898 74.36374764 59.28813898 74.56374724 0 P 0
L 59.32180668 60.73253538 59.52180628 60.73253538 0 P 0
L 59.3451569 59.28093554 59.5451565 59.28093554 0 P 0
L 59.3933534 14.30693354 59.593353 14.30693354 0 P 0
L 59.42180648 60.63253558 59.42180648 60.83253518 0 P 0
L 59.4451567 59.18093574 59.4451567 59.38093534 0 P 0
L 59.459368 75.57916812 59.6593676 75.57916812 0 P 0
L 59.48977434 4.23238676 59.48977434 5.73240916 0 P 0
L 59.48977434 9.33255436 59.48977434 10.83257676 0 P 0
L 59.48977434 19.2323847 59.48977434 20.7324071 0 P 0
L 59.48977434 24.3325523 59.48977434 25.8325747 0 P 0
L 59.48977434 49.23238566 59.48977434 50.73240806 0 P 0
L 59.48977434 54.33255326 59.48977434 55.83257566 0 P 0
L 59.48977434 64.23238614 59.48977434 65.73240854 0 P 0
L 59.48977434 69.33255374 59.48977434 70.83257614 0 P 0
L 59.4933532 14.20693374 59.4933532 14.40693334 0 P 0
L 59.49343956 44.49082034 59.69343916 44.49082034 0 P 0
L 59.54136428 15.76589684 59.74136388 15.76589684 0 P 0
L 59.5593678 75.47916832 59.5593678 75.67916792 0 P 0
L 59.59343936 44.39082054 59.59343936 44.59082014 0 P 0
L 59.64136408 15.66589704 59.64136408 15.86589664 0 P 0
L 59.64648472 32.01602944 59.84648432 32.01602944 0 P 0
L 59.65914916 33.25434802 59.85914876 33.25434802 0 P 0
L 59.74648452 31.91602964 59.74648452 32.11602924 0 P 0
L 59.75448552 45.5746485 59.95448512 45.5746485 0 P 0
L 59.75914896 33.15434822 59.75914896 33.35434782 0 P 0
L 59.82509244 33.88694264 60.02509204 33.88694264 0 P 0
L 59.82509244 34.54094184 60.02509204 34.54094184 0 P 0
L 59.82509244 35.19494104 60.02509204 35.19494104 0 P 0
L 59.82509244 35.84894024 60.02509204 35.84894024 0 P 0
L 59.82509244 36.50293944 60.02509204 36.50293944 0 P 0
L 59.82509244 37.15693864 60.02509204 37.15693864 0 P 0
L 59.82509244 37.81093784 60.02509204 37.81093784 0 P 0
L 59.82509244 38.46493704 60.02509204 38.46493704 0 P 0
L 59.82509244 39.11893624 60.02509204 39.11893624 0 P 0
L 59.82509244 39.77293544 60.02509204 39.77293544 0 P 0
L 59.82509244 40.42693464 60.02509204 40.42693464 0 P 0
L 59.82509244 41.08093384 60.02509204 41.08093384 0 P 0
L 59.84157958 74.49081876 60.04157918 74.49081876 0 P 0
L 59.85448532 45.4746487 59.85448532 45.6746483 0 P 0
L 59.8575257 41.7341304 60.0575253 41.7341304 0 P 0
L 59.92509224 33.78694284 59.92509224 33.98694244 0 P 0
L 59.92509224 34.44094204 59.92509224 34.64094164 0 P 0
L 59.92509224 35.09494124 59.92509224 35.29494084 0 P 0
L 59.92509224 35.74894044 59.92509224 35.94894004 0 P 0
L 59.92509224 36.40293964 59.92509224 36.60293924 0 P 0
L 59.92509224 37.05693884 59.92509224 37.25693844 0 P 0
L 59.92509224 37.71093804 59.92509224 37.91093764 0 P 0
L 59.92509224 38.36493724 59.92509224 38.56493684 0 P 0
L 59.92509224 39.01893644 59.92509224 39.21893604 0 P 0
L 59.92509224 39.67293564 59.92509224 39.87293524 0 P 0
L 59.92509224 40.32693484 59.92509224 40.52693444 0 P 0
L 59.92509224 40.98093404 59.92509224 41.18093364 0 P 0
L 59.94157938 74.39081896 59.94157938 74.59081856 0 P 0
L 59.9575255 41.6341306 59.9575255 41.8341302 0 P 0
L 59.97026614 60.8174806 60.17026574 60.8174806 0 P 0
L 59.99268926 59.18918566 60.19268886 59.18918566 0 P 0
L 60.03875216 14.20121366 60.23875176 14.20121366 0 P 0
L 60.07026594 60.7174808 60.07026594 60.9174804 0 P 0
L 60.09268906 59.08918586 60.09268906 59.28918546 0 P 0
L 60.10541446 42.33932858 60.30541406 42.33932858 0 P 0
L 60.11335196 75.57464692 60.31335156 75.57464692 0 P 0
L 60.13875196 14.10121386 60.13875196 14.30121346 0 P 0
L 60.14743876 44.49082034 60.34743836 44.49082034 0 P 0
L 60.17994314 15.90708782 60.37994274 15.90708782 0 P 0
L 60.20541426 42.23932878 60.20541426 42.43932838 0 P 0
L 60.21335176 75.47464712 60.21335176 75.67464672 0 P 0
L 60.23143148 32.30852314 60.43143108 32.30852314 0 P 0
L 60.24743856 44.39082054 60.24743856 44.59082014 0 P 0
L 60.27994294 15.80708802 60.27994294 16.00708762 0 P 0
L 60.33143128 32.20852334 60.33143128 32.40852294 0 P 0
L 60.40848472 45.5746485 60.60848432 45.5746485 0 P 0
L 60.49557878 74.49081876 60.69557838 74.49081876 0 P 0
L 60.50848452 45.4746487 60.50848452 45.6746483 0 P 0
L 60.56289894 61.09406882 60.76289854 61.09406882 0 P 0
L 60.56458296 42.80502996 60.76458256 42.80502996 0 P 0
L 60.5720023 67.72751758 60.7720019 67.72751758 0 P 0
L 60.57715596 22.29879716 60.77715556 22.29879716 0 P 0
L 60.57868504 52.2871827 60.77868464 52.2871827 0 P 0
L 60.5805748 7.2728328 60.7805744 7.2728328 0 P 0
L 60.58135458 58.904251 60.78135418 58.904251 0 P 0
L 60.59557858 74.39081896 60.59557858 74.59081856 0 P 0
L 60.61034868 7.92615382 60.81034828 7.92615382 0 P 0
L 60.61327476 52.9402675 60.81327436 52.9402675 0 P 0
L 60.6179382 22.95152382 60.8179378 22.95152382 0 P 0
L 60.61894658 13.89940324 60.81894618 13.89940324 0 P 0
L 60.633483 67.07641398 60.8334826 67.07641398 0 P 0
L 60.66289874 60.99406902 60.66289874 61.19406862 0 P 0
L 60.66458276 42.70503016 60.66458276 42.90502976 0 P 0
L 60.67190304 32.79194864 60.87190264 32.79194864 0 P 0
L 60.6720021 67.62751778 60.6720021 67.82751738 0 P 0
L 60.67715576 22.19879736 60.67715576 22.39879696 0 P 0
L 60.67868484 52.1871829 60.67868484 52.3871825 0 P 0
L 60.6805746 7.172833 60.6805746 7.3728326 0 P 0
L 60.68135438 58.8042512 60.68135438 59.0042508 0 P 0
L 60.71034848 7.82615402 60.71034848 8.02615362 0 P 0
L 60.71327456 52.8402677 60.71327456 53.0402673 0 P 0
L 60.717938 22.85152402 60.717938 23.05152362 0 P 0
L 60.71894638 13.79940344 60.71894638 13.99940304 0 P 0
L 60.73152954 16.2584638 60.93152914 16.2584638 0 P 0
L 60.7334828 66.97641418 60.7334828 67.17641378 0 P 0
L 60.76735116 75.57464692 60.96735076 75.57464692 0 P 0
L 60.77190284 32.69194884 60.77190284 32.89194844 0 P 0
L 60.80143796 44.49082034 61.00143756 44.49082034 0 P 0
L 60.81411764 68.33504748 61.01411724 68.33504748 0 P 0
L 60.83152934 16.158464 60.83152934 16.3584636 0 P 0
L 60.8381308 21.69912602 61.0381304 21.69912602 0 P 0
L 60.84517676 51.68994234 61.04517636 51.68994234 0 P 0
L 60.85383562 6.67865822 61.05383522 6.67865822 0 P 0
L 60.86735096 75.47464712 60.86735096 75.67464672 0 P 0
L 60.88672862 33.40965632 61.08672822 33.40965632 0 P 0
L 60.90143776 44.39082054 60.90143776 44.59082014 0 P 0
L 60.9089206 34.0632796 61.1089202 34.0632796 0 P 0
L 60.9089206 34.7172788 61.1089202 34.7172788 0 P 0
L 60.9089206 35.371278 61.1089202 35.371278 0 P 0
L 60.9089206 36.0252772 61.1089202 36.0252772 0 P 0
L 60.9089206 36.6792764 61.1089202 36.6792764 0 P 0
L 60.9089206 37.3332756 61.1089202 37.3332756 0 P 0
L 60.9089206 37.9872748 61.1089202 37.9872748 0 P 0
L 60.9089206 38.641274 61.1089202 38.641274 0 P 0
L 60.9089206 39.2952732 61.1089202 39.2952732 0 P 0
L 60.9089206 39.9492724 61.1089202 39.9492724 0 P 0
L 60.9089206 40.6032716 61.1089202 40.6032716 0 P 0
L 60.9089206 41.2572708 61.1089202 41.2572708 0 P 0
L 60.91411744 68.23504768 60.91411744 68.43504728 0 P 0
L 60.9381306 21.59912622 60.9381306 21.79912582 0 P 0
L 60.93915676 8.4914867 61.13915636 8.4914867 0 P 0
L 60.94517656 51.58994254 60.94517656 51.78994214 0 P 0
L 60.94994922 53.50094964 61.14994882 53.50094964 0 P 0
L 60.95383542 6.57865842 60.95383542 6.77865802 0 P 0
L 60.95944628 23.50927734 61.15944588 23.50927734 0 P 0
L 60.98648458 66.5258639 61.18648418 66.5258639 0 P 0
L 60.98672842 33.30965652 60.98672842 33.50965612 0 P 0
L 61.0089204 33.9632798 61.0089204 34.1632794 0 P 0
L 61.0089204 34.617279 61.0089204 34.8172786 0 P 0
L 61.0089204 35.2712782 61.0089204 35.4712778 0 P 0
L 61.0089204 35.9252774 61.0089204 36.125277 0 P 0
L 61.0089204 36.5792766 61.0089204 36.7792762 0 P 0
L 61.0089204 37.2332758 61.0089204 37.4332754 0 P 0
L 61.0089204 37.887275 61.0089204 38.0872746 0 P 0
L 61.0089204 38.5412742 61.0089204 38.7412738 0 P 0
L 61.0089204 39.1952734 61.0089204 39.395273 0 P 0
L 61.0089204 39.8492726 61.0089204 40.0492722 0 P 0
L 61.0089204 40.5032718 61.0089204 40.7032714 0 P 0
L 61.0089204 41.157271 61.0089204 41.3572706 0 P 0
L 61.02994652 61.5518708 61.22994612 61.5518708 0 P 0
L 61.03915656 8.3914869 61.03915656 8.5914865 0 P 0
L 61.04511286 58.44311908 61.24511246 58.44311908 0 P 0
L 61.04994902 53.40094984 61.04994902 53.60094944 0 P 0
L 61.05944608 23.40927754 61.05944608 23.60927714 0 P 0
L 61.06248392 45.5746485 61.26248352 45.5746485 0 P 0
L 61.07593576 13.43156064 61.27593536 13.43156064 0 P 0
L 61.08648438 66.4258641 61.08648438 66.6258637 0 P 0
L 61.10001242 15.27366008 61.30001202 15.27366008 0 P 0
L 61.1221155 60.26120282 61.3221151 60.26120282 0 P 0
L 61.12994632 61.451871 61.12994632 61.6518706 0 P 0
L 61.13727676 41.87010676 61.33727636 41.87010676 0 P 0
L 61.14511266 58.34311928 61.14511266 58.54311888 0 P 0
L 61.14957798 74.49081876 61.34957758 74.49081876 0 P 0
L 61.15073114 16.76044654 61.35073074 16.76044654 0 P 0
L 61.16248372 45.4746487 61.16248372 45.6746483 0 P 0
L 61.16258278 43.06981734 61.36258238 43.06981734 0 P 0
L 61.17593556 13.33156084 61.17593556 13.53156044 0 P 0
L 61.20001222 15.17366028 61.20001222 15.37365988 0 P 0
L 61.2221153 60.16120302 61.2221153 60.36120262 0 P 0
L 61.23727656 41.77010696 61.23727656 41.97010656 0 P 0
L 61.24957778 74.39081896 61.24957778 74.59081856 0 P 0
L 61.25073094 16.66044674 61.25073094 16.86044634 0 P 0
L 61.26258258 42.96981754 61.26258258 43.16981714 0 P 0
L 61.2865043 59.6282018 61.4865039 59.6282018 0 P 0
L 61.29288986 14.64874896 61.49288946 14.64874896 0 P 0
L 61.30640774 68.76559018 61.50640734 68.76559018 0 P 0
L 61.32975288 62.13310154 61.52975248 62.13310154 0 P 0
L 61.33663374 57.85768718 61.53663334 57.85768718 0 P 0
L 61.34380416 21.2843872 61.54380376 21.2843872 0 P 0
L 61.35049706 12.8379855 61.55049666 12.8379855 0 P 0
L 61.35466012 51.27988982 61.55465972 51.27988982 0 P 0
L 61.36459914 7.53273576 62.71460914 7.53273576 0 P 0
L 61.36459914 22.5327337 62.71460914 22.5327337 0 P 0
L 61.36459914 52.53273466 62.71460914 52.53273466 0 P 0
L 61.36459914 67.53273514 62.71460914 67.53273514 0 P 0
L 61.367924 6.2743969 61.5679236 6.2743969 0 P 0
L 61.3865041 59.528202 61.3865041 59.7282016 0 P 0
L 61.39288966 14.54874916 61.39288966 14.74874876 0 P 0
L 61.39308778 17.36788246 61.59308738 17.36788246 0 P 0
L 61.40640754 68.66559038 61.40640754 68.86558998 0 P 0
L 61.42135036 75.57464692 61.62134996 75.57464692 0 P 0
L 61.42975268 62.03310174 61.42975268 62.23310134 0 P 0
L 61.43380398 8.91931922 61.63380358 8.91931922 0 P 0
L 61.43380398 9.57331842 61.63380358 9.57331842 0 P 0
L 61.43380398 10.22731762 61.63380358 10.22731762 0 P 0
L 61.43380398 10.88131682 61.63380358 10.88131682 0 P 0
L 61.43380398 11.53531602 61.63380358 11.53531602 0 P 0
L 61.43380398 12.18931522 61.63380358 12.18931522 0 P 0
L 61.43380398 18.02061166 61.63380358 18.02061166 0 P 0
L 61.43380398 18.67461086 61.63380358 18.67461086 0 P 0
L 61.43380398 19.32861006 61.63380358 19.32861006 0 P 0
L 61.43380398 19.98260926 61.63380358 19.98260926 0 P 0
L 61.43380398 20.63660846 61.63380358 20.63660846 0 P 0
L 61.43380398 53.9409513 61.63380358 53.9409513 0 P 0
L 61.43380398 54.5949505 61.63380358 54.5949505 0 P 0
L 61.43380398 55.2489497 61.63380358 55.2489497 0 P 0
L 61.43380398 55.9029489 61.63380358 55.9029489 0 P 0
L 61.43380398 56.5569481 61.63380358 56.5569481 0 P 0
L 61.43380398 57.2109473 61.63380358 57.2109473 0 P 0
L 61.43380398 62.77877208 61.63380358 62.77877208 0 P 0
L 61.43380398 63.43277128 61.63380358 63.43277128 0 P 0
L 61.43380398 64.08677048 61.63380358 64.08677048 0 P 0
L 61.43380398 64.74076968 61.63380358 64.74076968 0 P 0
L 61.43380398 65.39476888 61.63380358 65.39476888 0 P 0
L 61.43380398 66.04876808 61.63380358 66.04876808 0 P 0
L 61.43663354 57.75768738 61.43663354 57.95768698 0 P 0
L 61.44380396 21.1843874 61.44380396 21.384387 0 P 0
L 61.45049686 12.7379857 61.45049686 12.9379853 0 P 0
L 61.45465992 51.17989002 61.45465992 51.37988962 0 P 0
L 61.45543716 44.49082034 61.65543676 44.49082034 0 P 0
L 61.4679238 6.1743971 61.4679238 6.3743967 0 P 0
L 61.49308758 17.26788266 61.49308758 17.46788226 0 P 0
L 61.51616094 23.85247198 61.71616054 23.85247198 0 P 0
L 61.52135016 75.47464712 61.52135016 75.67464672 0 P 0
L 61.53380378 8.81931942 61.53380378 9.01931902 0 P 0
L 61.53380378 9.47331862 61.53380378 9.67331822 0 P 0
L 61.53380378 10.12731782 61.53380378 10.32731742 0 P 0
L 61.53380378 10.78131702 61.53380378 10.98131662 0 P 0
L 61.53380378 11.43531622 61.53380378 11.63531582 0 P 0
L 61.53380378 12.08931542 61.53380378 12.28931502 0 P 0
L 61.53380378 17.92061186 61.53380378 18.12061146 0 P 0
L 61.53380378 18.57461106 61.53380378 18.77461066 0 P 0
L 61.53380378 19.22861026 61.53380378 19.42860986 0 P 0
L 61.53380378 19.88260946 61.53380378 20.08260906 0 P 0
L 61.53380378 20.53660866 61.53380378 20.73660826 0 P 0
L 61.53380378 53.8409515 61.53380378 54.0409511 0 P 0
L 61.53380378 54.4949507 61.53380378 54.6949503 0 P 0
L 61.53380378 55.1489499 61.53380378 55.3489495 0 P 0
L 61.53380378 55.8029491 61.53380378 56.0029487 0 P 0
L 61.53380378 56.4569483 61.53380378 56.6569479 0 P 0
L 61.53380378 57.1109475 61.53380378 57.3109471 0 P 0
L 61.53380378 62.67877228 61.53380378 62.87877188 0 P 0
L 61.53380378 63.33277148 61.53380378 63.53277108 0 P 0
L 61.53380378 63.98677068 61.53380378 64.18677028 0 P 0
L 61.53380378 64.64076988 61.53380378 64.84076948 0 P 0
L 61.53380378 65.29476908 61.53380378 65.49476868 0 P 0
L 61.53380378 65.94876828 61.53380378 66.14876788 0 P 0
L 61.55543696 44.39082054 61.55543696 44.59082014 0 P 0
L 61.60059562 15.69452792 61.80059522 15.69452792 0 P 0
L 61.61616074 23.75247218 61.61616074 23.95247178 0 P 0
L 61.6174409 60.68825048 61.8174405 60.68825048 0 P 0
L 61.70059542 15.59452812 61.70059542 15.79452772 0 P 0
L 61.71648312 45.5746485 61.91648272 45.5746485 0 P 0
L 61.7174407 60.58825068 61.7174407 60.78825028 0 P 0
L 61.75147162 59.16828908 61.95147122 59.16828908 0 P 0
L 61.75693008 14.18789898 61.95692968 14.18789898 0 P 0
L 61.78515456 41.95938776 61.98515416 41.95938776 0 P 0
L 61.80357718 74.49081876 62.00357678 74.49081876 0 P 0
L 61.81648292 45.4746487 61.81648292 45.6746483 0 P 0
L 61.81648546 43.0811305 62.01648506 43.0811305 0 P 0
L 61.85147142 59.06828928 61.85147142 59.26828888 0 P 0
L 61.85692988 14.08789918 61.85692988 14.28789878 0 P 0
L 61.88515436 41.85938796 61.88515436 42.05938756 0 P 0
L 61.90357698 74.39081896 61.90357698 74.59081856 0 P 0
L 61.91648526 42.9811307 61.91648526 43.1811303 0 P 0
L 61.99472742 16.21642426 62.19472702 16.21642426 0 P 0
L 61.99496872 51.14677604 62.19496832 51.14677604 0 P 0
L 62.00831134 61.21259284 62.20831094 61.21259284 0 P 0
L 62.00973628 6.14872278 62.20973588 6.14872278 0 P 0
L 62.03960414 6.85773076 62.03960414 8.20774076 0 P 0
L 62.03960414 21.8577287 62.03960414 23.2077387 0 P 0
L 62.03960414 51.85772966 62.03960414 53.20773966 0 P 0
L 62.03960414 66.85773014 62.03960414 68.20774014 0 P 0
L 62.07534956 75.57464692 62.27534916 75.57464692 0 P 0
L 62.09472722 16.11642446 62.09472722 16.31642406 0 P 0
L 62.09496852 51.04677624 62.09496852 51.24677584 0 P 0
L 62.10831114 61.11259304 62.10831114 61.31259264 0 P 0
L 62.10943636 44.49082034 62.30943596 44.49082034 0 P 0
L 62.10973608 6.04872298 62.10973608 6.24872258 0 P 0
L 62.1112169 58.62212304 62.3112165 58.62212304 0 P 0
L 62.11584732 13.64118938 62.31584692 13.64118938 0 P 0
L 62.14955566 41.41631798 62.34955526 41.41631798 0 P 0
L 62.15609108 34.22235726 62.35609068 34.22235726 0 P 0
L 62.15609108 34.87635646 62.35609068 34.87635646 0 P 0
L 62.15609108 35.53035566 62.35609068 35.53035566 0 P 0
L 62.15609108 36.18435486 62.35609068 36.18435486 0 P 0
L 62.15609108 36.83835406 62.35609068 36.83835406 0 P 0
L 62.15609108 37.49235326 62.35609068 37.49235326 0 P 0
L 62.15609108 38.14635246 62.35609068 38.14635246 0 P 0
L 62.15609108 38.80035166 62.35609068 38.80035166 0 P 0
L 62.15609108 39.45435086 62.35609068 39.45435086 0 P 0
L 62.15609108 40.10835006 62.35609068 40.10835006 0 P 0
L 62.15609108 40.76234926 62.35609068 40.76234926 0 P 0
L 62.15738648 33.5683606 62.35738608 33.5683606 0 P 0
L 62.17534936 75.47464712 62.17534936 75.67464672 0 P 0
L 62.20943616 44.39082054 62.20943616 44.59082014 0 P 0
L 62.2112167 58.52212324 62.2112167 58.72212284 0 P 0
L 62.21584712 13.54118958 62.21584712 13.74118918 0 P 0
L 62.24955546 41.31631818 62.24955546 41.51631778 0 P 0
L 62.25042922 23.88505764 62.45042882 23.88505764 0 P 0
L 62.25042922 68.88505908 62.45042882 68.88505908 0 P 0
L 62.25609088 34.12235746 62.25609088 34.32235706 0 P 0
L 62.25609088 34.77635666 62.25609088 34.97635626 0 P 0
L 62.25609088 35.43035586 62.25609088 35.63035546 0 P 0
L 62.25609088 36.08435506 62.25609088 36.28435466 0 P 0
L 62.25609088 36.73835426 62.25609088 36.93835386 0 P 0
L 62.25609088 37.39235346 62.25609088 37.59235306 0 P 0
L 62.25609088 38.04635266 62.25609088 38.24635226 0 P 0
L 62.25609088 38.70035186 62.25609088 38.90035146 0 P 0
L 62.25609088 39.35435106 62.25609088 39.55435066 0 P 0
L 62.25609088 40.00835026 62.25609088 40.20834986 0 P 0
L 62.25609088 40.66234946 62.25609088 40.86234906 0 P 0
L 62.25738628 33.4683608 62.25738628 33.6683604 0 P 0
L 62.27744212 16.80615892 62.47744172 16.80615892 0 P 0
L 62.2861213 61.80465414 62.4861209 61.80465414 0 P 0
L 62.32161526 32.9353164 62.52161486 32.9353164 0 P 0
L 62.3391692 58.00913468 62.5391688 58.00913468 0 P 0
L 62.34107674 13.02719772 62.54107634 13.02719772 0 P 0
L 62.35042902 23.78505784 62.35042902 23.98505744 0 P 0
L 62.35042902 68.78505928 62.35042902 68.98505888 0 P 0
L 62.37048232 45.5746485 62.57048192 45.5746485 0 P 0
L 62.37744192 16.70615912 62.37744192 16.90615872 0 P 0
L 62.3861211 61.70465434 62.3861211 61.90465394 0 P 0
L 62.41793968 17.44488764 62.61793928 17.44488764 0 P 0
L 62.41998184 62.4448078 62.61998144 62.4448078 0 P 0
L 62.42161506 32.8353166 62.42161506 33.0353162 0 P 0
L 62.43122642 42.85795594 62.63122602 42.85795594 0 P 0
L 62.43621498 57.36237702 62.63621458 57.36237702 0 P 0
L 62.43685506 12.38024956 62.63685466 12.38024956 0 P 0
L 62.439169 57.90913488 62.439169 58.10913448 0 P 0
L 62.44107654 12.92719792 62.44107654 13.12719752 0 P 0
L 62.4454047 9.11030944 62.6454043 9.11030944 0 P 0
L 62.4454047 9.76430864 62.6454043 9.76430864 0 P 0
L 62.4454047 10.41830784 62.6454043 10.41830784 0 P 0
L 62.4454047 11.07230704 62.6454043 11.07230704 0 P 0
L 62.4454047 11.72630624 62.6454043 11.72630624 0 P 0
L 62.4454047 18.09831026 62.6454043 18.09831026 0 P 0
L 62.4454047 18.75230946 62.6454043 18.75230946 0 P 0
L 62.4454047 19.40630866 62.6454043 19.40630866 0 P 0
L 62.4454047 20.06030786 62.6454043 20.06030786 0 P 0
L 62.4454047 20.71430706 62.6454043 20.71430706 0 P 0
L 62.4454047 54.09244452 62.6454043 54.09244452 0 P 0
L 62.4454047 54.74644372 62.6454043 54.74644372 0 P 0
L 62.4454047 55.40044292 62.6454043 55.40044292 0 P 0
L 62.4454047 56.05444212 62.6454043 56.05444212 0 P 0
L 62.4454047 56.70844132 62.6454043 56.70844132 0 P 0
L 62.4454047 63.0983117 62.6454043 63.0983117 0 P 0
L 62.4454047 63.7523109 62.6454043 63.7523109 0 P 0
L 62.4454047 64.4063101 62.6454043 64.4063101 0 P 0
L 62.4454047 65.0603093 62.6454043 65.0603093 0 P 0
L 62.4454047 65.7143085 62.6454043 65.7143085 0 P 0
L 62.45757638 74.49081876 62.65757598 74.49081876 0 P 0
L 62.47048212 45.4746487 62.47048212 45.6746483 0 P 0
L 62.51793948 17.34488784 62.51793948 17.54488744 0 P 0
L 62.51998164 62.344808 62.51998164 62.5448076 0 P 0
L 62.53122622 42.75795614 62.53122622 42.95795574 0 P 0
L 62.53621478 57.26237722 62.53621478 57.46237682 0 P 0
L 62.53685486 12.28024976 62.53685486 12.48024936 0 P 0
L 62.5454045 9.01030964 62.5454045 9.21030924 0 P 0
L 62.5454045 9.66430884 62.5454045 9.86430844 0 P 0
L 62.5454045 10.31830804 62.5454045 10.51830764 0 P 0
L 62.5454045 10.97230724 62.5454045 11.17230684 0 P 0
L 62.5454045 11.62630644 62.5454045 11.82630604 0 P 0
L 62.5454045 17.99831046 62.5454045 18.19831006 0 P 0
L 62.5454045 18.65230966 62.5454045 18.85230926 0 P 0
L 62.5454045 19.30630886 62.5454045 19.50630846 0 P 0
L 62.5454045 19.96030806 62.5454045 20.16030766 0 P 0
L 62.5454045 20.61430726 62.5454045 20.81430686 0 P 0
L 62.5454045 53.99244472 62.5454045 54.19244432 0 P 0
L 62.5454045 54.64644392 62.5454045 54.84644352 0 P 0
L 62.5454045 55.30044312 62.5454045 55.50044272 0 P 0
L 62.5454045 55.95444232 62.5454045 56.15444192 0 P 0
L 62.5454045 56.60844152 62.5454045 56.80844112 0 P 0
L 62.5454045 62.9983119 62.5454045 63.1983115 0 P 0
L 62.5454045 63.6523111 62.5454045 63.8523107 0 P 0
L 62.5454045 64.3063103 62.5454045 64.5063099 0 P 0
L 62.5454045 64.9603095 62.5454045 65.1603091 0 P 0
L 62.5454045 65.6143087 62.5454045 65.8143083 0 P 0
L 62.55757618 74.39081896 62.55757618 74.59081856 0 P 0
L 62.62303706 51.32911502 62.82303666 51.32911502 0 P 0
L 62.63605202 6.33698504 62.83605162 6.33698504 0 P 0
L 62.63969438 21.3387813 62.83969398 21.3387813 0 P 0
L 62.63969438 66.33878274 62.83969398 66.33878274 0 P 0
L 62.70614586 32.40630806 62.90614546 32.40630806 0 P 0
L 62.72303686 51.22911522 62.72303686 51.42911482 0 P 0
L 62.72934876 75.57464692 62.92934836 75.57464692 0 P 0
L 62.73605182 6.23698524 62.73605182 6.43698484 0 P 0
L 62.73969418 21.2387815 62.73969418 21.4387811 0 P 0
L 62.73969418 66.23878294 62.73969418 66.43878254 0 P 0
L 62.76343556 44.49082034 62.96343516 44.49082034 0 P 0
L 62.80614566 32.30630826 62.80614566 32.50630786 0 P 0
L 62.82934856 75.47464712 62.82934856 75.67464672 0 P 0
L 62.83317126 23.58819514 63.03317086 23.58819514 0 P 0
L 62.83317126 68.58819658 63.03317086 68.58819658 0 P 0
L 62.83617608 8.58589342 63.03617568 8.58589342 0 P 0
L 62.84784992 53.57693374 63.04784952 53.57693374 0 P 0
L 62.86343536 44.39082054 62.86343536 44.59082014 0 P 0
L 62.90642486 42.40861978 63.10642446 42.40861978 0 P 0
L 62.93317106 23.48819534 62.93317106 23.68819494 0 P 0
L 62.93317106 68.48819678 62.93317106 68.68819638 0 P 0
L 62.93617588 8.48589362 62.93617588 8.68589322 0 P 0
L 62.94784972 53.47693394 62.94784972 53.67693354 0 P 0
L 63.00642466 42.30861998 63.00642466 42.50861958 0 P 0
L 63.02448152 45.5746485 63.22448112 45.5746485 0 P 0
L 63.10027766 51.77627948 63.30027726 51.77627948 0 P 0
L 63.10944198 6.78822366 63.30944158 6.78822366 0 P 0
L 63.11157558 74.49081876 63.31157518 74.49081876 0 P 0
L 63.11182958 21.7913331 63.31182918 21.7913331 0 P 0
L 63.11182958 66.79133454 63.31182918 66.79133454 0 P 0
L 63.12448132 45.4746487 63.12448132 45.6746483 0 P 0
L 63.1909836 41.81977412 63.3909832 41.81977412 0 P 0
L 63.20027746 51.67627968 63.20027746 51.87627928 0 P 0
L 63.20944178 6.68822386 63.20944178 6.88822346 0 P 0
L 63.21157538 74.39081896 63.21157538 74.59081856 0 P 0
L 63.21182938 21.6913333 63.21182938 21.8913329 0 P 0
L 63.21182938 66.69133474 63.21182938 66.89133434 0 P 0
L 63.21690938 23.05861276 63.41690898 23.05861276 0 P 0
L 63.21690938 68.0586142 63.41690898 68.0586142 0 P 0
L 63.21833686 8.05517058 63.41833646 8.05517058 0 P 0
L 63.22386136 53.04183448 63.42386096 53.04183448 0 P 0
L 63.23991924 33.97361506 63.43991884 33.97361506 0 P 0
L 63.23991924 34.62761426 63.43991884 34.62761426 0 P 0
L 63.23991924 35.28161346 63.43991884 35.28161346 0 P 0
L 63.23991924 35.93561266 63.43991884 35.93561266 0 P 0
L 63.23991924 36.58961186 63.43991884 36.58961186 0 P 0
L 63.23991924 37.24361106 63.43991884 37.24361106 0 P 0
L 63.23991924 37.89761026 63.43991884 37.89761026 0 P 0
L 63.23991924 38.55160946 63.43991884 38.55160946 0 P 0
L 63.23991924 39.20560866 63.43991884 39.20560866 0 P 0
L 63.23991924 39.85960786 63.43991884 39.85960786 0 P 0
L 63.23991924 40.51360706 63.43991884 40.51360706 0 P 0
L 63.23991924 41.16760626 63.43991884 41.16760626 0 P 0
L 63.26646986 32.06903924 63.46646946 32.06903924 0 P 0
L 63.2909834 41.71977432 63.2909834 41.91977392 0 P 0
L 63.3146054 52.39416242 63.514605 52.39416242 0 P 0
L 63.31650278 7.40858056 63.51650238 7.40858056 0 P 0
L 63.31690918 22.95861296 63.31690918 23.15861256 0 P 0
L 63.31690918 67.9586144 63.31690918 68.158614 0 P 0
L 63.31699554 22.41231738 63.51699514 22.41231738 0 P 0
L 63.31699554 67.41231882 63.51699514 67.41231882 0 P 0
L 63.31833666 7.95517078 63.31833666 8.15517038 0 P 0
L 63.32386116 52.94183468 63.32386116 53.14183428 0 P 0
L 63.33991904 33.87361526 63.33991904 34.07361486 0 P 0
L 63.33991904 34.52761446 63.33991904 34.72761406 0 P 0
L 63.33991904 35.18161366 63.33991904 35.38161326 0 P 0
L 63.33991904 35.83561286 63.33991904 36.03561246 0 P 0
L 63.33991904 36.48961206 63.33991904 36.68961166 0 P 0
L 63.33991904 37.14361126 63.33991904 37.34361086 0 P 0
L 63.33991904 37.79761046 63.33991904 37.99761006 0 P 0
L 63.33991904 38.45160966 63.33991904 38.65160926 0 P 0
L 63.33991904 39.10560886 63.33991904 39.30560846 0 P 0
L 63.33991904 39.75960806 63.33991904 39.95960766 0 P 0
L 63.33991904 40.41360726 63.33991904 40.61360686 0 P 0
L 63.33991904 41.06760646 63.33991904 41.26760606 0 P 0
L 63.34877602 33.32873954 63.54877562 33.32873954 0 P 0
L 63.36646966 31.96903944 63.36646966 32.16903904 0 P 0
L 63.38334796 75.57464692 63.58334756 75.57464692 0 P 0
L 63.4146052 52.29416262 63.4146052 52.49416222 0 P 0
L 63.41650258 7.30858076 63.41650258 7.50858036 0 P 0
L 63.41699534 22.31231758 63.41699534 22.51231718 0 P 0
L 63.41699534 67.31231902 63.41699534 67.51231862 0 P 0
L 63.41743476 44.49082034 63.61743436 44.49082034 0 P 0
L 63.44877582 33.22873974 63.44877582 33.42873934 0 P 0
L 63.48334776 75.47464712 63.48334776 75.67464672 0 P 0
L 63.51743456 44.39082054 63.51743456 44.59082014 0 P 0
L 63.67848072 45.5746485 63.87848032 45.5746485 0 P 0
L 63.76557478 74.49081876 63.96557438 74.49081876 0 P 0
L 63.77848052 45.4746487 63.77848052 45.6746483 0 P 0
L 63.83993074 4.98239796 65.33995314 4.98239796 0 P 0
L 63.83993074 10.08256556 65.33995314 10.08256556 0 P 0
L 63.83993074 19.9823959 65.33995314 19.9823959 0 P 0
L 63.83993074 25.0825635 65.33995314 25.0825635 0 P 0
L 63.83993074 49.98239686 65.33995314 49.98239686 0 P 0
L 63.83993074 55.08256446 65.33995314 55.08256446 0 P 0
L 63.83993074 64.98239734 65.33995314 64.98239734 0 P 0
L 63.83993074 70.08256494 65.33995314 70.08256494 0 P 0
L 63.86557458 74.39081896 63.86557458 74.59081856 0 P 0
L 63.91030906 31.9542033 64.11030866 31.9542033 0 P 0
L 63.94402502 33.05782568 64.14402462 33.05782568 0 P 0
L 64.01030886 31.8542035 64.01030886 32.0542031 0 P 0
L 64.03734716 75.57464692 64.23734676 75.57464692 0 P 0
L 64.04402482 32.95782588 64.04402482 33.15782548 0 P 0
L 64.07143396 44.49082034 64.27143356 44.49082034 0 P 0
L 64.13734696 75.47464712 64.13734696 75.67464672 0 P 0
L 64.17143376 44.39082054 64.17143376 44.59082014 0 P 0
L 64.33247992 45.5746485 64.53247952 45.5746485 0 P 0
L 64.41957398 74.49081876 64.61957358 74.49081876 0 P 0
L 64.43247972 45.4746487 64.43247972 45.6746483 0 P 0
L 64.44839028 33.474152 64.64838988 33.474152 0 P 0
L 64.48708972 34.12700566 64.68708932 34.12700566 0 P 0
L 64.48708972 34.78100486 64.68708932 34.78100486 0 P 0
L 64.48708972 35.43500406 64.68708932 35.43500406 0 P 0
L 64.48708972 36.08900326 64.68708932 36.08900326 0 P 0
L 64.48708972 36.74300246 64.68708932 36.74300246 0 P 0
L 64.48708972 37.39700166 64.68708932 37.39700166 0 P 0
L 64.48708972 38.05100086 64.68708932 38.05100086 0 P 0
L 64.48708972 38.70500006 64.68708932 38.70500006 0 P 0
L 64.48708972 39.35899926 64.68708932 39.35899926 0 P 0
L 64.48708972 40.01299846 64.68708932 40.01299846 0 P 0
L 64.48708972 40.66699766 64.68708932 40.66699766 0 P 0
L 64.48708972 41.32099686 64.68708932 41.32099686 0 P 0
L 64.51957378 74.39081896 64.51957378 74.59081856 0 P 0
L 64.54674416 32.1047491 64.74674376 32.1047491 0 P 0
L 64.54839008 33.3741522 64.54839008 33.5741518 0 P 0
L 64.58507784 41.96761482 64.78507744 41.96761482 0 P 0
L 64.58708952 34.02700586 64.58708952 34.22700546 0 P 0
L 64.58708952 34.68100506 64.58708952 34.88100466 0 P 0
L 64.58708952 35.33500426 64.58708952 35.53500386 0 P 0
L 64.58708952 35.98900346 64.58708952 36.18900306 0 P 0
L 64.58708952 36.64300266 64.58708952 36.84300226 0 P 0
L 64.58708952 37.29700186 64.58708952 37.49700146 0 P 0
L 64.58708952 37.95100106 64.58708952 38.15100066 0 P 0
L 64.58708952 38.60500026 64.58708952 38.80499986 0 P 0
L 64.58708952 39.25899946 64.58708952 39.45899906 0 P 0
L 64.58708952 39.91299866 64.58708952 40.11299826 0 P 0
L 64.58708952 40.56699786 64.58708952 40.76699746 0 P 0
L 64.58708952 41.22099706 64.58708952 41.42099666 0 P 0
L 64.58994194 4.23238676 64.58994194 5.73240916 0 P 0
L 64.58994194 9.33255436 64.58994194 10.83257676 0 P 0
L 64.58994194 19.2323847 64.58994194 20.7324071 0 P 0
L 64.58994194 24.3325523 64.58994194 25.8325747 0 P 0
L 64.58994194 49.23238566 64.58994194 50.73240806 0 P 0
L 64.58994194 54.33255326 64.58994194 55.83257566 0 P 0
L 64.58994194 64.23238614 64.58994194 65.73240854 0 P 0
L 64.58994194 69.33255374 64.58994194 70.83257614 0 P 0
L 64.64674396 32.0047493 64.64674396 32.2047489 0 P 0
L 64.68507764 41.86761502 64.68507764 42.06761462 0 P 0
L 64.69134636 75.57464692 64.89134596 75.57464692 0 P 0
L 64.72543316 44.49082034 64.92543276 44.49082034 0 P 0
L 64.79134616 75.47464712 64.79134616 75.67464672 0 P 0
L 64.82543296 44.39082054 64.82543296 44.59082014 0 P 0
L 64.91533372 42.53210188 65.11533332 42.53210188 0 P 0
L 64.98647912 45.5746485 65.18647872 45.5746485 0 P 0
L 65.01533352 42.43210208 65.01533352 42.63210168 0 P 0
L 65.07357318 74.49081876 65.27357278 74.49081876 0 P 0
L 65.08647892 45.4746487 65.08647892 45.6746483 0 P 0
L 65.08800546 32.47183752 65.28800506 32.47183752 0 P 0
L 65.17357298 74.39081896 65.17357298 74.59081856 0 P 0
L 65.18800526 32.37183772 65.18800526 32.57183732 0 P 0
L 65.34534556 75.57464692 65.54534516 75.57464692 0 P 0
L 65.37943236 44.49082034 65.57943196 44.49082034 0 P 0
L 65.43472816 42.92952552 65.63472776 42.92952552 0 P 0
L 65.44136264 33.02215646 65.64136224 33.02215646 0 P 0
L 65.44534536 75.47464712 65.44534536 75.67464672 0 P 0
L 65.47943216 44.39082054 65.47943216 44.59082014 0 P 0
L 65.53472796 42.82952572 65.53472796 43.02952532 0 P 0
L 65.54136244 32.92215666 65.54136244 33.12215626 0 P 0
L 65.57091788 34.31562098 65.77091748 34.31562098 0 P 0
L 65.57091788 34.96962018 65.77091748 34.96962018 0 P 0
L 65.57091788 35.62361938 65.77091748 35.62361938 0 P 0
L 65.57091788 36.27761858 65.77091748 36.27761858 0 P 0
L 65.57091788 36.93161778 65.77091748 36.93161778 0 P 0
L 65.57091788 37.58561698 65.77091748 37.58561698 0 P 0
L 65.57091788 38.23961618 65.77091748 38.23961618 0 P 0
L 65.57091788 38.89361538 65.77091748 38.89361538 0 P 0
L 65.57091788 39.54761458 65.77091748 39.54761458 0 P 0
L 65.57091788 40.20161378 65.77091748 40.20161378 0 P 0
L 65.57091788 40.85561298 65.77091748 40.85561298 0 P 0
L 65.57828642 33.66166242 65.77828602 33.66166242 0 P 0
L 65.58969864 41.5093404 65.78969824 41.5093404 0 P 0
L 65.64047832 45.5746485 65.84047792 45.5746485 0 P 0
L 65.67091768 34.21562118 65.67091768 34.41562078 0 P 0
L 65.67091768 34.86962038 65.67091768 35.06961998 0 P 0
L 65.67091768 35.52361958 65.67091768 35.72361918 0 P 0
L 65.67091768 36.17761878 65.67091768 36.37761838 0 P 0
L 65.67091768 36.83161798 65.67091768 37.03161758 0 P 0
L 65.67091768 37.48561718 65.67091768 37.68561678 0 P 0
L 65.67091768 38.13961638 65.67091768 38.33961598 0 P 0
L 65.67091768 38.79361558 65.67091768 38.99361518 0 P 0
L 65.67091768 39.44761478 65.67091768 39.64761438 0 P 0
L 65.67091768 40.10161398 65.67091768 40.30161358 0 P 0
L 65.67091768 40.75561318 65.67091768 40.95561278 0 P 0
L 65.67828622 33.56166262 65.67828622 33.76166222 0 P 0
L 65.68969844 41.4093406 65.68969844 41.6093402 0 P 0
L 65.72757238 74.49081876 65.92757198 74.49081876 0 P 0
L 65.74047812 45.4746487 65.74047812 45.6746483 0 P 0
L 65.82757218 74.39081896 65.82757218 74.59081856 0 P 0
L 65.99934476 75.57464692 66.19934436 75.57464692 0 P 0
L 66.0277445 41.99496554 66.2277441 41.99496554 0 P 0
L 66.03343156 44.49082034 66.23343116 44.49082034 0 P 0
L 66.06569464 43.10155972 66.26569424 43.10155972 0 P 0
L 66.09934456 75.47464712 66.09934456 75.67464672 0 P 0
L 66.1277443 41.89496574 66.1277443 42.09496534 0 P 0
L 66.13343136 44.39082054 66.13343136 44.59082014 0 P 0
L 66.16569444 43.00155992 66.16569444 43.20155952 0 P 0
L 66.29447752 45.5746485 66.49447712 45.5746485 0 P 0
L 66.38157158 74.49081876 66.58157118 74.49081876 0 P 0
L 66.39447732 45.4746487 66.39447732 45.6746483 0 P 0
L 66.48157138 74.39081896 66.48157138 74.59081856 0 P 0
L 66.58964584 43.06649756 66.78964544 43.06649756 0 P 0
L 66.65334396 75.57464692 66.85334356 75.57464692 0 P 0
L 66.65458348 41.8084508 66.85458308 41.8084508 0 P 0
L 66.68743076 44.49082034 66.88743036 44.49082034 0 P 0
L 66.68964564 42.96649776 66.68964564 43.16649736 0 P 0
L 66.75334376 75.47464712 66.75334376 75.67464672 0 P 0
L 66.75458328 41.708451 66.75458328 41.9084506 0 P 0
L 66.78743056 44.39082054 66.78743056 44.59082014 0 P 0
L 66.81808836 39.21322104 67.01808796 39.21322104 0 P 0
L 66.81808836 39.86722024 67.01808796 39.86722024 0 P 0
L 66.81808836 40.52121944 67.01808796 40.52121944 0 P 0
L 66.81808836 41.17521864 67.01808796 41.17521864 0 P 0
L 66.82479396 38.5592574 67.02479356 38.5592574 0 P 0
L 66.91808816 39.11322124 66.91808816 39.31322084 0 P 0
L 66.91808816 39.76722044 66.91808816 39.96722004 0 P 0
L 66.91808816 40.42121964 66.91808816 40.62121924 0 P 0
L 66.91808816 41.07521884 66.91808816 41.27521844 0 P 0
L 66.92479376 38.4592576 66.92479376 38.6592572 0 P 0
L 66.94847672 45.5746485 67.14847632 45.5746485 0 P 0
L 66.9994723 37.92901736 67.1994719 37.92901736 0 P 0
L 67.03557078 74.49081876 67.23557038 74.49081876 0 P 0
L 67.04847652 45.4746487 67.04847652 45.6746483 0 P 0
L 67.0994721 37.82901756 67.0994721 38.02901716 0 P 0
L 67.13557058 74.39081896 67.13557058 74.59081856 0 P 0
L 67.182238 42.78982298 67.3822376 42.78982298 0 P 0
L 67.2822378 42.68982318 67.2822378 42.88982278 0 P 0
L 67.30734316 75.57464692 67.50734276 75.57464692 0 P 0
L 67.34142996 44.49082034 67.54142956 44.49082034 0 P 0
L 67.40119362 37.41294016 67.60119322 37.41294016 0 P 0
L 67.40734296 75.47464712 67.40734296 75.67464672 0 P 0
L 67.44142976 44.39082054 67.44142976 44.59082014 0 P 0
L 67.50119342 37.31294036 67.50119342 37.51293996 0 P 0
L 67.60247592 45.5746485 67.80247552 45.5746485 0 P 0
L 67.63675068 42.319575 67.83675028 42.319575 0 P 0
L 67.68956998 74.49081876 67.88956958 74.49081876 0 P 0
L 67.70247572 45.4746487 67.70247572 45.6746483 0 P 0
L 67.73675048 42.2195752 67.73675048 42.4195748 0 P 0
L 67.78956978 74.39081896 67.78956978 74.59081856 0 P 0
L 67.87270652 41.70962448 68.07270612 41.70962448 0 P 0
L 67.90191652 39.09428046 68.10191612 39.09428046 0 P 0
L 67.90191652 39.74827966 68.10191612 39.74827966 0 P 0
L 67.90191652 40.40227886 68.10191612 40.40227886 0 P 0
L 67.90191652 41.05627806 68.10191612 41.05627806 0 P 0
L 67.96134236 75.57464692 68.16134196 75.57464692 0 P 0
L 67.96656968 38.4434842 68.16656928 38.4434842 0 P 0
L 67.96705736 37.08504902 68.16705696 37.08504902 0 P 0
L 67.97270632 41.60962468 67.97270632 41.80962428 0 P 0
L 67.99542916 44.49082034 68.19542876 44.49082034 0 P 0
L 68.00191632 38.99428066 68.00191632 39.19428026 0 P 0
L 68.00191632 39.64827986 68.00191632 39.84827946 0 P 0
L 68.00191632 40.30227906 68.00191632 40.50227866 0 P 0
L 68.00191632 40.95627826 68.00191632 41.15627786 0 P 0
L 68.06134216 75.47464712 68.06134216 75.67464672 0 P 0
L 68.06656948 38.3434844 68.06656948 38.543484 0 P 0
L 68.06705716 36.98504922 68.06705716 37.18504882 0 P 0
L 68.09542896 44.39082054 68.09542896 44.59082014 0 P 0
L 68.25647512 45.5746485 68.45647472 45.5746485 0 P 0
L 68.34356918 74.49081876 68.54356878 74.49081876 0 P 0
L 68.35647492 45.4746487 68.35647492 45.6746483 0 P 0
L 68.44356898 74.39081896 68.44356898 74.59081856 0 P 0
L 68.51100598 38.0811278 68.71100558 38.0811278 0 P 0
L 68.61100578 37.981128 68.61100578 38.1811276 0 P 0
L 68.61426968 36.9910741 68.81426928 36.9910741 0 P 0
L 68.61534156 75.57464692 68.81534116 75.57464692 0 P 0
L 68.64942836 44.49082034 68.84942796 44.49082034 0 P 0
L 68.71426948 36.8910743 68.71426948 37.0910739 0 P 0
L 68.71534136 75.47464712 68.71534136 75.67464672 0 P 0
L 68.74942816 44.39082054 68.74942816 44.59082014 0 P 0
L 68.91047432 45.5746485 69.11047392 45.5746485 0 P 0
L 68.99756838 74.49081876 69.19756798 74.49081876 0 P 0
L 69.01047412 45.4746487 69.01047412 45.6746483 0 P 0
L 69.09756818 74.39081896 69.09756818 74.59081856 0 P 0
L 69.1649747 38.07490226 69.3649743 38.07490226 0 P 0
L 69.2649745 37.97490246 69.2649745 38.17490206 0 P 0
L 69.26826888 36.9910741 69.46826848 36.9910741 0 P 0
L 69.26934076 75.57464692 69.46934036 75.57464692 0 P 0
L 69.30342756 44.49082034 69.50342716 44.49082034 0 P 0
L 69.36826868 36.8910743 69.36826868 37.0910739 0 P 0
L 69.36934056 75.47464712 69.36934056 75.67464672 0 P 0
L 69.40342736 44.39082054 69.40342736 44.59082014 0 P 0
L 69.56447352 45.5746485 69.76447312 45.5746485 0 P 0
L 69.65156758 74.49081876 69.85156718 74.49081876 0 P 0
L 69.66447332 45.4746487 69.66447332 45.6746483 0 P 0
L 69.75156738 74.39081896 69.75156738 74.59081856 0 P 0
L 69.8189739 38.07490226 70.0189735 38.07490226 0 P 0
L 69.9189737 37.97490246 69.9189737 38.17490206 0 P 0
L 69.92226808 36.9910741 70.12226768 36.9910741 0 P 0
L 69.92333996 75.57464692 70.12333956 75.57464692 0 P 0
L 69.95742676 44.49082034 70.15742636 44.49082034 0 P 0
L 70.02226788 36.8910743 70.02226788 37.0910739 0 P 0
L 70.02333976 75.47464712 70.02333976 75.67464672 0 P 0
L 70.05742656 44.39082054 70.05742656 44.59082014 0 P 0
L 70.21847272 45.5746485 70.41847232 45.5746485 0 P 0
L 70.30556678 74.49081876 70.50556638 74.49081876 0 P 0
L 70.31847252 45.4746487 70.31847252 45.6746483 0 P 0
L 70.40556658 74.39081896 70.40556658 74.59081856 0 P 0
L 70.4729731 38.07490226 70.6729727 38.07490226 0 P 0
L 70.5729729 37.97490246 70.5729729 38.17490206 0 P 0
L 70.57626728 36.9910741 70.77626688 36.9910741 0 P 0
L 70.57733916 75.57464692 70.77733876 75.57464692 0 P 0
L 70.61142596 44.49082034 70.81142556 44.49082034 0 P 0
L 70.67626708 36.8910743 70.67626708 37.0910739 0 P 0
L 70.67733896 75.47464712 70.67733896 75.67464672 0 P 0
L 70.71142576 44.39082054 70.71142576 44.59082014 0 P 0
L 70.87247192 45.5746485 71.07247152 45.5746485 0 P 0
L 70.95956598 74.49081876 71.15956558 74.49081876 0 P 0
L 70.97247172 45.4746487 70.97247172 45.6746483 0 P 0
L 71.05956578 74.39081896 71.05956578 74.59081856 0 P 0
L 71.1269723 38.07490226 71.3269719 38.07490226 0 P 0
L 71.2269721 37.97490246 71.2269721 38.17490206 0 P 0
L 71.23026648 36.9910741 71.43026608 36.9910741 0 P 0
L 71.23133836 75.57464692 71.43133796 75.57464692 0 P 0
L 71.26542516 44.49082034 71.46542476 44.49082034 0 P 0
L 71.33026628 36.8910743 71.33026628 37.0910739 0 P 0
L 71.33133816 75.47464712 71.33133816 75.67464672 0 P 0
L 71.36542496 44.39082054 71.36542496 44.59082014 0 P 0
L 71.52647112 45.5746485 71.72647072 45.5746485 0 P 0
L 71.61356518 74.49081876 71.81356478 74.49081876 0 P 0
L 71.62647092 45.4746487 71.62647092 45.6746483 0 P 0
L 71.71356498 74.39081896 71.71356498 74.59081856 0 P 0
L 71.7809715 38.07490226 71.9809711 38.07490226 0 P 0
L 71.8809713 37.97490246 71.8809713 38.17490206 0 P 0
L 71.88426568 36.9910741 72.08426528 36.9910741 0 P 0
L 71.88533756 75.57464692 72.08533716 75.57464692 0 P 0
L 71.91942436 44.49082034 72.11942396 44.49082034 0 P 0
L 71.98426548 36.8910743 71.98426548 37.0910739 0 P 0
L 71.98533736 75.47464712 71.98533736 75.67464672 0 P 0
L 72.01942416 44.39082054 72.01942416 44.59082014 0 P 0
L 72.18047032 45.5746485 72.38046992 45.5746485 0 P 0
L 72.26756438 74.49081876 72.46756398 74.49081876 0 P 0
L 72.28047012 45.4746487 72.28047012 45.6746483 0 P 0
L 72.36756418 74.39081896 72.36756418 74.59081856 0 P 0
L 72.4349707 38.07490226 72.6349703 38.07490226 0 P 0
L 72.5349705 37.97490246 72.5349705 38.17490206 0 P 0
L 72.53826488 36.9910741 72.73826448 36.9910741 0 P 0
L 72.53933676 75.57464692 72.73933636 75.57464692 0 P 0
L 72.57342356 44.49082034 72.77342316 44.49082034 0 P 0
L 72.63826468 36.8910743 72.63826468 37.0910739 0 P 0
L 72.63933656 75.47464712 72.63933656 75.67464672 0 P 0
L 72.67342336 44.39082054 72.67342336 44.59082014 0 P 0
L 72.83446952 45.5746485 73.03446912 45.5746485 0 P 0
L 72.92156358 74.49081876 73.12156318 74.49081876 0 P 0
L 72.93446932 45.4746487 72.93446932 45.6746483 0 P 0
L 73.02156338 74.39081896 73.02156338 74.59081856 0 P 0
L 73.0889699 38.07490226 73.2889695 38.07490226 0 P 0
L 73.1889697 37.97490246 73.1889697 38.17490206 0 P 0
L 73.19226408 36.9910741 73.39226368 36.9910741 0 P 0
L 73.19333596 75.57464692 73.39333556 75.57464692 0 P 0
L 73.22742276 44.49082034 73.42742236 44.49082034 0 P 0
L 73.29226388 36.8910743 73.29226388 37.0910739 0 P 0
L 73.29333576 75.47464712 73.29333576 75.67464672 0 P 0
L 73.32742256 44.39082054 73.32742256 44.59082014 0 P 0
L 73.48846872 45.5746485 73.68846832 45.5746485 0 P 0
L 73.57556278 74.49081876 73.77556238 74.49081876 0 P 0
L 73.58846852 45.4746487 73.58846852 45.6746483 0 P 0
L 73.67556258 74.39081896 73.67556258 74.59081856 0 P 0
L 73.73963662 34.98265038 75.23965902 34.98265038 0 P 0
L 73.73963662 40.08281798 75.23965902 40.08281798 0 P 0
L 73.73963662 49.98252386 75.23965902 49.98252386 0 P 0
L 73.73963662 55.08269146 75.23965902 55.08269146 0 P 0
L 73.73976362 64.98239734 75.23978602 64.98239734 0 P 0
L 73.73976362 70.08256494 75.23978602 70.08256494 0 P 0
L 73.7429691 38.07490226 73.9429687 38.07490226 0 P 0
L 73.8429689 37.97490246 73.8429689 38.17490206 0 P 0
L 73.84626328 36.9910741 74.04626288 36.9910741 0 P 0
L 73.84733516 75.57464692 74.04733476 75.57464692 0 P 0
L 73.88142196 44.49082034 74.08142156 44.49082034 0 P 0
L 73.94626308 36.8910743 73.94626308 37.0910739 0 P 0
L 73.94733496 75.47464712 73.94733496 75.67464672 0 P 0
L 73.98142176 44.39082054 73.98142176 44.59082014 0 P 0
L 74.14246792 45.5746485 74.34246752 45.5746485 0 P 0
L 74.22956198 74.49081876 74.42956158 74.49081876 0 P 0
L 74.24246772 45.4746487 74.24246772 45.6746483 0 P 0
L 74.32956178 74.39081896 74.32956178 74.59081856 0 P 0
L 74.3969683 38.07490226 74.5969679 38.07490226 0 P 0
L 74.41447144 75.57694308 74.61447104 75.57694308 0 P 0
L 74.48964782 34.23263918 74.48964782 35.73266158 0 P 0
L 74.48964782 39.33280678 74.48964782 40.83282918 0 P 0
L 74.48964782 49.23251266 74.48964782 50.73253506 0 P 0
L 74.48964782 54.33268026 74.48964782 55.83270266 0 P 0
L 74.48977482 64.23238614 74.48977482 65.73240854 0 P 0
L 74.48977482 69.33255374 74.48977482 70.83257614 0 P 0
L 74.4969681 37.97490246 74.4969681 38.17490206 0 P 0
L 74.50026248 36.9910741 74.70026208 36.9910741 0 P 0
L 74.51447124 75.47694328 74.51447124 75.67694288 0 P 0
L 74.53538052 44.48346704 74.73538012 44.48346704 0 P 0
L 74.60026228 36.8910743 74.60026228 37.0910739 0 P 0
L 74.63538032 44.38346724 74.63538032 44.58346684 0 P 0
L 74.7957737 45.60474496 74.9957733 45.60474496 0 P 0
L 74.8802287 74.4248829 75.0802283 74.4248829 0 P 0
L 74.8957735 45.50474516 74.8957735 45.70474476 0 P 0
L 74.9802285 74.3248831 74.9802285 74.5248827 0 P 0
L 75.0509675 38.07490226 75.2509671 38.07490226 0 P 0
L 75.06387578 75.49956706 75.26387538 75.49956706 0 P 0
L 75.1509673 37.97490246 75.1509673 38.17490206 0 P 0
L 75.15426168 36.9910741 75.35426128 36.9910741 0 P 0
L 75.16387558 75.39956726 75.16387558 75.59956686 0 P 0
L 75.18380442 44.5686688 75.38380402 44.5686688 0 P 0
L 75.25426148 36.8910743 75.25426148 37.0910739 0 P 0
L 75.28380422 44.468669 75.28380422 44.6686686 0 P 0
L 75.41281336 45.8214857 75.61281296 45.8214857 0 P 0
L 75.48203344 74.1688636 75.68203304 74.1688636 0 P 0
L 75.51281316 45.7214859 75.51281316 45.9214855 0 P 0
L 75.55458854 67.50855688 75.75458814 67.50855688 0 P 0
L 75.56278004 52.40715706 75.76277964 52.40715706 0 P 0
L 75.58203324 74.0688638 75.58203324 74.2688634 0 P 0
L 75.65458834 67.40855708 75.65458834 67.60855668 0 P 0
L 75.66015094 53.053869 75.86015054 53.053869 0 P 0
L 75.66277984 52.30715726 75.66277984 52.50715686 0 P 0
L 75.68441302 75.29304474 75.88441262 75.29304474 0 P 0
L 75.69869036 68.14648296 75.89868996 68.14648296 0 P 0
L 75.70048106 38.15136388 75.90048066 38.15136388 0 P 0
L 75.71852268 66.87543648 75.91852228 66.87543648 0 P 0
L 75.76015074 52.9538692 75.76015074 53.1538688 0 P 0
L 75.77062316 51.78706432 75.97062276 51.78706432 0 P 0
L 75.7741436 36.7826036 75.9741432 36.7826036 0 P 0
L 75.78441282 75.19304494 75.78441282 75.39304454 0 P 0
L 75.79869016 68.04648316 75.79869016 68.24648276 0 P 0
L 75.7987054 44.79140902 75.998705 44.79140902 0 P 0
L 75.80048086 38.05136408 75.80048086 38.25136368 0 P 0
L 75.81852248 66.77543668 75.81852248 66.97543628 0 P 0
L 75.87062296 51.68706452 75.87062296 51.88706412 0 P 0
L 75.8741434 36.6826038 75.8741434 36.8826034 0 P 0
L 75.8987052 44.69140922 75.8987052 44.89140882 0 P 0
L 75.92184714 46.23209448 76.12184674 46.23209448 0 P 0
L 75.96146352 73.7240461 76.16146312 73.7240461 0 P 0
L 76.02184694 46.13209468 76.02184694 46.33209428 0 P 0
L 76.04165894 53.58506174 76.24165854 53.58506174 0 P 0
L 76.06146332 73.6240463 76.06146332 73.8240459 0 P 0
L 76.12108474 68.64578346 76.32108434 68.64578346 0 P 0
L 76.12482616 38.64900576 76.32482576 38.64900576 0 P 0
L 76.14165874 53.48506194 76.14165874 53.68506154 0 P 0
L 76.15814842 66.3912439 76.35814802 66.3912439 0 P 0
L 76.22108454 68.54578366 76.22108454 68.74578326 0 P 0
L 76.22482596 38.54900596 76.22482596 38.74900556 0 P 0
L 76.24453128 51.33636926 76.44453088 51.33636926 0 P 0
L 76.24867402 74.96240278 76.44867362 74.96240278 0 P 0
L 76.24967732 36.33362304 76.44967692 36.33362304 0 P 0
L 76.25814822 66.2912441 76.25814822 66.4912437 0 P 0
L 76.26437376 46.78922316 76.46437336 46.78922316 0 P 0
L 76.27769098 73.15158344 76.47769058 73.15158344 0 P 0
L 76.34453108 51.23636946 76.34453108 51.43636906 0 P 0
L 76.34867382 74.86240298 76.34867382 75.06240258 0 P 0
L 76.34967712 36.23362324 76.34967712 36.43362284 0 P 0
L 76.35120874 45.14134228 76.55120834 45.14134228 0 P 0
L 76.36437356 46.68922336 76.36437356 46.88922296 0 P 0
L 76.36447262 37.53298818 77.71448262 37.53298818 0 P 0
L 76.36447262 52.53286166 77.71448262 52.53286166 0 P 0
L 76.36459962 67.53273514 77.71460962 67.53273514 0 P 0
L 76.37769078 73.05158364 76.37769078 73.25158324 0 P 0
L 76.3924939 47.43054776 76.5924935 47.43054776 0 P 0
L 76.39615404 72.5084021 76.59615364 72.5084021 0 P 0
L 76.39756374 48.08452918 76.59756334 48.08452918 0 P 0
L 76.39756374 48.73852838 76.59756334 48.73852838 0 P 0
L 76.39756374 49.39252758 76.59756334 49.39252758 0 P 0
L 76.39756374 50.04652678 76.59756334 50.04652678 0 P 0
L 76.39756374 50.70052598 76.59756334 50.70052598 0 P 0
L 76.39769074 69.23840864 76.59769034 69.23840864 0 P 0
L 76.39769074 69.89240784 76.59769034 69.89240784 0 P 0
L 76.39769074 70.54640704 76.59769034 70.54640704 0 P 0
L 76.39769074 71.20040624 76.59769034 71.20040624 0 P 0
L 76.39769074 71.85440544 76.59769034 71.85440544 0 P 0
L 76.45120854 45.04134248 76.45120854 45.24134208 0 P 0
L 76.4924937 47.33054796 76.4924937 47.53054756 0 P 0
L 76.49615384 72.4084023 76.49615384 72.6084019 0 P 0
L 76.49756354 47.98452938 76.49756354 48.18452898 0 P 0
L 76.49756354 48.63852858 76.49756354 48.83852818 0 P 0
L 76.49756354 49.29252778 76.49756354 49.49252738 0 P 0
L 76.49756354 49.94652698 76.49756354 50.14652658 0 P 0
L 76.49756354 50.60052618 76.49756354 50.80052578 0 P 0
L 76.49769054 69.13840884 76.49769054 69.33840844 0 P 0
L 76.49769054 69.79240804 76.49769054 69.99240764 0 P 0
L 76.49769054 70.44640724 76.49769054 70.64640684 0 P 0
L 76.49769054 71.10040644 76.49769054 71.30040604 0 P 0
L 76.49769054 71.75440564 76.49769054 71.95440524 0 P 0
L 76.6236085 53.8834711 76.8236081 53.8834711 0 P 0
L 76.72341272 74.51258402 76.92341232 74.51258402 0 P 0
L 76.7236083 53.7834713 76.7236083 53.9834709 0 P 0
L 76.72933854 38.89856584 76.92933814 38.89856584 0 P 0
L 76.77055766 66.16174474 76.97055726 66.16174474 0 P 0
L 76.81534802 45.60209066 77.01534762 45.60209066 0 P 0
L 76.82341252 74.41258422 76.82341252 74.61258382 0 P 0
L 76.82933834 38.79856604 76.82933834 38.99856564 0 P 0
L 76.87055746 66.06174494 76.87055746 66.26174454 0 P 0
L 76.87678046 36.14799476 77.07678006 36.14799476 0 P 0
L 76.91534782 45.50209086 76.91534782 45.70209046 0 P 0
L 76.97678026 36.04799496 76.97678026 36.24799456 0 P 0
L 77.03947762 36.85798318 77.03947762 38.20799318 0 P 0
L 77.03947762 51.85785666 77.03947762 53.20786666 0 P 0
L 77.03960462 66.85773014 77.03960462 68.20774014 0 P 0
L 77.10030046 73.97810198 77.30030006 73.97810198 0 P 0
L 77.16931734 46.15202098 77.36931694 46.15202098 0 P 0
L 77.20030026 73.87810218 77.20030026 74.07810178 0 P 0
L 77.26931714 46.05202118 77.26931714 46.25202078 0 P 0
L 77.27756452 53.87592984 77.47756412 53.87592984 0 P 0
L 77.3540236 73.37532696 77.5540232 73.37532696 0 P 0
L 77.37756432 53.77593004 77.37756432 53.97592964 0 P 0
L 77.38115334 38.8451725 77.58115294 38.8451725 0 P 0
L 77.39652796 46.76528112 77.59652756 46.76528112 0 P 0
L 77.42024902 66.23668998 77.62024862 66.23668998 0 P 0
L 77.4540234 73.27532716 77.4540234 73.47532676 0 P 0
L 77.46915672 72.7315411 77.66915632 72.7315411 0 P 0
L 77.48115314 38.7451727 77.48115314 38.9451723 0 P 0
L 77.4813919 48.06705652 77.6813915 48.06705652 0 P 0
L 77.4813919 48.72105572 77.6813915 48.72105572 0 P 0
L 77.4813919 49.37505492 77.6813915 49.37505492 0 P 0
L 77.4813919 50.02905412 77.6813915 50.02905412 0 P 0
L 77.4813919 50.68305332 77.6813915 50.68305332 0 P 0
L 77.4815189 68.80766274 77.6815185 68.80766274 0 P 0
L 77.4815189 69.46166194 77.6815185 69.46166194 0 P 0
L 77.4815189 70.11566114 77.6815185 70.11566114 0 P 0
L 77.4815189 70.76966034 77.6815185 70.76966034 0 P 0
L 77.4815189 71.42365954 77.6815185 71.42365954 0 P 0
L 77.4815189 72.07765874 77.6815185 72.07765874 0 P 0
L 77.48640332 47.41307764 77.68640292 47.41307764 0 P 0
L 77.49652776 46.66528132 77.49652776 46.86528092 0 P 0
L 77.51784598 36.27742046 77.71784558 36.27742046 0 P 0
L 77.52024882 66.13669018 77.52024882 66.33668978 0 P 0
L 77.56915652 72.6315413 77.56915652 72.8315409 0 P 0
L 77.5813917 47.96705672 77.5813917 48.16705632 0 P 0
L 77.5813917 48.62105592 77.5813917 48.82105552 0 P 0
L 77.5813917 49.27505512 77.5813917 49.47505472 0 P 0
L 77.5813917 49.92905432 77.5813917 50.12905392 0 P 0
L 77.5813917 50.58305352 77.5813917 50.78305312 0 P 0
L 77.5815187 68.70766294 77.5815187 68.90766254 0 P 0
L 77.5815187 69.36166214 77.5815187 69.56166174 0 P 0
L 77.5815187 70.01566134 77.5815187 70.21566094 0 P 0
L 77.5815187 70.66966054 77.5815187 70.86966014 0 P 0
L 77.5815187 71.32365974 77.5815187 71.52365934 0 P 0
L 77.5815187 71.97765894 77.5815187 72.17765854 0 P 0
L 77.58640312 47.31307784 77.58640312 47.51307744 0 P 0
L 77.61420342 51.32342542 77.81420302 51.32342542 0 P 0
L 77.61784578 36.17742066 77.61784578 36.37742026 0 P 0
L 77.71420322 51.22342562 77.71420322 51.42342522 0 P 0
L 77.85598094 53.57072598 78.05598054 53.57072598 0 P 0
L 77.93446948 38.49652194 78.13446908 38.49652194 0 P 0
L 77.95598074 53.47072618 77.95598074 53.67072578 0 P 0
L 77.96449736 66.59932832 78.16449696 66.59932832 0 P 0
L 78.00413406 68.41448598 78.20413366 68.41448598 0 P 0
L 78.02961788 36.6846104 78.22961748 36.6846104 0 P 0
L 78.03446928 38.39652214 78.03446928 38.59652174 0 P 0
L 78.06449716 66.49932852 78.06449716 66.69932812 0 P 0
L 78.09377066 51.76809052 78.29377026 51.76809052 0 P 0
L 78.10413386 68.31448618 78.10413386 68.51448578 0 P 0
L 78.12961768 36.5846106 78.12961768 36.7846102 0 P 0
L 78.19377046 51.66809072 78.19377046 51.86809032 0 P 0
L 78.2276185 53.03258126 78.4276181 53.03258126 0 P 0
L 78.26730854 37.9335538 78.46730814 37.9335538 0 P 0
L 78.27584802 67.17445798 78.47584762 67.17445798 0 P 0
L 78.29394806 67.82820826 78.49394766 67.82820826 0 P 0
L 78.29945986 37.28034454 78.49945946 37.28034454 0 P 0
L 78.31315046 52.384198 78.51315006 52.384198 0 P 0
L 78.3276183 52.93258146 78.3276183 53.13258106 0 P 0
L 78.36730834 37.833554 78.36730834 38.0335536 0 P 0
L 78.37584782 67.07445818 78.37584782 67.27445778 0 P 0
L 78.39394786 67.72820846 78.39394786 67.92820806 0 P 0
L 78.39945966 37.18034474 78.39945966 37.38034434 0 P 0
L 78.41315026 52.2841982 78.41315026 52.4841978 0 P 0
L 78.83980422 34.98265038 80.33982662 34.98265038 0 P 0
L 78.83980422 40.08281798 80.33982662 40.08281798 0 P 0
L 78.83980422 49.98252386 80.33982662 49.98252386 0 P 0
L 78.83980422 55.08269146 80.33982662 55.08269146 0 P 0
L 78.83993122 64.98239734 80.33995362 64.98239734 0 P 0
L 78.83993122 70.08256494 80.33995362 70.08256494 0 P 0
L 79.58981542 34.23263918 79.58981542 35.73266158 0 P 0
L 79.58981542 39.33280678 79.58981542 40.83282918 0 P 0
L 79.58981542 49.23251266 79.58981542 50.73253506 0 P 0
L 79.58981542 54.33268026 79.58981542 55.83270266 0 P 0
L 79.58994242 64.23238614 79.58994242 65.73240854 0 P 0
L 79.58994242 69.33255374 79.58994242 70.83257614 0 P 0
