UNITS=MM
#Layer_Color=9474304
#
#Feature symbol names
#
$0 r127
$1 r169.33164

#
#Feature attribute names
#

#
#Layer features
#
A 4.99764812 34.98264784 4.99764812 34.98264784 4.48964812 34.98264784 1 P 0 N
A 4.99764812 40.08281544 4.99764812 40.08281544 4.48964812 40.08281544 1 P 0 N
A 4.99777512 49.98239686 4.99777512 49.98239686 4.48977512 49.98239686 1 P 0 N
A 4.99777512 55.08256446 4.99777512 55.08256446 4.48977512 55.08256446 1 P 0 N
A 4.99777512 64.98239734 4.99777512 64.98239734 4.48977512 64.98239734 1 P 0 N
A 4.99777512 70.08256494 4.99777512 70.08256494 4.48977512 70.08256494 1 P 0 N
A 10.09781572 34.98264784 10.09781572 34.98264784 9.58981572 34.98264784 1 P 0 N
A 10.09781572 40.08281544 10.09781572 40.08281544 9.58981572 40.08281544 1 P 0 N
A 10.09794272 49.98239686 10.09794272 49.98239686 9.58994272 49.98239686 1 P 0 N
A 10.09794272 55.08256446 10.09794272 55.08256446 9.58994272 55.08256446 1 P 0 N
A 10.09794272 64.98239734 10.09794272 64.98239734 9.58994272 64.98239734 1 P 0 N
A 10.09794272 70.08256494 10.09794272 70.08256494 9.58994272 70.08256494 1 P 0 N
A 19.9976486 49.98252386 19.9976486 49.98252386 19.4896486 49.98252386 1 P 0 N
A 19.9976486 55.08269146 19.9976486 55.08269146 19.4896486 55.08269146 1 P 0 N
A 19.9977756 4.98239796 19.9977756 4.98239796 19.4897756 4.98239796 1 P 0 N
A 19.9977756 10.08256556 19.9977756 10.08256556 19.4897756 10.08256556 1 P 0 N
A 19.9977756 19.9823959 19.9977756 19.9823959 19.4897756 19.9823959 1 P 0 N
A 19.9977756 25.0825635 19.9977756 25.0825635 19.4897756 25.0825635 1 P 0 N
A 19.9977756 64.98239734 19.9977756 64.98239734 19.4897756 64.98239734 1 P 0 N
A 19.9977756 70.08256494 19.9977756 70.08256494 19.4897756 70.08256494 1 P 0 N
A 25.0978162 49.98252386 25.0978162 49.98252386 24.5898162 49.98252386 1 P 0 N
A 25.0978162 55.08269146 25.0978162 55.08269146 24.5898162 55.08269146 1 P 0 N
A 25.0979432 4.98239796 25.0979432 4.98239796 24.5899432 4.98239796 1 P 0 N
A 25.0979432 10.08256556 25.0979432 10.08256556 24.5899432 10.08256556 1 P 0 N
A 25.0979432 19.9823959 25.0979432 19.9823959 24.5899432 19.9823959 1 P 0 N
A 25.0979432 25.0825635 25.0979432 25.0825635 24.5899432 25.0825635 1 P 0 N
A 25.0979432 64.98239734 25.0979432 64.98239734 24.5899432 64.98239734 1 P 0 N
A 25.0979432 70.08256494 25.0979432 70.08256494 24.5899432 70.08256494 1 P 0 N
A 59.99777434 4.98239796 59.99777434 4.98239796 59.48977434 4.98239796 1 P 0 N
A 59.99777434 10.08256556 59.99777434 10.08256556 59.48977434 10.08256556 1 P 0 N
A 59.99777434 19.9823959 59.99777434 19.9823959 59.48977434 19.9823959 1 P 0 N
A 59.99777434 25.0825635 59.99777434 25.0825635 59.48977434 25.0825635 1 P 0 N
A 59.99777434 49.98239686 59.99777434 49.98239686 59.48977434 49.98239686 1 P 0 N
A 59.99777434 55.08256446 59.99777434 55.08256446 59.48977434 55.08256446 1 P 0 N
A 59.99777434 64.98239734 59.99777434 64.98239734 59.48977434 64.98239734 1 P 0 N
A 59.99777434 70.08256494 59.99777434 70.08256494 59.48977434 70.08256494 1 P 0 N
A 65.09794194 4.98239796 65.09794194 4.98239796 64.58994194 4.98239796 1 P 0 N
A 65.09794194 10.08256556 65.09794194 10.08256556 64.58994194 10.08256556 1 P 0 N
A 65.09794194 19.9823959 65.09794194 19.9823959 64.58994194 19.9823959 1 P 0 N
A 65.09794194 25.0825635 65.09794194 25.0825635 64.58994194 25.0825635 1 P 0 N
A 65.09794194 49.98239686 65.09794194 49.98239686 64.58994194 49.98239686 1 P 0 N
A 65.09794194 55.08256446 65.09794194 55.08256446 64.58994194 55.08256446 1 P 0 N
A 65.09794194 64.98239734 65.09794194 64.98239734 64.58994194 64.98239734 1 P 0 N
A 65.09794194 70.08256494 65.09794194 70.08256494 64.58994194 70.08256494 1 P 0 N
A 74.99764782 34.98265038 74.99764782 34.98265038 74.48964782 34.98265038 1 P 0 N
A 74.99764782 40.08281798 74.99764782 40.08281798 74.48964782 40.08281798 1 P 0 N
A 74.99764782 49.98252386 74.99764782 49.98252386 74.48964782 49.98252386 1 P 0 N
A 74.99764782 55.08269146 74.99764782 55.08269146 74.48964782 55.08269146 1 P 0 N
A 74.99777482 64.98239734 74.99777482 64.98239734 74.48977482 64.98239734 1 P 0 N
A 74.99777482 70.08256494 74.99777482 70.08256494 74.48977482 70.08256494 1 P 0 N
A 80.09781542 34.98265038 80.09781542 34.98265038 79.58981542 34.98265038 1 P 0 N
A 80.09781542 40.08281798 80.09781542 40.08281798 79.58981542 40.08281798 1 P 0 N
A 80.09781542 49.98252386 80.09781542 49.98252386 79.58981542 49.98252386 1 P 0 N
A 80.09781542 55.08269146 80.09781542 55.08269146 79.58981542 55.08269146 1 P 0 N
A 80.09794242 64.98239734 80.09794242 64.98239734 79.58994242 64.98239734 1 P 0 N
A 80.09794242 70.08256494 80.09794242 70.08256494 79.58994242 70.08256494 1 P 0 N
L 5.14755892 37.03244562 5.40155892 37.54044562 0 P 0
L 5.14755892 37.03244562 5.65555892 37.28644562 0 P 0
L 5.14755892 38.04844562 5.40155892 37.54044562 0 P 0
L 5.14755892 38.04844562 5.65555892 37.79444562 0 P 0
L 5.15415022 66.9047811 5.40815022 67.4127811 0 P 0
L 5.15415022 66.9047811 5.66215022 67.1587811 0 P 0
L 5.15415022 67.9207811 5.40815022 67.4127811 0 P 0
L 5.15415022 67.9207811 5.66215022 67.6667811 0 P 0
L 5.17220454 52.28182584 5.42620454 52.78982584 0 P 0
L 5.17220454 52.28182584 5.68020454 52.53582584 0 P 0
L 5.17220454 53.29782584 5.42620454 52.78982584 0 P 0
L 5.17220454 53.29782584 5.68020454 53.04382584 0 P 0
L 5.2028979 51.628548 5.4568979 52.136548 0 P 0
L 5.2028979 51.628548 5.7108979 51.882548 0 P 0
L 5.2028979 52.644548 5.4568979 52.136548 0 P 0
L 5.2028979 52.644548 5.7108979 52.390548 0 P 0
L 5.2544726 67.55104092 5.5084726 68.05904092 0 P 0
L 5.2544726 67.55104092 5.7624726 67.80504092 0 P 0
L 5.2544726 68.56704092 5.5084726 68.05904092 0 P 0
L 5.2544726 68.56704092 5.7624726 68.31304092 0 P 0
L 5.29698204 36.39574636 5.55098204 36.90374636 0 P 0
L 5.29698204 36.39574636 5.80498204 36.64974636 0 P 0
L 5.29698204 37.41174636 5.55098204 36.90374636 0 P 0
L 5.29698204 37.41174636 5.80498204 37.15774636 0 P 0
L 5.3026056 37.66780122 5.5566056 38.17580122 0 P 0
L 5.3026056 37.66780122 5.8106056 37.92180122 0 P 0
L 5.3026056 38.68380122 5.5566056 38.17580122 0 P 0
L 5.3026056 38.68380122 5.8106056 38.42980122 0 P 0
L 5.35907996 66.28372062 5.61307996 66.79172062 0 P 0
L 5.35907996 66.28372062 5.86707996 66.53772062 0 P 0
L 5.35907996 67.29972062 5.61307996 66.79172062 0 P 0
L 5.35907996 67.29972062 5.86707996 67.04572062 0 P 0
L 5.4441471 52.87660748 5.6981471 53.38460748 0 P 0
L 5.4441471 52.87660748 5.9521471 53.13060748 0 P 0
L 5.4441471 53.89260748 5.6981471 53.38460748 0 P 0
L 5.4441471 53.89260748 5.9521471 53.63860748 0 P 0
L 5.53327062 51.06412952 5.78727062 51.57212952 0 P 0
L 5.53327062 51.06412952 6.04127062 51.31812952 0 P 0
L 5.53327062 52.08012952 5.78727062 51.57212952 0 P 0
L 5.53327062 52.08012952 6.04127062 51.82612952 0 P 0
L 5.63840884 68.0804836 5.89240884 68.5884836 0 P 0
L 5.63840884 68.0804836 6.14640884 68.3344836 0 P 0
L 5.63840884 69.0964836 5.89240884 68.5884836 0 P 0
L 5.63840884 69.0964836 6.14640884 68.8424836 0 P 0
L 5.65555892 37.28644562 6.16355892 37.03244562 0 P 0
L 5.65555892 37.79444562 6.16355892 38.04844562 0 P 0
L 5.66215022 67.1587811 6.17015022 66.9047811 0 P 0
L 5.66215022 67.6667811 6.17015022 67.9207811 0 P 0
L 5.68020454 52.53582584 6.18820454 52.28182584 0 P 0
L 5.68020454 53.04382584 6.18820454 53.29782584 0 P 0
L 5.7108979 51.882548 6.2188979 51.628548 0 P 0
L 5.7108979 52.390548 6.2188979 52.644548 0 P 0
L 5.72587628 35.90202116 5.97987628 36.41002116 0 P 0
L 5.72587628 35.90202116 6.23387628 36.15602116 0 P 0
L 5.72587628 36.91802116 5.97987628 36.41002116 0 P 0
L 5.72587628 36.91802116 6.23387628 36.66402116 0 P 0
L 5.73712594 38.15658104 5.99112594 38.66458104 0 P 0
L 5.73712594 38.15658104 6.24512594 38.41058104 0 P 0
L 5.73712594 39.17258104 5.99112594 38.66458104 0 P 0
L 5.73712594 39.17258104 6.24512594 38.91858104 0 P 0
L 5.7624726 67.80504092 6.2704726 67.55104092 0 P 0
L 5.7624726 68.31304092 6.2704726 68.56704092 0 P 0
L 5.80498204 36.64974636 6.31298204 36.39574636 0 P 0
L 5.80498204 37.15774636 6.31298204 37.41174636 0 P 0
L 5.8106056 37.92180122 6.3186056 37.66780122 0 P 0
L 5.8106056 38.42980122 6.3186056 38.68380122 0 P 0
L 5.83106022 65.83100372 6.08506022 66.33900372 0 P 0
L 5.83106022 65.83100372 6.33906022 66.08500372 0 P 0
L 5.83106022 66.84700372 6.08506022 66.33900372 0 P 0
L 5.83106022 66.84700372 6.33906022 66.59300372 0 P 0
L 5.86707996 66.53772062 6.37507996 66.28372062 0 P 0
L 5.86707996 67.04572062 6.37507996 67.29972062 0 P 0
L 5.90955892 37.54044562 6.16355892 37.03244562 0 P 0
L 5.90955892 37.54044562 6.16355892 38.04844562 0 P 0
L 5.91615022 67.4127811 6.17015022 66.9047811 0 P 0
L 5.91615022 67.4127811 6.17015022 67.9207811 0 P 0
L 5.93420454 52.78982584 6.18820454 52.28182584 0 P 0
L 5.93420454 52.78982584 6.18820454 53.29782584 0 P 0
L 5.9521471 53.13060748 6.4601471 52.87660748 0 P 0
L 5.9521471 53.63860748 6.4601471 53.89260748 0 P 0
L 5.9573414 53.28200164 6.2113414 53.79000164 0 P 0
L 5.9573414 53.28200164 6.4653414 53.53600164 0 P 0
L 5.9573414 54.29800164 6.2113414 53.79000164 0 P 0
L 5.9573414 54.29800164 6.4653414 54.04400164 0 P 0
L 5.9648979 52.136548 6.2188979 51.628548 0 P 0
L 5.9648979 52.136548 6.2188979 52.644548 0 P 0
L 5.98969084 47.32573466 6.24369084 47.83373466 0 P 0
L 5.98969084 47.32573466 6.49769084 47.57973466 0 P 0
L 5.98969084 47.97973386 6.24369084 48.48773386 0 P 0
L 5.98969084 47.97973386 6.49769084 48.23373386 0 P 0
L 5.98969084 48.34173466 6.24369084 47.83373466 0 P 0
L 5.98969084 48.34173466 6.49769084 48.08773466 0 P 0
L 5.98969084 48.63373306 6.24369084 49.14173306 0 P 0
L 5.98969084 48.63373306 6.49769084 48.88773306 0 P 0
L 5.98969084 48.99573386 6.24369084 48.48773386 0 P 0
L 5.98969084 48.99573386 6.49769084 48.74173386 0 P 0
L 5.98969084 49.28773226 6.24369084 49.79573226 0 P 0
L 5.98969084 49.28773226 6.49769084 49.54173226 0 P 0
L 5.98969084 49.64973306 6.24369084 49.14173306 0 P 0
L 5.98969084 49.64973306 6.49769084 49.39573306 0 P 0
L 5.98969084 49.94173146 6.24369084 50.44973146 0 P 0
L 5.98969084 49.94173146 6.49769084 50.19573146 0 P 0
L 5.98969084 50.30373226 6.24369084 49.79573226 0 P 0
L 5.98969084 50.30373226 6.49769084 50.04973226 0 P 0
L 5.98969084 50.59573066 6.24369084 51.10373066 0 P 0
L 5.98969084 50.59573066 6.49769084 50.84973066 0 P 0
L 5.98969084 50.95773146 6.24369084 50.44973146 0 P 0
L 5.98969084 50.95773146 6.49769084 50.70373146 0 P 0
L 5.98969084 51.61173066 6.24369084 51.10373066 0 P 0
L 5.98969084 51.61173066 6.49769084 51.35773066 0 P 0
L 5.98969084 68.63213096 6.24369084 69.14013096 0 P 0
L 5.98969084 68.63213096 6.49769084 68.88613096 0 P 0
L 5.98969084 69.28613016 6.24369084 69.79413016 0 P 0
L 5.98969084 69.28613016 6.49769084 69.54013016 0 P 0
L 5.98969084 69.64813096 6.24369084 69.14013096 0 P 0
L 5.98969084 69.64813096 6.49769084 69.39413096 0 P 0
L 5.98969084 69.94012936 6.24369084 70.44812936 0 P 0
L 5.98969084 69.94012936 6.49769084 70.19412936 0 P 0
L 5.98969084 70.30213016 6.24369084 69.79413016 0 P 0
L 5.98969084 70.30213016 6.49769084 70.04813016 0 P 0
L 5.98969084 70.59412856 6.24369084 71.10212856 0 P 0
L 5.98969084 70.59412856 6.49769084 70.84812856 0 P 0
L 5.98969084 70.95612936 6.24369084 70.44812936 0 P 0
L 5.98969084 70.95612936 6.49769084 70.70212936 0 P 0
L 5.98969084 71.24812776 6.24369084 71.75612776 0 P 0
L 5.98969084 71.24812776 6.49769084 71.50212776 0 P 0
L 5.98969084 71.61012856 6.24369084 71.10212856 0 P 0
L 5.98969084 71.61012856 6.49769084 71.35612856 0 P 0
L 5.98969084 71.90212696 6.24369084 72.41012696 0 P 0
L 5.98969084 71.90212696 6.49769084 72.15612696 0 P 0
L 5.98969084 72.26412776 6.24369084 71.75612776 0 P 0
L 5.98969084 72.26412776 6.49769084 72.01012776 0 P 0
L 5.98969084 72.91812696 6.24369084 72.41012696 0 P 0
L 5.98969084 72.91812696 6.49769084 72.66412696 0 P 0
L 6.01415104 46.67219266 6.26815104 47.18019266 0 P 0
L 6.01415104 46.67219266 6.52215104 46.92619266 0 P 0
L 6.01415104 47.68819266 6.26815104 47.18019266 0 P 0
L 6.01415104 47.68819266 6.52215104 47.43419266 0 P 0
L 6.0164726 68.05904092 6.2704726 67.55104092 0 P 0
L 6.0164726 68.05904092 6.2704726 68.56704092 0 P 0
L 6.04127062 51.31812952 6.54927062 51.06412952 0 P 0
L 6.04127062 51.82612952 6.54927062 52.08012952 0 P 0
L 6.04196912 72.5540332 6.29596912 73.0620332 0 P 0
L 6.04196912 72.5540332 6.54996912 72.8080332 0 P 0
L 6.04196912 73.5700332 6.29596912 73.0620332 0 P 0
L 6.04196912 73.5700332 6.54996912 73.3160332 0 P 0
L 6.05898204 36.90374636 6.31298204 36.39574636 0 P 0
L 6.05898204 36.90374636 6.31298204 37.41174636 0 P 0
L 6.0646056 38.17580122 6.3186056 37.66780122 0 P 0
L 6.0646056 38.17580122 6.3186056 38.68380122 0 P 0
L 6.12107996 66.79172062 6.37507996 66.28372062 0 P 0
L 6.12107996 66.79172062 6.37507996 67.29972062 0 P 0
L 6.14640884 68.3344836 6.65440884 68.0804836 0 P 0
L 6.14640884 68.8424836 6.65440884 69.0964836 0 P 0
L 6.16526326 46.03588964 6.41926326 46.54388964 0 P 0
L 6.16526326 46.03588964 6.67326326 46.28988964 0 P 0
L 6.16526326 47.05188964 6.41926326 46.54388964 0 P 0
L 6.16526326 47.05188964 6.67326326 46.79788964 0 P 0
L 6.2061471 53.38460748 6.4601471 52.87660748 0 P 0
L 6.2061471 53.38460748 6.4601471 53.89260748 0 P 0
L 6.23387628 36.15602116 6.74187628 35.90202116 0 P 0
L 6.23387628 36.66402116 6.74187628 36.91802116 0 P 0
L 6.23388644 73.17923896 6.48788644 73.68723896 0 P 0
L 6.23388644 73.17923896 6.74188644 73.43323896 0 P 0
L 6.23388644 74.19523896 6.48788644 73.68723896 0 P 0
L 6.23388644 74.19523896 6.74188644 73.94123896 0 P 0
L 6.24512594 38.41058104 6.75312594 38.15658104 0 P 0
L 6.24512594 38.91858104 6.75312594 39.17258104 0 P 0
L 6.29527062 51.57212952 6.54927062 51.06412952 0 P 0
L 6.29527062 51.57212952 6.54927062 52.08012952 0 P 0
L 6.3326137 35.65791954 6.5866137 36.16591954 0 P 0
L 6.3326137 35.65791954 6.8406137 35.91191954 0 P 0
L 6.3326137 36.67391954 6.5866137 36.16591954 0 P 0
L 6.3326137 36.67391954 6.8406137 36.41991954 0 P 0
L 6.33906022 66.08500372 6.84706022 65.83100372 0 P 0
L 6.33906022 66.59300372 6.84706022 66.84700372 0 P 0
L 6.34655322 38.39388308 6.60055322 38.90188308 0 P 0
L 6.34655322 38.39388308 6.85455322 38.64788308 0 P 0
L 6.34655322 39.40988308 6.60055322 38.90188308 0 P 0
L 6.34655322 39.40988308 6.85455322 39.15588308 0 P 0
L 6.40040884 68.5884836 6.65440884 68.0804836 0 P 0
L 6.40040884 68.5884836 6.65440884 69.0964836 0 P 0
L 6.45149332 45.44785424 6.70549332 45.95585424 0 P 0
L 6.45149332 45.44785424 6.95949332 45.70185424 0 P 0
L 6.45149332 46.46385424 6.70549332 45.95585424 0 P 0
L 6.45149332 46.46385424 6.95949332 46.20985424 0 P 0
L 6.4569467 65.64131652 6.7109467 66.14931652 0 P 0
L 6.4569467 65.64131652 6.9649467 65.89531652 0 P 0
L 6.4569467 66.65731652 6.7109467 66.14931652 0 P 0
L 6.4569467 66.65731652 6.9649467 66.40331652 0 P 0
L 6.4653414 53.53600164 6.9733414 53.28200164 0 P 0
L 6.4653414 54.04400164 6.9733414 54.29800164 0 P 0
L 6.48787628 36.41002116 6.74187628 35.90202116 0 P 0
L 6.48787628 36.41002116 6.74187628 36.91802116 0 P 0
L 6.49769084 47.57973466 7.00569084 47.32573466 0 P 0
L 6.49769084 48.08773466 7.00569084 48.34173466 0 P 0
L 6.49769084 48.23373386 7.00569084 47.97973386 0 P 0
L 6.49769084 48.74173386 7.00569084 48.99573386 0 P 0
L 6.49769084 48.88773306 7.00569084 48.63373306 0 P 0
L 6.49769084 49.39573306 7.00569084 49.64973306 0 P 0
L 6.49769084 49.54173226 7.00569084 49.28773226 0 P 0
L 6.49769084 50.04973226 7.00569084 50.30373226 0 P 0
L 6.49769084 50.19573146 7.00569084 49.94173146 0 P 0
L 6.49769084 50.70373146 7.00569084 50.95773146 0 P 0
L 6.49769084 50.84973066 7.00569084 50.59573066 0 P 0
L 6.49769084 51.35773066 7.00569084 51.61173066 0 P 0
L 6.49769084 68.88613096 7.00569084 68.63213096 0 P 0
L 6.49769084 69.39413096 7.00569084 69.64813096 0 P 0
L 6.49769084 69.54013016 7.00569084 69.28613016 0 P 0
L 6.49769084 70.04813016 7.00569084 70.30213016 0 P 0
L 6.49769084 70.19412936 7.00569084 69.94012936 0 P 0
L 6.49769084 70.70212936 7.00569084 70.95612936 0 P 0
L 6.49769084 70.84812856 7.00569084 70.59412856 0 P 0
L 6.49769084 71.35612856 7.00569084 71.61012856 0 P 0
L 6.49769084 71.50212776 7.00569084 71.24812776 0 P 0
L 6.49769084 72.01012776 7.00569084 72.26412776 0 P 0
L 6.49769084 72.15612696 7.00569084 71.90212696 0 P 0
L 6.49769084 72.66412696 7.00569084 72.91812696 0 P 0
L 6.49912594 38.66458104 6.75312594 38.15658104 0 P 0
L 6.49912594 38.66458104 6.75312594 39.17258104 0 P 0
L 6.52215104 46.92619266 7.03015104 46.67219266 0 P 0
L 6.52215104 47.43419266 7.03015104 47.68819266 0 P 0
L 6.53147792 37.02498564 6.53147792 38.04098564 0 P 0
L 6.53147792 37.02498564 7.54747792 37.02498564 0 P 0
L 6.53147792 38.04098564 7.54747792 38.04098564 0 P 0
L 6.53160492 52.02473466 6.53160492 53.04073466 0 P 0
L 6.53160492 52.02473466 7.54760492 52.02473466 0 P 0
L 6.53160492 53.04073466 7.54760492 53.04073466 0 P 0
L 6.53160492 67.02473514 6.53160492 68.04073514 0 P 0
L 6.53160492 67.02473514 7.54760492 67.02473514 0 P 0
L 6.53160492 68.04073514 7.54760492 68.04073514 0 P 0
L 6.54514058 73.7544245 6.79914058 74.2624245 0 P 0
L 6.54514058 73.7544245 7.05314058 74.0084245 0 P 0
L 6.54514058 74.7704245 6.79914058 74.2624245 0 P 0
L 6.54514058 74.7704245 7.05314058 74.5164245 0 P 0
L 6.54996912 72.8080332 7.05796912 72.5540332 0 P 0
L 6.54996912 73.3160332 7.05796912 73.5700332 0 P 0
L 6.59306022 66.33900372 6.84706022 65.83100372 0 P 0
L 6.59306022 66.33900372 6.84706022 66.84700372 0 P 0
L 6.59886666 53.40912356 6.85286666 53.91712356 0 P 0
L 6.59886666 53.40912356 7.10686666 53.66312356 0 P 0
L 6.59886666 54.42512356 6.85286666 53.91712356 0 P 0
L 6.59886666 54.42512356 7.10686666 54.17112356 0 P 0
L 6.67326326 46.28988964 7.18126326 46.03588964 0 P 0
L 6.67326326 46.79788964 7.18126326 47.05188964 0 P 0
L 6.7193414 53.79000164 6.9733414 53.28200164 0 P 0
L 6.7193414 53.79000164 6.9733414 54.29800164 0 P 0
L 6.74188644 73.43323896 7.24988644 73.17923896 0 P 0
L 6.74188644 73.94123896 7.24988644 74.19523896 0 P 0
L 6.75169084 47.83373466 7.00569084 47.32573466 0 P 0
L 6.75169084 47.83373466 7.00569084 48.34173466 0 P 0
L 6.75169084 48.48773386 7.00569084 47.97973386 0 P 0
L 6.75169084 48.48773386 7.00569084 48.99573386 0 P 0
L 6.75169084 49.14173306 7.00569084 48.63373306 0 P 0
L 6.75169084 49.14173306 7.00569084 49.64973306 0 P 0
L 6.75169084 49.79573226 7.00569084 49.28773226 0 P 0
L 6.75169084 49.79573226 7.00569084 50.30373226 0 P 0
L 6.75169084 50.44973146 7.00569084 49.94173146 0 P 0
L 6.75169084 50.44973146 7.00569084 50.95773146 0 P 0
L 6.75169084 51.10373066 7.00569084 50.59573066 0 P 0
L 6.75169084 51.10373066 7.00569084 51.61173066 0 P 0
L 6.75169084 69.14013096 7.00569084 68.63213096 0 P 0
L 6.75169084 69.14013096 7.00569084 69.64813096 0 P 0
L 6.75169084 69.79413016 7.00569084 69.28613016 0 P 0
L 6.75169084 69.79413016 7.00569084 70.30213016 0 P 0
L 6.75169084 70.44812936 7.00569084 69.94012936 0 P 0
L 6.75169084 70.44812936 7.00569084 70.95612936 0 P 0
L 6.75169084 71.10212856 7.00569084 70.59412856 0 P 0
L 6.75169084 71.10212856 7.00569084 71.61012856 0 P 0
L 6.75169084 71.75612776 7.00569084 71.24812776 0 P 0
L 6.75169084 71.75612776 7.00569084 72.26412776 0 P 0
L 6.75169084 72.41012696 7.00569084 71.90212696 0 P 0
L 6.75169084 72.41012696 7.00569084 72.91812696 0 P 0
L 6.77615104 47.18019266 7.03015104 46.67219266 0 P 0
L 6.77615104 47.18019266 7.03015104 47.68819266 0 P 0
L 6.80396912 73.0620332 7.05796912 72.5540332 0 P 0
L 6.80396912 73.0620332 7.05796912 73.5700332 0 P 0
L 6.8406137 35.91191954 7.3486137 35.65791954 0 P 0
L 6.8406137 36.41991954 7.3486137 36.67391954 0 P 0
L 6.84789334 44.92767748 7.10189334 45.43567748 0 P 0
L 6.84789334 44.92767748 7.35589334 45.18167748 0 P 0
L 6.84789334 45.94367748 7.10189334 45.43567748 0 P 0
L 6.84789334 45.94367748 7.35589334 45.68967748 0 P 0
L 6.85455322 38.64788308 7.36255322 38.39388308 0 P 0
L 6.85455322 39.15588308 7.36255322 39.40988308 0 P 0
L 6.92726326 46.54388964 7.18126326 46.03588964 0 P 0
L 6.92726326 46.54388964 7.18126326 47.05188964 0 P 0
L 6.95949332 45.70185424 7.46749332 45.44785424 0 P 0
L 6.95949332 46.20985424 7.46749332 46.46385424 0 P 0
L 6.9649467 65.89531652 7.4729467 65.64131652 0 P 0
L 6.9649467 66.40331652 7.4729467 66.65731652 0 P 0
L 6.97749684 74.24511948 7.23149684 74.75311948 0 P 0
L 6.97749684 74.24511948 7.48549684 74.49911948 0 P 0
L 6.97749684 75.26111948 7.23149684 74.75311948 0 P 0
L 6.97749684 75.26111948 7.48549684 75.00711948 0 P 0
L 6.98391542 35.71725648 7.23791542 36.22525648 0 P 0
L 6.98391542 35.71725648 7.49191542 35.97125648 0 P 0
L 6.98391542 36.73325648 7.23791542 36.22525648 0 P 0
L 6.98391542 36.73325648 7.49191542 36.47925648 0 P 0
L 6.99588644 73.68723896 7.24988644 73.17923896 0 P 0
L 6.99588644 73.68723896 7.24988644 74.19523896 0 P 0
L 6.99714882 38.32723094 7.25114882 38.83523094 0 P 0
L 6.99714882 38.32723094 7.50514882 38.58123094 0 P 0
L 6.99714882 39.34323094 7.25114882 38.83523094 0 P 0
L 6.99714882 39.34323094 7.50514882 39.08923094 0 P 0
L 7.05314058 74.0084245 7.56114058 73.7544245 0 P 0
L 7.05314058 74.5164245 7.56114058 74.7704245 0 P 0
L 7.073519 47.15514572 7.327519 47.66314572 0 P 0
L 7.073519 47.15514572 7.581519 47.40914572 0 P 0
L 7.073519 47.80914492 7.327519 48.31714492 0 P 0
L 7.073519 47.80914492 7.581519 48.06314492 0 P 0
L 7.073519 48.17114572 7.327519 47.66314572 0 P 0
L 7.073519 48.17114572 7.581519 47.91714572 0 P 0
L 7.073519 48.46314412 7.327519 48.97114412 0 P 0
L 7.073519 48.46314412 7.581519 48.71714412 0 P 0
L 7.073519 48.82514492 7.327519 48.31714492 0 P 0
L 7.073519 48.82514492 7.581519 48.57114492 0 P 0
L 7.073519 49.11714332 7.327519 49.62514332 0 P 0
L 7.073519 49.11714332 7.581519 49.37114332 0 P 0
L 7.073519 49.47914412 7.327519 48.97114412 0 P 0
L 7.073519 49.47914412 7.581519 49.22514412 0 P 0
L 7.073519 49.77114252 7.327519 50.27914252 0 P 0
L 7.073519 49.77114252 7.581519 50.02514252 0 P 0
L 7.073519 50.13314332 7.327519 49.62514332 0 P 0
L 7.073519 50.13314332 7.581519 49.87914332 0 P 0
L 7.073519 50.42514172 7.327519 50.93314172 0 P 0
L 7.073519 50.42514172 7.581519 50.67914172 0 P 0
L 7.073519 50.78714252 7.327519 50.27914252 0 P 0
L 7.073519 50.78714252 7.581519 50.53314252 0 P 0
L 7.073519 51.44114172 7.327519 50.93314172 0 P 0
L 7.073519 51.44114172 7.581519 51.18714172 0 P 0
L 7.073519 68.4435385 7.327519 68.9515385 0 P 0
L 7.073519 68.4435385 7.581519 68.6975385 0 P 0
L 7.073519 69.0975377 7.327519 69.6055377 0 P 0
L 7.073519 69.0975377 7.581519 69.3515377 0 P 0
L 7.073519 69.4595385 7.327519 68.9515385 0 P 0
L 7.073519 69.4595385 7.581519 69.2055385 0 P 0
L 7.073519 69.7515369 7.327519 70.2595369 0 P 0
L 7.073519 69.7515369 7.581519 70.0055369 0 P 0
L 7.073519 70.1135377 7.327519 69.6055377 0 P 0
L 7.073519 70.1135377 7.581519 69.8595377 0 P 0
L 7.073519 70.4055361 7.327519 70.9135361 0 P 0
L 7.073519 70.4055361 7.581519 70.6595361 0 P 0
L 7.073519 70.7675369 7.327519 70.2595369 0 P 0
L 7.073519 70.7675369 7.581519 70.5135369 0 P 0
L 7.073519 71.0595353 7.327519 71.5675353 0 P 0
L 7.073519 71.0595353 7.581519 71.3135353 0 P 0
L 7.073519 71.4215361 7.327519 70.9135361 0 P 0
L 7.073519 71.4215361 7.581519 71.1675361 0 P 0
L 7.073519 71.7135345 7.327519 72.2215345 0 P 0
L 7.073519 71.7135345 7.581519 71.9675345 0 P 0
L 7.073519 72.0755353 7.327519 71.5675353 0 P 0
L 7.073519 72.0755353 7.581519 71.8215353 0 P 0
L 7.073519 72.7295345 7.327519 72.2215345 0 P 0
L 7.073519 72.7295345 7.581519 72.4755345 0 P 0
L 7.0946137 36.16591954 7.3486137 35.65791954 0 P 0
L 7.0946137 36.16591954 7.3486137 36.67391954 0 P 0
L 7.0991984 65.76470464 7.3531984 66.27270464 0 P 0
L 7.0991984 65.76470464 7.6071984 66.01870464 0 P 0
L 7.0991984 66.78070464 7.3531984 66.27270464 0 P 0
L 7.0991984 66.78070464 7.6071984 66.52670464 0 P 0
L 7.10686666 53.66312356 7.61486666 53.40912356 0 P 0
L 7.10686666 54.17112356 7.61486666 54.42512356 0 P 0
L 7.10855322 38.90188308 7.36255322 38.39388308 0 P 0
L 7.10855322 38.90188308 7.36255322 39.40988308 0 P 0
L 7.11110846 72.3664542 7.36510846 72.8744542 0 P 0
L 7.11110846 72.3664542 7.61910846 72.6204542 0 P 0
L 7.11110846 73.3824542 7.36510846 72.8744542 0 P 0
L 7.11110846 73.3824542 7.61910846 73.1284542 0 P 0
L 7.1627619 46.50726284 7.4167619 47.01526284 0 P 0
L 7.1627619 46.50726284 7.6707619 46.76126284 0 P 0
L 7.1627619 47.52326284 7.4167619 47.01526284 0 P 0
L 7.1627619 47.52326284 7.6707619 47.26926284 0 P 0
L 7.21349332 45.95585424 7.46749332 45.44785424 0 P 0
L 7.21349332 45.95585424 7.46749332 46.46385424 0 P 0
L 7.2189467 66.14931652 7.4729467 65.64131652 0 P 0
L 7.2189467 66.14931652 7.4729467 66.65731652 0 P 0
L 7.22545418 53.221763 7.47945418 53.729763 0 P 0
L 7.22545418 53.221763 7.73345418 53.475763 0 P 0
L 7.22545418 54.237763 7.47945418 53.729763 0 P 0
L 7.22545418 54.237763 7.73345418 53.983763 0 P 0
L 7.30714058 74.2624245 7.56114058 73.7544245 0 P 0
L 7.30714058 74.2624245 7.56114058 74.7704245 0 P 0
L 7.34698048 72.97643774 7.60098048 73.48443774 0 P 0
L 7.34698048 72.97643774 7.85498048 73.23043774 0 P 0
L 7.34698048 73.99243774 7.60098048 73.48443774 0 P 0
L 7.34698048 73.99243774 7.85498048 73.73843774 0 P 0
L 7.35009452 44.50874004 7.60409452 45.01674004 0 P 0
L 7.35009452 44.50874004 7.85809452 44.76274004 0 P 0
L 7.35009452 45.52474004 7.60409452 45.01674004 0 P 0
L 7.35009452 45.52474004 7.85809452 45.27074004 0 P 0
L 7.35589334 45.18167748 7.86389334 44.92767748 0 P 0
L 7.35589334 45.68967748 7.86389334 45.94367748 0 P 0
L 7.36086666 53.91712356 7.61486666 53.40912356 0 P 0
L 7.36086666 53.91712356 7.61486666 54.42512356 0 P 0
L 7.43033058 50.973228 7.68433058 51.481228 0 P 0
L 7.43033058 50.973228 7.93833058 51.227228 0 P 0
L 7.43033058 51.989228 7.68433058 51.481228 0 P 0
L 7.43033058 51.989228 7.93833058 51.735228 0 P 0
L 7.44205268 45.91590004 7.69605268 46.42390004 0 P 0
L 7.44205268 45.91590004 7.95005268 46.16990004 0 P 0
L 7.44205268 46.93190004 7.69605268 46.42390004 0 P 0
L 7.44205268 46.93190004 7.95005268 46.67790004 0 P 0
L 7.48549684 74.49911948 7.99349684 74.24511948 0 P 0
L 7.48549684 75.00711948 7.99349684 75.26111948 0 P 0
L 7.49191542 35.97125648 7.99991542 35.71725648 0 P 0
L 7.49191542 36.47925648 7.99991542 36.73325648 0 P 0
L 7.50300252 74.63442274 7.75700252 75.14242274 0 P 0
L 7.50300252 74.63442274 8.01100252 74.88842274 0 P 0
L 7.50300252 75.65042274 7.75700252 75.14242274 0 P 0
L 7.50300252 75.65042274 8.01100252 75.39642274 0 P 0
L 7.50514882 38.58123094 8.01314882 38.32723094 0 P 0
L 7.50514882 39.08923094 8.01314882 39.34323094 0 P 0
L 7.5352021 36.06910744 7.7892021 36.57710744 0 P 0
L 7.5352021 36.06910744 8.0432021 36.32310744 0 P 0
L 7.5352021 37.08510744 7.7892021 36.57710744 0 P 0
L 7.5352021 37.08510744 8.0432021 36.83110744 0 P 0
L 7.53541038 67.98053714 7.78941038 68.48853714 0 P 0
L 7.53541038 67.98053714 8.04341038 68.23453714 0 P 0
L 7.53541038 68.99653714 7.78941038 68.48853714 0 P 0
L 7.53541038 68.99653714 8.04341038 68.74253714 0 P 0
L 7.54591582 37.97146584 7.79991582 38.47946584 0 P 0
L 7.54591582 37.97146584 8.05391582 38.22546584 0 P 0
L 7.54591582 38.98746584 7.79991582 38.47946584 0 P 0
L 7.54591582 38.98746584 8.05391582 38.73346584 0 P 0
L 7.54747792 37.02498564 7.54747792 38.04098564 0 P 0
L 7.54760492 52.02473466 7.54760492 53.04073466 0 P 0
L 7.54760492 67.02473514 7.54760492 68.04073514 0 P 0
L 7.581519 47.40914572 8.089519 47.15514572 0 P 0
L 7.581519 47.91714572 8.089519 48.17114572 0 P 0
L 7.581519 48.06314492 8.089519 47.80914492 0 P 0
L 7.581519 48.57114492 8.089519 48.82514492 0 P 0
L 7.581519 48.71714412 8.089519 48.46314412 0 P 0
L 7.581519 49.22514412 8.089519 49.47914412 0 P 0
L 7.581519 49.37114332 8.089519 49.11714332 0 P 0
L 7.581519 49.87914332 8.089519 50.13314332 0 P 0
L 7.581519 50.02514252 8.089519 49.77114252 0 P 0
L 7.581519 50.53314252 8.089519 50.78714252 0 P 0
L 7.581519 50.67914172 8.089519 50.42514172 0 P 0
L 7.581519 51.18714172 8.089519 51.44114172 0 P 0
L 7.581519 68.6975385 8.089519 68.4435385 0 P 0
L 7.581519 69.2055385 8.089519 69.4595385 0 P 0
L 7.581519 69.3515377 8.089519 69.0975377 0 P 0
L 7.581519 69.8595377 8.089519 70.1135377 0 P 0
L 7.581519 70.0055369 8.089519 69.7515369 0 P 0
L 7.581519 70.5135369 8.089519 70.7675369 0 P 0
L 7.581519 70.6595361 8.089519 70.4055361 0 P 0
L 7.581519 71.1675361 8.089519 71.4215361 0 P 0
L 7.581519 71.3135353 8.089519 71.0595353 0 P 0
L 7.581519 71.8215353 8.089519 72.0755353 0 P 0
L 7.581519 71.9675345 8.089519 71.7135345 0 P 0
L 7.581519 72.4755345 8.089519 72.7295345 0 P 0
L 7.6071984 66.01870464 8.1151984 65.76470464 0 P 0
L 7.6071984 66.52670464 8.1151984 66.78070464 0 P 0
L 7.60989334 45.43567748 7.86389334 44.92767748 0 P 0
L 7.60989334 45.43567748 7.86389334 45.94367748 0 P 0
L 7.61469648 66.16717272 7.86869648 66.67517272 0 P 0
L 7.61469648 66.16717272 8.12269648 66.42117272 0 P 0
L 7.61469648 67.18317272 7.86869648 66.67517272 0 P 0
L 7.61469648 67.18317272 8.12269648 66.92917272 0 P 0
L 7.61910846 72.6204542 8.12710846 72.3664542 0 P 0
L 7.61910846 73.1284542 8.12710846 73.3824542 0 P 0
L 7.6707619 46.76126284 8.1787619 46.50726284 0 P 0
L 7.6707619 47.26926284 8.1787619 47.52326284 0 P 0
L 7.69973822 52.77146418 7.95373822 53.27946418 0 P 0
L 7.69973822 52.77146418 8.20773822 53.02546418 0 P 0
L 7.69973822 53.78746418 7.95373822 53.27946418 0 P 0
L 7.69973822 53.78746418 8.20773822 53.53346418 0 P 0
L 7.73345418 53.475763 8.24145418 53.221763 0 P 0
L 7.73345418 53.983763 8.24145418 54.237763 0 P 0
L 7.73949684 74.75311948 7.99349684 74.24511948 0 P 0
L 7.73949684 74.75311948 7.99349684 75.26111948 0 P 0
L 7.74591542 36.22525648 7.99991542 35.71725648 0 P 0
L 7.74591542 36.22525648 7.99991542 36.73325648 0 P 0
L 7.75914882 38.83523094 8.01314882 38.32723094 0 P 0
L 7.75914882 38.83523094 8.01314882 39.34323094 0 P 0
L 7.76172184 73.48210856 8.01572184 73.99010856 0 P 0
L 7.76172184 73.48210856 8.26972184 73.73610856 0 P 0
L 7.76172184 74.49810856 8.01572184 73.99010856 0 P 0
L 7.76172184 74.49810856 8.26972184 74.24410856 0 P 0
L 7.81136106 51.50476618 8.06536106 52.01276618 0 P 0
L 7.81136106 51.50476618 8.31936106 51.75876618 0 P 0
L 7.81136106 52.52076618 8.06536106 52.01276618 0 P 0
L 7.81136106 52.52076618 8.31936106 52.26676618 0 P 0
L 7.835519 47.66314572 8.089519 47.15514572 0 P 0
L 7.835519 47.66314572 8.089519 48.17114572 0 P 0
L 7.835519 48.31714492 8.089519 47.80914492 0 P 0
L 7.835519 48.31714492 8.089519 48.82514492 0 P 0
L 7.835519 48.97114412 8.089519 48.46314412 0 P 0
L 7.835519 48.97114412 8.089519 49.47914412 0 P 0
L 7.835519 49.62514332 8.089519 49.11714332 0 P 0
L 7.835519 49.62514332 8.089519 50.13314332 0 P 0
L 7.835519 50.27914252 8.089519 49.77114252 0 P 0
L 7.835519 50.27914252 8.089519 50.78714252 0 P 0
L 7.835519 50.93314172 8.089519 50.42514172 0 P 0
L 7.835519 50.93314172 8.089519 51.44114172 0 P 0
L 7.835519 68.9515385 8.089519 68.4435385 0 P 0
L 7.835519 68.9515385 8.089519 69.4595385 0 P 0
L 7.835519 69.6055377 8.089519 69.0975377 0 P 0
L 7.835519 69.6055377 8.089519 70.1135377 0 P 0
L 7.835519 70.2595369 8.089519 69.7515369 0 P 0
L 7.835519 70.2595369 8.089519 70.7675369 0 P 0
L 7.835519 70.9135361 8.089519 70.4055361 0 P 0
L 7.835519 70.9135361 8.089519 71.4215361 0 P 0
L 7.835519 71.5675353 8.089519 71.0595353 0 P 0
L 7.835519 71.5675353 8.089519 72.0755353 0 P 0
L 7.835519 72.2215345 8.089519 71.7135345 0 P 0
L 7.835519 72.2215345 8.089519 72.7295345 0 P 0
L 7.85498048 73.23043774 8.36298048 72.97643774 0 P 0
L 7.85498048 73.73843774 8.36298048 73.99243774 0 P 0
L 7.85809452 44.76274004 8.36609452 44.50874004 0 P 0
L 7.85809452 45.27074004 8.36609452 45.52474004 0 P 0
L 7.8611984 66.27270464 8.1151984 65.76470464 0 P 0
L 7.8611984 66.27270464 8.1151984 66.78070464 0 P 0
L 7.8617318 67.41376662 8.1157318 67.92176662 0 P 0
L 7.8617318 67.41376662 8.3697318 67.66776662 0 P 0
L 7.8617318 68.42976662 8.1157318 67.92176662 0 P 0
L 7.8617318 68.42976662 8.3697318 68.17576662 0 P 0
L 7.87310846 72.8744542 8.12710846 72.3664542 0 P 0
L 7.87310846 72.8744542 8.12710846 73.3824542 0 P 0
L 7.89004518 66.7603821 8.14404518 67.2683821 0 P 0
L 7.89004518 66.7603821 8.39804518 67.0143821 0 P 0
L 7.89004518 67.7763821 8.14404518 67.2683821 0 P 0
L 7.89004518 67.7763821 8.39804518 67.5223821 0 P 0
L 7.90269692 45.45165408 8.15669692 45.95965408 0 P 0
L 7.90269692 45.45165408 8.41069692 45.70565408 0 P 0
L 7.90269692 46.46765408 8.15669692 45.95965408 0 P 0
L 7.90269692 46.46765408 8.41069692 46.21365408 0 P 0
L 7.90815284 52.15156194 8.16215284 52.65956194 0 P 0
L 7.90815284 52.15156194 8.41615284 52.40556194 0 P 0
L 7.90815284 53.16756194 8.16215284 52.65956194 0 P 0
L 7.90815284 53.16756194 8.41615284 52.91356194 0 P 0
L 7.9247619 47.01526284 8.1787619 46.50726284 0 P 0
L 7.9247619 47.01526284 8.1787619 47.52326284 0 P 0
L 7.92945074 44.20532688 8.18345074 44.71332688 0 P 0
L 7.92945074 44.20532688 8.43745074 44.45932688 0 P 0
L 7.92945074 45.22132688 8.18345074 44.71332688 0 P 0
L 7.92945074 45.22132688 8.43745074 44.96732688 0 P 0
L 7.93833058 51.227228 8.44633058 50.973228 0 P 0
L 7.93833058 51.735228 8.44633058 51.989228 0 P 0
L 7.95005268 46.16990004 8.45805268 45.91590004 0 P 0
L 7.95005268 46.67790004 8.45805268 46.93190004 0 P 0
L 7.98745418 53.729763 8.24145418 53.221763 0 P 0
L 7.98745418 53.729763 8.24145418 54.237763 0 P 0
L 8.01100252 74.88842274 8.51900252 74.63442274 0 P 0
L 8.01100252 75.39642274 8.51900252 75.65042274 0 P 0
L 8.04293286 36.48132658 8.29693286 36.98932658 0 P 0
L 8.04293286 36.48132658 8.55093286 36.73532658 0 P 0
L 8.04293286 37.49732658 8.29693286 36.98932658 0 P 0
L 8.04293286 37.49732658 8.55093286 37.24332658 0 P 0
L 8.0432021 36.32310744 8.5512021 36.06910744 0 P 0
L 8.0432021 36.83110744 8.5512021 37.08510744 0 P 0
L 8.04341038 68.23453714 8.55141038 67.98053714 0 P 0
L 8.04341038 68.74253714 8.55141038 68.99653714 0 P 0
L 8.05391582 38.22546584 8.56191582 37.97146584 0 P 0
L 8.05391582 38.73346584 8.56191582 38.98746584 0 P 0
L 8.05838622 37.56515474 8.31238622 38.07315474 0 P 0
L 8.05838622 37.56515474 8.56638622 37.81915474 0 P 0
L 8.05838622 38.58115474 8.31238622 38.07315474 0 P 0
L 8.05838622 38.58115474 8.56638622 38.32715474 0 P 0
L 8.095361 74.91160024 8.349361 75.41960024 0 P 0
L 8.095361 74.91160024 8.603361 75.16560024 0 P 0
L 8.095361 75.92760024 8.349361 75.41960024 0 P 0
L 8.095361 75.92760024 8.603361 75.67360024 0 P 0
L 8.10898048 73.48443774 8.36298048 72.97643774 0 P 0
L 8.10898048 73.48443774 8.36298048 73.99243774 0 P 0
L 8.11209452 45.01674004 8.36609452 44.50874004 0 P 0
L 8.11209452 45.01674004 8.36609452 45.52474004 0 P 0
L 8.12269648 66.42117272 8.63069648 66.16717272 0 P 0
L 8.12269648 66.92917272 8.63069648 67.18317272 0 P 0
L 8.19233058 51.481228 8.44633058 50.973228 0 P 0
L 8.19233058 51.481228 8.44633058 51.989228 0 P 0
L 8.20405268 46.42390004 8.45805268 45.91590004 0 P 0
L 8.20405268 46.42390004 8.45805268 46.93190004 0 P 0
L 8.20773822 53.02546418 8.71573822 52.77146418 0 P 0
L 8.20773822 53.53346418 8.71573822 53.78746418 0 P 0
L 8.26500252 75.14242274 8.51900252 74.63442274 0 P 0
L 8.26500252 75.14242274 8.51900252 75.65042274 0 P 0
L 8.26972184 73.73610856 8.77772184 73.48210856 0 P 0
L 8.26972184 74.24410856 8.77772184 74.49810856 0 P 0
L 8.2972021 36.57710744 8.5512021 36.06910744 0 P 0
L 8.2972021 36.57710744 8.5512021 37.08510744 0 P 0
L 8.29741038 68.48853714 8.55141038 67.98053714 0 P 0
L 8.29741038 68.48853714 8.55141038 68.99653714 0 P 0
L 8.30791582 38.47946584 8.56191582 37.97146584 0 P 0
L 8.30791582 38.47946584 8.56191582 38.98746584 0 P 0
L 8.31375528 73.83278604 8.56775528 74.34078604 0 P 0
L 8.31375528 73.83278604 8.82175528 74.08678604 0 P 0
L 8.31375528 74.84878604 8.56775528 74.34078604 0 P 0
L 8.31375528 74.84878604 8.82175528 74.59478604 0 P 0
L 8.31936106 51.75876618 8.82736106 51.50476618 0 P 0
L 8.31936106 52.26676618 8.82736106 52.52076618 0 P 0
L 8.3697318 67.66776662 8.8777318 67.41376662 0 P 0
L 8.3697318 68.17576662 8.8777318 68.42976662 0 P 0
L 8.37669648 66.67517272 8.63069648 66.16717272 0 P 0
L 8.37669648 66.67517272 8.63069648 67.18317272 0 P 0
L 8.39804518 67.0143821 8.90604518 66.7603821 0 P 0
L 8.39804518 67.5223821 8.90604518 67.7763821 0 P 0
L 8.41069692 45.70565408 8.91869692 45.45165408 0 P 0
L 8.41069692 46.21365408 8.91869692 46.46765408 0 P 0
L 8.41615284 52.40556194 8.92415284 52.15156194 0 P 0
L 8.41615284 52.91356194 8.92415284 53.16756194 0 P 0
L 8.43745074 44.45932688 8.94545074 44.20532688 0 P 0
L 8.43745074 44.96732688 8.94545074 45.22132688 0 P 0
L 8.46173822 53.27946418 8.71573822 52.77146418 0 P 0
L 8.46173822 53.27946418 8.71573822 53.78746418 0 P 0
L 8.489696 45.16330312 8.743696 45.67130312 0 P 0
L 8.489696 45.16330312 8.997696 45.41730312 0 P 0
L 8.489696 46.17930312 8.743696 45.67130312 0 P 0
L 8.489696 46.17930312 8.997696 45.92530312 0 P 0
L 8.52372184 73.99010856 8.77772184 73.48210856 0 P 0
L 8.52372184 73.99010856 8.77772184 74.49810856 0 P 0
L 8.55093286 36.73532658 9.05893286 36.48132658 0 P 0
L 8.55093286 37.24332658 9.05893286 37.49732658 0 P 0
L 8.55720412 44.02191602 8.81120412 44.52991602 0 P 0
L 8.55720412 44.02191602 9.06520412 44.27591602 0 P 0
L 8.55720412 45.03791602 8.81120412 44.52991602 0 P 0
L 8.55720412 45.03791602 9.06520412 44.78391602 0 P 0
L 8.56638622 37.81915474 9.07438622 37.56515474 0 P 0
L 8.56638622 38.32715474 9.07438622 38.58115474 0 P 0
L 8.57336106 52.01276618 8.82736106 51.50476618 0 P 0
L 8.57336106 52.01276618 8.82736106 52.52076618 0 P 0
L 8.603361 75.16560024 9.111361 74.91160024 0 P 0
L 8.603361 75.67360024 9.111361 75.92760024 0 P 0
L 8.6237318 67.92176662 8.8777318 67.41376662 0 P 0
L 8.6237318 67.92176662 8.8777318 68.42976662 0 P 0
L 8.65204518 67.2683821 8.90604518 66.7603821 0 P 0
L 8.65204518 67.2683821 8.90604518 67.7763821 0 P 0
L 8.66469692 45.95965408 8.91869692 45.45165408 0 P 0
L 8.66469692 45.95965408 8.91869692 46.46765408 0 P 0
L 8.67015284 52.65956194 8.92415284 52.15156194 0 P 0
L 8.67015284 52.65956194 8.92415284 53.16756194 0 P 0
L 8.69145074 44.71332688 8.94545074 44.20532688 0 P 0
L 8.69145074 44.71332688 8.94545074 45.22132688 0 P 0
L 8.69693206 36.48132658 8.95093206 36.98932658 0 P 0
L 8.69693206 36.48132658 9.20493206 36.73532658 0 P 0
L 8.69693206 37.49732658 8.95093206 36.98932658 0 P 0
L 8.69693206 37.49732658 9.20493206 37.24332658 0 P 0
L 8.71238542 37.56515474 8.96638542 38.07315474 0 P 0
L 8.71238542 37.56515474 9.22038542 37.81915474 0 P 0
L 8.71238542 38.58115474 8.96638542 38.07315474 0 P 0
L 8.71238542 38.58115474 9.22038542 38.32715474 0 P 0
L 8.7352759 75.04660632 8.9892759 75.55460632 0 P 0
L 8.7352759 75.04660632 9.2432759 75.30060632 0 P 0
L 8.7352759 76.06260632 8.9892759 75.55460632 0 P 0
L 8.7352759 76.06260632 9.2432759 75.80860632 0 P 0
L 8.80493286 36.98932658 9.05893286 36.48132658 0 P 0
L 8.80493286 36.98932658 9.05893286 37.49732658 0 P 0
L 8.82038622 38.07315474 9.07438622 37.56515474 0 P 0
L 8.82038622 38.07315474 9.07438622 38.58115474 0 P 0
L 8.82175528 74.08678604 9.32975528 73.83278604 0 P 0
L 8.82175528 74.59478604 9.32975528 74.84878604 0 P 0
L 8.857361 75.41960024 9.111361 74.91160024 0 P 0
L 8.857361 75.41960024 9.111361 75.92760024 0 P 0
L 8.95295136 73.97113476 9.20695136 74.47913476 0 P 0
L 8.95295136 73.97113476 9.46095136 74.22513476 0 P 0
L 8.95295136 74.98713476 9.20695136 74.47913476 0 P 0
L 8.95295136 74.98713476 9.46095136 74.73313476 0 P 0
L 8.997696 45.41730312 9.505696 45.16330312 0 P 0
L 8.997696 45.92530312 9.505696 46.17930312 0 P 0
L 9.06520412 44.27591602 9.57320412 44.02191602 0 P 0
L 9.06520412 44.78391602 9.57320412 45.03791602 0 P 0
L 9.07575528 74.34078604 9.32975528 73.83278604 0 P 0
L 9.07575528 74.34078604 9.32975528 74.84878604 0 P 0
L 9.13651208 45.06664596 9.39051208 45.57464596 0 P 0
L 9.13651208 45.06664596 9.64451208 45.32064596 0 P 0
L 9.13651208 46.08264596 9.39051208 45.57464596 0 P 0
L 9.13651208 46.08264596 9.64451208 45.82864596 0 P 0
L 9.20493206 36.73532658 9.71293206 36.48132658 0 P 0
L 9.20493206 37.24332658 9.71293206 37.49732658 0 P 0
L 9.21003492 43.9828178 9.46403492 44.4908178 0 P 0
L 9.21003492 43.9828178 9.71803492 44.2368178 0 P 0
L 9.21003492 44.9988178 9.46403492 44.4908178 0 P 0
L 9.21003492 44.9988178 9.71803492 44.7448178 0 P 0
L 9.22038542 37.81915474 9.72838542 37.56515474 0 P 0
L 9.22038542 38.32715474 9.72838542 38.58115474 0 P 0
L 9.2432759 75.30060632 9.7512759 75.04660632 0 P 0
L 9.2432759 75.80860632 9.7512759 76.06260632 0 P 0
L 9.251696 45.67130312 9.505696 45.16330312 0 P 0
L 9.251696 45.67130312 9.505696 46.17930312 0 P 0
L 9.31920412 44.52991602 9.57320412 44.02191602 0 P 0
L 9.31920412 44.52991602 9.57320412 45.03791602 0 P 0
L 9.35093126 36.48132658 9.60493126 36.98932658 0 P 0
L 9.35093126 36.48132658 9.85893126 36.73532658 0 P 0
L 9.35093126 37.49732658 9.60493126 36.98932658 0 P 0
L 9.35093126 37.49732658 9.85893126 37.24332658 0 P 0
L 9.36638462 37.56515474 9.62038462 38.07315474 0 P 0
L 9.36638462 37.56515474 9.87438462 37.81915474 0 P 0
L 9.36638462 38.58115474 9.62038462 38.07315474 0 P 0
L 9.36638462 38.58115474 9.87438462 38.32715474 0 P 0
L 9.38896776 75.06664184 9.64296776 75.57464184 0 P 0
L 9.38896776 75.06664184 9.89696776 75.32064184 0 P 0
L 9.38896776 76.08264184 9.64296776 75.57464184 0 P 0
L 9.38896776 76.08264184 9.89696776 75.82864184 0 P 0
L 9.45893206 36.98932658 9.71293206 36.48132658 0 P 0
L 9.45893206 36.98932658 9.71293206 37.49732658 0 P 0
L 9.46095136 74.22513476 9.96895136 73.97113476 0 P 0
L 9.46095136 74.73313476 9.96895136 74.98713476 0 P 0
L 9.47438542 38.07315474 9.72838542 37.56515474 0 P 0
L 9.47438542 38.07315474 9.72838542 38.58115474 0 P 0
L 9.4972759 75.55460632 9.7512759 75.04660632 0 P 0
L 9.4972759 75.55460632 9.7512759 76.06260632 0 P 0
L 9.60684642 73.98281622 9.86084642 74.49081622 0 P 0
L 9.60684642 73.98281622 10.11484642 74.23681622 0 P 0
L 9.60684642 74.99881622 9.86084642 74.49081622 0 P 0
L 9.60684642 74.99881622 10.11484642 74.74481622 0 P 0
L 9.64451208 45.32064596 10.15251208 45.06664596 0 P 0
L 9.64451208 45.82864596 10.15251208 46.08264596 0 P 0
L 9.71495136 74.47913476 9.96895136 73.97113476 0 P 0
L 9.71495136 74.47913476 9.96895136 74.98713476 0 P 0
L 9.71803492 44.2368178 10.22603492 43.9828178 0 P 0
L 9.71803492 44.7448178 10.22603492 44.9988178 0 P 0
L 9.79051128 45.06664596 10.04451128 45.57464596 0 P 0
L 9.79051128 45.06664596 10.29851128 45.32064596 0 P 0
L 9.79051128 46.08264596 10.04451128 45.57464596 0 P 0
L 9.79051128 46.08264596 10.29851128 45.82864596 0 P 0
L 9.85893126 36.73532658 10.36693126 36.48132658 0 P 0
L 9.85893126 37.24332658 10.36693126 37.49732658 0 P 0
L 9.86403412 43.9828178 10.11803412 44.4908178 0 P 0
L 9.86403412 43.9828178 10.37203412 44.2368178 0 P 0
L 9.86403412 44.9988178 10.11803412 44.4908178 0 P 0
L 9.86403412 44.9988178 10.37203412 44.7448178 0 P 0
L 9.87438462 37.81915474 10.38238462 37.56515474 0 P 0
L 9.87438462 38.32715474 10.38238462 38.58115474 0 P 0
L 9.89696776 75.32064184 10.40496776 75.06664184 0 P 0
L 9.89696776 75.82864184 10.40496776 76.08264184 0 P 0
L 9.89851208 45.57464596 10.15251208 45.06664596 0 P 0
L 9.89851208 45.57464596 10.15251208 46.08264596 0 P 0
L 9.97203492 44.4908178 10.22603492 43.9828178 0 P 0
L 9.97203492 44.4908178 10.22603492 44.9988178 0 P 0
L 10.00493046 36.48132658 10.25893046 36.98932658 0 P 0
L 10.00493046 36.48132658 10.51293046 36.73532658 0 P 0
L 10.00493046 37.49732658 10.25893046 36.98932658 0 P 0
L 10.00493046 37.49732658 10.51293046 37.24332658 0 P 0
L 10.02038382 37.56515474 10.27438382 38.07315474 0 P 0
L 10.02038382 37.56515474 10.52838382 37.81915474 0 P 0
L 10.02038382 38.58115474 10.27438382 38.07315474 0 P 0
L 10.02038382 38.58115474 10.52838382 38.32715474 0 P 0
L 10.04296696 75.06664438 10.29696696 75.57464438 0 P 0
L 10.04296696 75.06664438 10.55096696 75.32064438 0 P 0
L 10.04296696 76.08264438 10.29696696 75.57464438 0 P 0
L 10.04296696 76.08264438 10.55096696 75.82864438 0 P 0
L 10.11293126 36.98932658 10.36693126 36.48132658 0 P 0
L 10.11293126 36.98932658 10.36693126 37.49732658 0 P 0
L 10.11484642 74.23681622 10.62284642 73.98281622 0 P 0
L 10.11484642 74.74481622 10.62284642 74.99881622 0 P 0
L 10.12838462 38.07315474 10.38238462 37.56515474 0 P 0
L 10.12838462 38.07315474 10.38238462 38.58115474 0 P 0
L 10.15096776 75.57464184 10.40496776 75.06664184 0 P 0
L 10.15096776 75.57464184 10.40496776 76.08264184 0 P 0
L 10.26084562 73.98281622 10.51484562 74.49081622 0 P 0
L 10.26084562 73.98281622 10.76884562 74.23681622 0 P 0
L 10.26084562 74.99881622 10.51484562 74.49081622 0 P 0
L 10.26084562 74.99881622 10.76884562 74.74481622 0 P 0
L 10.29851128 45.32064596 10.80651128 45.06664596 0 P 0
L 10.29851128 45.82864596 10.80651128 46.08264596 0 P 0
L 10.36884642 74.49081622 10.62284642 73.98281622 0 P 0
L 10.36884642 74.49081622 10.62284642 74.99881622 0 P 0
L 10.37203412 44.2368178 10.88003412 43.9828178 0 P 0
L 10.37203412 44.7448178 10.88003412 44.9988178 0 P 0
L 10.44451048 45.06664596 10.69851048 45.57464596 0 P 0
L 10.44451048 45.06664596 10.95251048 45.32064596 0 P 0
L 10.44451048 46.08264596 10.69851048 45.57464596 0 P 0
L 10.44451048 46.08264596 10.95251048 45.82864596 0 P 0
L 10.51293046 36.73532658 11.02093046 36.48132658 0 P 0
L 10.51293046 37.24332658 11.02093046 37.49732658 0 P 0
L 10.51803332 43.9828178 10.77203332 44.4908178 0 P 0
L 10.51803332 43.9828178 11.02603332 44.2368178 0 P 0
L 10.51803332 44.9988178 10.77203332 44.4908178 0 P 0
L 10.51803332 44.9988178 11.02603332 44.7448178 0 P 0
L 10.52838382 37.81915474 11.03638382 37.56515474 0 P 0
L 10.52838382 38.32715474 11.03638382 38.58115474 0 P 0
L 10.55096696 75.32064438 11.05896696 75.06664438 0 P 0
L 10.55096696 75.82864438 11.05896696 76.08264438 0 P 0
L 10.55251128 45.57464596 10.80651128 45.06664596 0 P 0
L 10.55251128 45.57464596 10.80651128 46.08264596 0 P 0
L 10.62603412 44.4908178 10.88003412 43.9828178 0 P 0
L 10.62603412 44.4908178 10.88003412 44.9988178 0 P 0
L 10.65892966 36.48132658 10.91292966 36.98932658 0 P 0
L 10.65892966 36.48132658 11.16692966 36.73532658 0 P 0
L 10.65892966 37.49732658 10.91292966 36.98932658 0 P 0
L 10.65892966 37.49732658 11.16692966 37.24332658 0 P 0
L 10.67438302 37.56515474 10.92838302 38.07315474 0 P 0
L 10.67438302 37.56515474 11.18238302 37.81915474 0 P 0
L 10.67438302 38.58115474 10.92838302 38.07315474 0 P 0
L 10.67438302 38.58115474 11.18238302 38.32715474 0 P 0
L 10.69696616 75.06664438 10.95096616 75.57464438 0 P 0
L 10.69696616 75.06664438 11.20496616 75.32064438 0 P 0
L 10.69696616 76.08264438 10.95096616 75.57464438 0 P 0
L 10.69696616 76.08264438 11.20496616 75.82864438 0 P 0
L 10.76693046 36.98932658 11.02093046 36.48132658 0 P 0
L 10.76693046 36.98932658 11.02093046 37.49732658 0 P 0
L 10.76884562 74.23681622 11.27684562 73.98281622 0 P 0
L 10.76884562 74.74481622 11.27684562 74.99881622 0 P 0
L 10.78238382 38.07315474 11.03638382 37.56515474 0 P 0
L 10.78238382 38.07315474 11.03638382 38.58115474 0 P 0
L 10.80496696 75.57464438 11.05896696 75.06664438 0 P 0
L 10.80496696 75.57464438 11.05896696 76.08264438 0 P 0
L 10.91484482 73.98281622 11.16884482 74.49081622 0 P 0
L 10.91484482 73.98281622 11.42284482 74.23681622 0 P 0
L 10.91484482 74.99881622 11.16884482 74.49081622 0 P 0
L 10.91484482 74.99881622 11.42284482 74.74481622 0 P 0
L 10.95251048 45.32064596 11.46051048 45.06664596 0 P 0
L 10.95251048 45.82864596 11.46051048 46.08264596 0 P 0
L 11.02284562 74.49081622 11.27684562 73.98281622 0 P 0
L 11.02284562 74.49081622 11.27684562 74.99881622 0 P 0
L 11.02603332 44.2368178 11.53403332 43.9828178 0 P 0
L 11.02603332 44.7448178 11.53403332 44.9988178 0 P 0
L 11.09850968 45.06664596 11.35250968 45.57464596 0 P 0
L 11.09850968 45.06664596 11.60650968 45.32064596 0 P 0
L 11.09850968 46.08264596 11.35250968 45.57464596 0 P 0
L 11.09850968 46.08264596 11.60650968 45.82864596 0 P 0
L 11.16692966 36.73532658 11.67492966 36.48132658 0 P 0
L 11.16692966 37.24332658 11.67492966 37.49732658 0 P 0
L 11.17203252 43.9828178 11.42603252 44.4908178 0 P 0
L 11.17203252 43.9828178 11.68003252 44.2368178 0 P 0
L 11.17203252 44.9988178 11.42603252 44.4908178 0 P 0
L 11.17203252 44.9988178 11.68003252 44.7448178 0 P 0
L 11.18238302 37.81915474 11.69038302 37.56515474 0 P 0
L 11.18238302 38.32715474 11.69038302 38.58115474 0 P 0
L 11.20496616 75.32064438 11.71296616 75.06664438 0 P 0
L 11.20496616 75.82864438 11.71296616 76.08264438 0 P 0
L 11.20651048 45.57464596 11.46051048 45.06664596 0 P 0
L 11.20651048 45.57464596 11.46051048 46.08264596 0 P 0
L 11.28003332 44.4908178 11.53403332 43.9828178 0 P 0
L 11.28003332 44.4908178 11.53403332 44.9988178 0 P 0
L 11.31292886 36.48132658 11.56692886 36.98932658 0 P 0
L 11.31292886 36.48132658 11.82092886 36.73532658 0 P 0
L 11.31292886 37.49732658 11.56692886 36.98932658 0 P 0
L 11.31292886 37.49732658 11.82092886 37.24332658 0 P 0
L 11.32838222 37.56515474 11.58238222 38.07315474 0 P 0
L 11.32838222 37.56515474 11.83638222 37.81915474 0 P 0
L 11.32838222 38.58115474 11.58238222 38.07315474 0 P 0
L 11.32838222 38.58115474 11.83638222 38.32715474 0 P 0
L 11.35096536 75.06664438 11.60496536 75.57464438 0 P 0
L 11.35096536 75.06664438 11.85896536 75.32064438 0 P 0
L 11.35096536 76.08264438 11.60496536 75.57464438 0 P 0
L 11.35096536 76.08264438 11.85896536 75.82864438 0 P 0
L 11.42092966 36.98932658 11.67492966 36.48132658 0 P 0
L 11.42092966 36.98932658 11.67492966 37.49732658 0 P 0
L 11.42284482 74.23681622 11.93084482 73.98281622 0 P 0
L 11.42284482 74.74481622 11.93084482 74.99881622 0 P 0
L 11.43638302 38.07315474 11.69038302 37.56515474 0 P 0
L 11.43638302 38.07315474 11.69038302 38.58115474 0 P 0
L 11.45896616 75.57464438 11.71296616 75.06664438 0 P 0
L 11.45896616 75.57464438 11.71296616 76.08264438 0 P 0
L 11.56884402 73.98281622 11.82284402 74.49081622 0 P 0
L 11.56884402 73.98281622 12.07684402 74.23681622 0 P 0
L 11.56884402 74.99881622 11.82284402 74.49081622 0 P 0
L 11.56884402 74.99881622 12.07684402 74.74481622 0 P 0
L 11.60650968 45.32064596 12.11450968 45.06664596 0 P 0
L 11.60650968 45.82864596 12.11450968 46.08264596 0 P 0
L 11.67684482 74.49081622 11.93084482 73.98281622 0 P 0
L 11.67684482 74.49081622 11.93084482 74.99881622 0 P 0
L 11.68003252 44.2368178 12.18803252 43.9828178 0 P 0
L 11.68003252 44.7448178 12.18803252 44.9988178 0 P 0
L 11.75250888 45.06664596 12.00650888 45.57464596 0 P 0
L 11.75250888 45.06664596 12.26050888 45.32064596 0 P 0
L 11.75250888 46.08264596 12.00650888 45.57464596 0 P 0
L 11.75250888 46.08264596 12.26050888 45.82864596 0 P 0
L 11.82092886 36.73532658 12.32892886 36.48132658 0 P 0
L 11.82092886 37.24332658 12.32892886 37.49732658 0 P 0
L 11.82603172 43.9828178 12.08003172 44.4908178 0 P 0
L 11.82603172 43.9828178 12.33403172 44.2368178 0 P 0
L 11.82603172 44.9988178 12.08003172 44.4908178 0 P 0
L 11.82603172 44.9988178 12.33403172 44.7448178 0 P 0
L 11.83638222 37.81915474 12.34438222 37.56515474 0 P 0
L 11.83638222 38.32715474 12.34438222 38.58115474 0 P 0
L 11.85896536 75.32064438 12.36696536 75.06664438 0 P 0
L 11.85896536 75.82864438 12.36696536 76.08264438 0 P 0
L 11.86050968 45.57464596 12.11450968 45.06664596 0 P 0
L 11.86050968 45.57464596 12.11450968 46.08264596 0 P 0
L 11.93403252 44.4908178 12.18803252 43.9828178 0 P 0
L 11.93403252 44.4908178 12.18803252 44.9988178 0 P 0
L 11.96692806 36.48132658 12.22092806 36.98932658 0 P 0
L 11.96692806 36.48132658 12.47492806 36.73532658 0 P 0
L 11.96692806 37.49732658 12.22092806 36.98932658 0 P 0
L 11.96692806 37.49732658 12.47492806 37.24332658 0 P 0
L 11.98238142 37.56515474 12.23638142 38.07315474 0 P 0
L 11.98238142 37.56515474 12.49038142 37.81915474 0 P 0
L 11.98238142 38.58115474 12.23638142 38.07315474 0 P 0
L 11.98238142 38.58115474 12.49038142 38.32715474 0 P 0
L 12.00496456 75.06664438 12.25896456 75.57464438 0 P 0
L 12.00496456 75.06664438 12.51296456 75.32064438 0 P 0
L 12.00496456 76.08264438 12.25896456 75.57464438 0 P 0
L 12.00496456 76.08264438 12.51296456 75.82864438 0 P 0
L 12.07492886 36.98932658 12.32892886 36.48132658 0 P 0
L 12.07492886 36.98932658 12.32892886 37.49732658 0 P 0
L 12.07684402 74.23681622 12.58484402 73.98281622 0 P 0
L 12.07684402 74.74481622 12.58484402 74.99881622 0 P 0
L 12.09038222 38.07315474 12.34438222 37.56515474 0 P 0
L 12.09038222 38.07315474 12.34438222 38.58115474 0 P 0
L 12.11296536 75.57464438 12.36696536 75.06664438 0 P 0
L 12.11296536 75.57464438 12.36696536 76.08264438 0 P 0
L 12.22284322 73.98281622 12.47684322 74.49081622 0 P 0
L 12.22284322 73.98281622 12.73084322 74.23681622 0 P 0
L 12.22284322 74.99881622 12.47684322 74.49081622 0 P 0
L 12.22284322 74.99881622 12.73084322 74.74481622 0 P 0
L 12.26050888 45.32064596 12.76850888 45.06664596 0 P 0
L 12.26050888 45.82864596 12.76850888 46.08264596 0 P 0
L 12.33084402 74.49081622 12.58484402 73.98281622 0 P 0
L 12.33084402 74.49081622 12.58484402 74.99881622 0 P 0
L 12.33403172 44.2368178 12.84203172 43.9828178 0 P 0
L 12.33403172 44.7448178 12.84203172 44.9988178 0 P 0
L 12.40650808 45.06664596 12.66050808 45.57464596 0 P 0
L 12.40650808 45.06664596 12.91450808 45.32064596 0 P 0
L 12.40650808 46.08264596 12.66050808 45.57464596 0 P 0
L 12.40650808 46.08264596 12.91450808 45.82864596 0 P 0
L 12.47492806 36.73532658 12.98292806 36.48132658 0 P 0
L 12.47492806 37.24332658 12.98292806 37.49732658 0 P 0
L 12.48003092 43.9828178 12.73403092 44.4908178 0 P 0
L 12.48003092 43.9828178 12.98803092 44.2368178 0 P 0
L 12.48003092 44.9988178 12.73403092 44.4908178 0 P 0
L 12.48003092 44.9988178 12.98803092 44.7448178 0 P 0
L 12.49038142 37.81915474 12.99838142 37.56515474 0 P 0
L 12.49038142 38.32715474 12.99838142 38.58115474 0 P 0
L 12.51296456 75.32064438 13.02096456 75.06664438 0 P 0
L 12.51296456 75.82864438 13.02096456 76.08264438 0 P 0
L 12.51450888 45.57464596 12.76850888 45.06664596 0 P 0
L 12.51450888 45.57464596 12.76850888 46.08264596 0 P 0
L 12.58803172 44.4908178 12.84203172 43.9828178 0 P 0
L 12.58803172 44.4908178 12.84203172 44.9988178 0 P 0
L 12.62092726 36.48132658 12.87492726 36.98932658 0 P 0
L 12.62092726 36.48132658 13.12892726 36.73532658 0 P 0
L 12.62092726 37.49732658 12.87492726 36.98932658 0 P 0
L 12.62092726 37.49732658 13.12892726 37.24332658 0 P 0
L 12.63638062 37.56515474 12.89038062 38.07315474 0 P 0
L 12.63638062 37.56515474 13.14438062 37.81915474 0 P 0
L 12.63638062 38.58115474 12.89038062 38.07315474 0 P 0
L 12.63638062 38.58115474 13.14438062 38.32715474 0 P 0
L 12.65896376 75.06664438 12.91296376 75.57464438 0 P 0
L 12.65896376 75.06664438 13.16696376 75.32064438 0 P 0
L 12.65896376 76.08264438 12.91296376 75.57464438 0 P 0
L 12.65896376 76.08264438 13.16696376 75.82864438 0 P 0
L 12.72892806 36.98932658 12.98292806 36.48132658 0 P 0
L 12.72892806 36.98932658 12.98292806 37.49732658 0 P 0
L 12.73084322 74.23681622 13.23884322 73.98281622 0 P 0
L 12.73084322 74.74481622 13.23884322 74.99881622 0 P 0
L 12.74438142 38.07315474 12.99838142 37.56515474 0 P 0
L 12.74438142 38.07315474 12.99838142 38.58115474 0 P 0
L 12.76696456 75.57464438 13.02096456 75.06664438 0 P 0
L 12.76696456 75.57464438 13.02096456 76.08264438 0 P 0
L 12.87684242 73.98281622 13.13084242 74.49081622 0 P 0
L 12.87684242 73.98281622 13.38484242 74.23681622 0 P 0
L 12.87684242 74.99881622 13.13084242 74.49081622 0 P 0
L 12.87684242 74.99881622 13.38484242 74.74481622 0 P 0
L 12.91450808 45.32064596 13.42250808 45.06664596 0 P 0
L 12.91450808 45.82864596 13.42250808 46.08264596 0 P 0
L 12.98484322 74.49081622 13.23884322 73.98281622 0 P 0
L 12.98484322 74.49081622 13.23884322 74.99881622 0 P 0
L 12.98803092 44.2368178 13.49603092 43.9828178 0 P 0
L 12.98803092 44.7448178 13.49603092 44.9988178 0 P 0
L 13.06050728 45.06664596 13.31450728 45.57464596 0 P 0
L 13.06050728 45.06664596 13.56850728 45.32064596 0 P 0
L 13.06050728 46.08264596 13.31450728 45.57464596 0 P 0
L 13.06050728 46.08264596 13.56850728 45.82864596 0 P 0
L 13.12892726 36.73532658 13.63692726 36.48132658 0 P 0
L 13.12892726 37.24332658 13.63692726 37.49732658 0 P 0
L 13.13403012 43.9828178 13.38803012 44.4908178 0 P 0
L 13.13403012 43.9828178 13.64203012 44.2368178 0 P 0
L 13.13403012 44.9988178 13.38803012 44.4908178 0 P 0
L 13.13403012 44.9988178 13.64203012 44.7448178 0 P 0
L 13.14438062 37.81915474 13.65238062 37.56515474 0 P 0
L 13.14438062 38.32715474 13.65238062 38.58115474 0 P 0
L 13.16696376 75.32064438 13.67496376 75.06664438 0 P 0
L 13.16696376 75.82864438 13.67496376 76.08264438 0 P 0
L 13.16850808 45.57464596 13.42250808 45.06664596 0 P 0
L 13.16850808 45.57464596 13.42250808 46.08264596 0 P 0
L 13.24203092 44.4908178 13.49603092 43.9828178 0 P 0
L 13.24203092 44.4908178 13.49603092 44.9988178 0 P 0
L 13.27467754 36.49934534 13.52867754 37.00734534 0 P 0
L 13.27467754 36.49934534 13.78267754 36.75334534 0 P 0
L 13.27467754 37.51534534 13.52867754 37.00734534 0 P 0
L 13.27467754 37.51534534 13.78267754 37.26134534 0 P 0
L 13.28782458 37.62289402 13.54182458 38.13089402 0 P 0
L 13.28782458 37.62289402 13.79582458 37.87689402 0 P 0
L 13.28782458 38.63889402 13.54182458 38.13089402 0 P 0
L 13.28782458 38.63889402 13.79582458 38.38489402 0 P 0
L 13.31296296 75.06664438 13.56696296 75.57464438 0 P 0
L 13.31296296 75.06664438 13.82096296 75.32064438 0 P 0
L 13.31296296 76.08264438 13.56696296 75.57464438 0 P 0
L 13.31296296 76.08264438 13.82096296 75.82864438 0 P 0
L 13.38292726 36.98932658 13.63692726 36.48132658 0 P 0
L 13.38292726 36.98932658 13.63692726 37.49732658 0 P 0
L 13.38484242 74.23681622 13.89284242 73.98281622 0 P 0
L 13.38484242 74.74481622 13.89284242 74.99881622 0 P 0
L 13.39838062 38.07315474 13.65238062 37.56515474 0 P 0
L 13.39838062 38.07315474 13.65238062 38.58115474 0 P 0
L 13.42096376 75.57464438 13.67496376 75.06664438 0 P 0
L 13.42096376 75.57464438 13.67496376 76.08264438 0 P 0
L 13.53084162 73.98281622 13.78484162 74.49081622 0 P 0
L 13.53084162 73.98281622 14.03884162 74.23681622 0 P 0
L 13.53084162 74.99881622 13.78484162 74.49081622 0 P 0
L 13.53084162 74.99881622 14.03884162 74.74481622 0 P 0
L 13.56850728 45.32064596 14.07650728 45.06664596 0 P 0
L 13.56850728 45.82864596 14.07650728 46.08264596 0 P 0
L 13.63884242 74.49081622 13.89284242 73.98281622 0 P 0
L 13.63884242 74.49081622 13.89284242 74.99881622 0 P 0
L 13.64203012 44.2368178 14.15003012 43.9828178 0 P 0
L 13.64203012 44.7448178 14.15003012 44.9988178 0 P 0
L 13.66465644 38.15741416 13.91865644 38.66541416 0 P 0
L 13.66465644 38.15741416 14.17265644 38.41141416 0 P 0
L 13.66465644 39.17341416 13.91865644 38.66541416 0 P 0
L 13.66465644 39.17341416 14.17265644 38.91941416 0 P 0
L 13.6730994 38.81136002 13.9270994 39.31936002 0 P 0
L 13.6730994 38.81136002 14.1810994 39.06536002 0 P 0
L 13.6730994 39.46535922 13.9270994 39.97335922 0 P 0
L 13.6730994 39.46535922 14.1810994 39.71935922 0 P 0
L 13.6730994 39.82736002 13.9270994 39.31936002 0 P 0
L 13.6730994 39.82736002 14.1810994 39.57336002 0 P 0
L 13.6730994 40.11935842 13.9270994 40.62735842 0 P 0
L 13.6730994 40.11935842 14.1810994 40.37335842 0 P 0
L 13.6730994 40.48135922 13.9270994 39.97335922 0 P 0
L 13.6730994 40.48135922 14.1810994 40.22735922 0 P 0
L 13.6730994 40.77335762 13.9270994 41.28135762 0 P 0
L 13.6730994 40.77335762 14.1810994 41.02735762 0 P 0
L 13.6730994 41.13535842 13.9270994 40.62735842 0 P 0
L 13.6730994 41.13535842 14.1810994 40.88135842 0 P 0
L 13.6730994 41.78935762 13.9270994 41.28135762 0 P 0
L 13.6730994 41.78935762 14.1810994 41.53535762 0 P 0
L 13.71450648 45.06664596 13.96850648 45.57464596 0 P 0
L 13.71450648 45.06664596 14.22250648 45.32064596 0 P 0
L 13.71450648 46.08264596 13.96850648 45.57464596 0 P 0
L 13.71450648 46.08264596 14.22250648 45.82864596 0 P 0
L 13.75625138 41.42204822 14.01025138 41.93004822 0 P 0
L 13.75625138 41.42204822 14.26425138 41.67604822 0 P 0
L 13.75625138 42.43804822 14.01025138 41.93004822 0 P 0
L 13.75625138 42.43804822 14.26425138 42.18404822 0 P 0
L 13.78267754 36.75334534 14.29067754 36.49934534 0 P 0
L 13.78267754 37.26134534 14.29067754 37.51534534 0 P 0
L 13.78802932 43.9828178 14.04202932 44.4908178 0 P 0
L 13.78802932 43.9828178 14.29602932 44.2368178 0 P 0
L 13.78802932 44.9988178 14.04202932 44.4908178 0 P 0
L 13.78802932 44.9988178 14.29602932 44.7448178 0 P 0
L 13.79582458 37.87689402 14.30382458 37.62289402 0 P 0
L 13.79582458 38.38489402 14.30382458 38.63889402 0 P 0
L 13.82096296 75.32064438 14.32896296 75.06664438 0 P 0
L 13.82096296 75.82864438 14.32896296 76.08264438 0 P 0
L 13.82250728 45.57464596 14.07650728 45.06664596 0 P 0
L 13.82250728 45.57464596 14.07650728 46.08264596 0 P 0
L 13.89603012 44.4908178 14.15003012 43.9828178 0 P 0
L 13.89603012 44.4908178 14.15003012 44.9988178 0 P 0
L 13.89610886 36.70315494 14.15010886 37.21115494 0 P 0
L 13.89610886 36.70315494 14.40410886 36.95715494 0 P 0
L 13.89610886 37.71915494 14.15010886 37.21115494 0 P 0
L 13.89610886 37.71915494 14.40410886 37.46515494 0 P 0
L 13.96696216 75.06664438 14.22096216 75.57464438 0 P 0
L 13.96696216 75.06664438 14.47496216 75.32064438 0 P 0
L 13.96696216 76.08264438 14.22096216 75.57464438 0 P 0
L 13.96696216 76.08264438 14.47496216 75.82864438 0 P 0
L 14.03667754 37.00734534 14.29067754 36.49934534 0 P 0
L 14.03667754 37.00734534 14.29067754 37.51534534 0 P 0
L 14.03884162 74.23681622 14.54684162 73.98281622 0 P 0
L 14.03884162 74.74481622 14.54684162 74.99881622 0 P 0
L 14.04982458 38.13089402 14.30382458 37.62289402 0 P 0
L 14.04982458 38.13089402 14.30382458 38.63889402 0 P 0
L 14.07496296 75.57464438 14.32896296 75.06664438 0 P 0
L 14.07496296 75.57464438 14.32896296 76.08264438 0 P 0
L 14.07773156 41.99157972 14.33173156 42.49957972 0 P 0
L 14.07773156 41.99157972 14.58573156 42.24557972 0 P 0
L 14.07773156 43.00757972 14.33173156 42.49957972 0 P 0
L 14.07773156 43.00757972 14.58573156 42.75357972 0 P 0
L 14.17265644 38.41141416 14.68065644 38.15741416 0 P 0
L 14.17265644 38.91941416 14.68065644 39.17341416 0 P 0
L 14.1810994 39.06536002 14.6890994 38.81136002 0 P 0
L 14.1810994 39.57336002 14.6890994 39.82736002 0 P 0
L 14.1810994 39.71935922 14.6890994 39.46535922 0 P 0
L 14.1810994 40.22735922 14.6890994 40.48135922 0 P 0
L 14.1810994 40.37335842 14.6890994 40.11935842 0 P 0
L 14.1810994 40.88135842 14.6890994 41.13535842 0 P 0
L 14.1810994 41.02735762 14.6890994 40.77335762 0 P 0
L 14.1810994 41.53535762 14.6890994 41.78935762 0 P 0
L 14.18484082 73.98281622 14.43884082 74.49081622 0 P 0
L 14.18484082 73.98281622 14.69284082 74.23681622 0 P 0
L 14.18484082 74.99881622 14.43884082 74.49081622 0 P 0
L 14.18484082 74.99881622 14.69284082 74.74481622 0 P 0
L 14.22250648 45.32064596 14.73050648 45.06664596 0 P 0
L 14.22250648 45.82864596 14.73050648 46.08264596 0 P 0
L 14.26425138 41.67604822 14.77225138 41.42204822 0 P 0
L 14.26425138 42.18404822 14.77225138 42.43804822 0 P 0
L 14.29284162 74.49081622 14.54684162 73.98281622 0 P 0
L 14.29284162 74.49081622 14.54684162 74.99881622 0 P 0
L 14.29602932 44.2368178 14.80402932 43.9828178 0 P 0
L 14.29602932 44.7448178 14.80402932 44.9988178 0 P 0
L 14.36850568 45.06664596 14.62250568 45.57464596 0 P 0
L 14.36850568 45.06664596 14.87650568 45.32064596 0 P 0
L 14.36850568 46.08264596 14.62250568 45.57464596 0 P 0
L 14.36850568 46.08264596 14.87650568 45.82864596 0 P 0
L 14.38829736 37.13381194 14.64229736 37.64181194 0 P 0
L 14.38829736 37.13381194 14.89629736 37.38781194 0 P 0
L 14.38829736 38.14981194 14.64229736 37.64181194 0 P 0
L 14.38829736 38.14981194 14.89629736 37.89581194 0 P 0
L 14.40410886 36.95715494 14.91210886 36.70315494 0 P 0
L 14.40410886 37.46515494 14.91210886 37.71915494 0 P 0
L 14.42665644 38.66541416 14.68065644 38.15741416 0 P 0
L 14.42665644 38.66541416 14.68065644 39.17341416 0 P 0
L 14.4350994 39.31936002 14.6890994 38.81136002 0 P 0
L 14.4350994 39.31936002 14.6890994 39.82736002 0 P 0
L 14.4350994 39.97335922 14.6890994 39.46535922 0 P 0
L 14.4350994 39.97335922 14.6890994 40.48135922 0 P 0
L 14.4350994 40.62735842 14.6890994 40.11935842 0 P 0
L 14.4350994 40.62735842 14.6890994 41.13535842 0 P 0
L 14.4350994 41.28135762 14.6890994 40.77335762 0 P 0
L 14.4350994 41.28135762 14.6890994 41.78935762 0 P 0
L 14.44202852 43.9828178 14.69602852 44.4908178 0 P 0
L 14.44202852 43.9828178 14.95002852 44.2368178 0 P 0
L 14.44202852 44.9988178 14.69602852 44.4908178 0 P 0
L 14.44202852 44.9988178 14.95002852 44.7448178 0 P 0
L 14.47496216 75.32064438 14.98296216 75.06664438 0 P 0
L 14.47496216 75.82864438 14.98296216 76.08264438 0 P 0
L 14.47650648 45.57464596 14.73050648 45.06664596 0 P 0
L 14.47650648 45.57464596 14.73050648 46.08264596 0 P 0
L 14.51825138 41.93004822 14.77225138 41.42204822 0 P 0
L 14.51825138 41.93004822 14.77225138 42.43804822 0 P 0
L 14.55002932 44.4908178 14.80402932 43.9828178 0 P 0
L 14.55002932 44.4908178 14.80402932 44.9988178 0 P 0
L 14.5846292 42.40482248 14.8386292 42.91282248 0 P 0
L 14.5846292 42.40482248 15.0926292 42.65882248 0 P 0
L 14.5846292 43.42082248 14.8386292 42.91282248 0 P 0
L 14.5846292 43.42082248 15.0926292 43.16682248 0 P 0
L 14.58573156 42.24557972 15.09373156 41.99157972 0 P 0
L 14.58573156 42.75357972 15.09373156 43.00757972 0 P 0
L 14.62096136 75.06664438 14.87496136 75.57464438 0 P 0
L 14.62096136 75.06664438 15.12896136 75.32064438 0 P 0
L 14.62096136 76.08264438 14.87496136 75.57464438 0 P 0
L 14.62096136 76.08264438 15.12896136 75.82864438 0 P 0
L 14.65810886 37.21115494 14.91210886 36.70315494 0 P 0
L 14.65810886 37.21115494 14.91210886 37.71915494 0 P 0
L 14.69284082 74.23681622 15.20084082 73.98281622 0 P 0
L 14.69284082 74.74481622 15.20084082 74.99881622 0 P 0
L 14.6936841 37.71213184 14.9476841 38.22013184 0 P 0
L 14.6936841 37.71213184 15.2016841 37.96613184 0 P 0
L 14.6936841 38.72813184 14.9476841 38.22013184 0 P 0
L 14.6936841 38.72813184 15.2016841 38.47413184 0 P 0
L 14.72896216 75.57464438 14.98296216 75.06664438 0 P 0
L 14.72896216 75.57464438 14.98296216 76.08264438 0 P 0
L 14.75692756 38.3630678 15.01092756 38.8710678 0 P 0
L 14.75692756 38.3630678 15.26492756 38.6170678 0 P 0
L 14.75692756 39.017067 15.01092756 39.525067 0 P 0
L 14.75692756 39.017067 15.26492756 39.271067 0 P 0
L 14.75692756 39.3790678 15.01092756 38.8710678 0 P 0
L 14.75692756 39.3790678 15.26492756 39.1250678 0 P 0
L 14.75692756 39.6710662 15.01092756 40.1790662 0 P 0
L 14.75692756 39.6710662 15.26492756 39.9250662 0 P 0
L 14.75692756 40.033067 15.01092756 39.525067 0 P 0
L 14.75692756 40.033067 15.26492756 39.779067 0 P 0
L 14.75692756 40.3250654 15.01092756 40.8330654 0 P 0
L 14.75692756 40.3250654 15.26492756 40.5790654 0 P 0
L 14.75692756 40.6870662 15.01092756 40.1790662 0 P 0
L 14.75692756 40.6870662 15.26492756 40.4330662 0 P 0
L 14.75692756 41.3410654 15.01092756 40.8330654 0 P 0
L 14.75692756 41.3410654 15.26492756 41.0870654 0 P 0
L 14.77297782 40.97886648 15.02697782 41.48686648 0 P 0
L 14.77297782 40.97886648 15.28097782 41.23286648 0 P 0
L 14.77297782 41.99486648 15.02697782 41.48686648 0 P 0
L 14.77297782 41.99486648 15.28097782 41.74086648 0 P 0
L 14.83884002 73.98281622 15.09284002 74.49081622 0 P 0
L 14.83884002 73.98281622 15.34684002 74.23681622 0 P 0
L 14.83884002 74.99881622 15.09284002 74.49081622 0 P 0
L 14.83884002 74.99881622 15.34684002 74.74481622 0 P 0
L 14.83973156 42.49957972 15.09373156 41.99157972 0 P 0
L 14.83973156 42.49957972 15.09373156 43.00757972 0 P 0
L 14.87650568 45.32064596 15.38450568 45.06664596 0 P 0
L 14.87650568 45.82864596 15.38450568 46.08264596 0 P 0
L 14.89629736 37.38781194 15.40429736 37.13381194 0 P 0
L 14.89629736 37.89581194 15.40429736 38.14981194 0 P 0
L 14.94684082 74.49081622 15.20084082 73.98281622 0 P 0
L 14.94684082 74.49081622 15.20084082 74.99881622 0 P 0
L 14.95002852 44.2368178 15.45802852 43.9828178 0 P 0
L 14.95002852 44.7448178 15.45802852 44.9988178 0 P 0
L 15.02250488 45.06664596 15.27650488 45.57464596 0 P 0
L 15.02250488 45.06664596 15.53050488 45.32064596 0 P 0
L 15.02250488 46.08264596 15.27650488 45.57464596 0 P 0
L 15.02250488 46.08264596 15.53050488 45.82864596 0 P 0
L 15.0926292 42.65882248 15.6006292 42.40482248 0 P 0
L 15.0926292 43.16682248 15.6006292 43.42082248 0 P 0
L 15.09602772 43.9828178 15.35002772 44.4908178 0 P 0
L 15.09602772 43.9828178 15.60402772 44.2368178 0 P 0
L 15.09602772 44.9988178 15.35002772 44.4908178 0 P 0
L 15.09602772 44.9988178 15.60402772 44.7448178 0 P 0
L 15.12896136 75.32064438 15.63696136 75.06664438 0 P 0
L 15.12896136 75.82864438 15.63696136 76.08264438 0 P 0
L 15.13050568 45.57464596 15.38450568 45.06664596 0 P 0
L 15.13050568 45.57464596 15.38450568 46.08264596 0 P 0
L 15.15029736 37.64181194 15.40429736 37.13381194 0 P 0
L 15.15029736 37.64181194 15.40429736 38.14981194 0 P 0
L 15.1958167 41.47778852 15.4498167 41.98578852 0 P 0
L 15.1958167 41.47778852 15.7038167 41.73178852 0 P 0
L 15.1958167 42.49378852 15.4498167 41.98578852 0 P 0
L 15.1958167 42.49378852 15.7038167 42.23978852 0 P 0
L 15.2016841 37.96613184 15.7096841 37.71213184 0 P 0
L 15.2016841 38.47413184 15.7096841 38.72813184 0 P 0
L 15.20402852 44.4908178 15.45802852 43.9828178 0 P 0
L 15.20402852 44.4908178 15.45802852 44.9988178 0 P 0
L 15.21283216 42.5866941 15.46683216 43.0946941 0 P 0
L 15.21283216 42.5866941 15.72083216 42.8406941 0 P 0
L 15.21283216 43.6026941 15.46683216 43.0946941 0 P 0
L 15.21283216 43.6026941 15.72083216 43.3486941 0 P 0
L 15.26492756 38.6170678 15.77292756 38.3630678 0 P 0
L 15.26492756 39.1250678 15.77292756 39.3790678 0 P 0
L 15.26492756 39.271067 15.77292756 39.017067 0 P 0
L 15.26492756 39.779067 15.77292756 40.033067 0 P 0
L 15.26492756 39.9250662 15.77292756 39.6710662 0 P 0
L 15.26492756 40.4330662 15.77292756 40.6870662 0 P 0
L 15.26492756 40.5790654 15.77292756 40.3250654 0 P 0
L 15.26492756 41.0870654 15.77292756 41.3410654 0 P 0
L 15.27496056 75.06664438 15.52896056 75.57464438 0 P 0
L 15.27496056 75.06664438 15.78296056 75.32064438 0 P 0
L 15.27496056 76.08264438 15.52896056 75.57464438 0 P 0
L 15.27496056 76.08264438 15.78296056 75.82864438 0 P 0
L 15.28097782 41.23286648 15.78897782 40.97886648 0 P 0
L 15.28097782 41.74086648 15.78897782 41.99486648 0 P 0
L 15.3466292 42.91282248 15.6006292 42.40482248 0 P 0
L 15.3466292 42.91282248 15.6006292 43.42082248 0 P 0
L 15.34684002 74.23681622 15.85484002 73.98281622 0 P 0
L 15.34684002 74.74481622 15.85484002 74.99881622 0 P 0
L 15.38296136 75.57464438 15.63696136 75.06664438 0 P 0
L 15.38296136 75.57464438 15.63696136 76.08264438 0 P 0
L 15.4556841 38.22013184 15.7096841 37.71213184 0 P 0
L 15.4556841 38.22013184 15.7096841 38.72813184 0 P 0
L 15.49283922 73.98281622 15.74683922 74.49081622 0 P 0
L 15.49283922 73.98281622 16.00083922 74.23681622 0 P 0
L 15.49283922 74.99881622 15.74683922 74.49081622 0 P 0
L 15.49283922 74.99881622 16.00083922 74.74481622 0 P 0
L 15.51892756 38.8710678 15.77292756 38.3630678 0 P 0
L 15.51892756 38.8710678 15.77292756 39.3790678 0 P 0
L 15.51892756 39.525067 15.77292756 39.017067 0 P 0
L 15.51892756 39.525067 15.77292756 40.033067 0 P 0
L 15.51892756 40.1790662 15.77292756 39.6710662 0 P 0
L 15.51892756 40.1790662 15.77292756 40.6870662 0 P 0
L 15.51892756 40.8330654 15.77292756 40.3250654 0 P 0
L 15.51892756 40.8330654 15.77292756 41.3410654 0 P 0
L 15.53050488 45.32064596 16.03850488 45.06664596 0 P 0
L 15.53050488 45.82864596 16.03850488 46.08264596 0 P 0
L 15.53497782 41.48686648 15.78897782 40.97886648 0 P 0
L 15.53497782 41.48686648 15.78897782 41.99486648 0 P 0
L 15.60084002 74.49081622 15.85484002 73.98281622 0 P 0
L 15.60084002 74.49081622 15.85484002 74.99881622 0 P 0
L 15.60402772 44.2368178 16.11202772 43.9828178 0 P 0
L 15.60402772 44.7448178 16.11202772 44.9988178 0 P 0
L 15.67650408 45.06664596 15.93050408 45.57464596 0 P 0
L 15.67650408 45.06664596 16.18450408 45.32064596 0 P 0
L 15.67650408 46.08264596 15.93050408 45.57464596 0 P 0
L 15.67650408 46.08264596 16.18450408 45.82864596 0 P 0
L 15.7038167 41.73178852 16.2118167 41.47778852 0 P 0
L 15.7038167 42.23978852 16.2118167 42.49378852 0 P 0
L 15.72083216 42.8406941 16.22883216 42.5866941 0 P 0
L 15.72083216 43.3486941 16.22883216 43.6026941 0 P 0
L 15.75002692 43.9828178 16.00402692 44.4908178 0 P 0
L 15.75002692 43.9828178 16.25802692 44.2368178 0 P 0
L 15.75002692 44.9988178 16.00402692 44.4908178 0 P 0
L 15.75002692 44.9988178 16.25802692 44.7448178 0 P 0
L 15.78296056 75.32064438 16.29096056 75.06664438 0 P 0
L 15.78296056 75.82864438 16.29096056 76.08264438 0 P 0
L 15.78450488 45.57464596 16.03850488 45.06664596 0 P 0
L 15.78450488 45.57464596 16.03850488 46.08264596 0 P 0
L 15.82894472 41.31388486 16.08294472 41.82188486 0 P 0
L 15.82894472 41.31388486 16.33694472 41.56788486 0 P 0
L 15.82894472 42.32988486 16.08294472 41.82188486 0 P 0
L 15.82894472 42.32988486 16.33694472 42.07588486 0 P 0
L 15.85802772 44.4908178 16.11202772 43.9828178 0 P 0
L 15.85802772 44.4908178 16.11202772 44.9988178 0 P 0
L 15.86457584 42.53242192 16.11857584 43.04042192 0 P 0
L 15.86457584 42.53242192 16.37257584 42.78642192 0 P 0
L 15.86457584 43.54842192 16.11857584 43.04042192 0 P 0
L 15.86457584 43.54842192 16.37257584 43.29442192 0 P 0
L 15.92895976 75.06664438 16.18295976 75.57464438 0 P 0
L 15.92895976 75.06664438 16.43695976 75.32064438 0 P 0
L 15.92895976 76.08264438 16.18295976 75.57464438 0 P 0
L 15.92895976 76.08264438 16.43695976 75.82864438 0 P 0
L 15.9578167 41.98578852 16.2118167 41.47778852 0 P 0
L 15.9578167 41.98578852 16.2118167 42.49378852 0 P 0
L 15.97483216 43.0946941 16.22883216 42.5866941 0 P 0
L 15.97483216 43.0946941 16.22883216 43.6026941 0 P 0
L 16.00083922 74.23681622 16.50883922 73.98281622 0 P 0
L 16.00083922 74.74481622 16.50883922 74.99881622 0 P 0
L 16.00409804 33.48978316 16.25809804 33.99778316 0 P 0
L 16.00409804 33.48978316 16.51209804 33.74378316 0 P 0
L 16.00409804 34.14378236 16.25809804 34.65178236 0 P 0
L 16.00409804 34.14378236 16.51209804 34.39778236 0 P 0
L 16.00409804 34.50578316 16.25809804 33.99778316 0 P 0
L 16.00409804 34.50578316 16.51209804 34.25178316 0 P 0
L 16.00409804 34.79778156 16.25809804 35.30578156 0 P 0
L 16.00409804 34.79778156 16.51209804 35.05178156 0 P 0
L 16.00409804 35.15978236 16.25809804 34.65178236 0 P 0
L 16.00409804 35.15978236 16.51209804 34.90578236 0 P 0
L 16.00409804 35.45178076 16.25809804 35.95978076 0 P 0
L 16.00409804 35.45178076 16.51209804 35.70578076 0 P 0
L 16.00409804 35.81378156 16.25809804 35.30578156 0 P 0
L 16.00409804 35.81378156 16.51209804 35.55978156 0 P 0
L 16.00409804 36.10577996 16.25809804 36.61377996 0 P 0
L 16.00409804 36.10577996 16.51209804 36.35977996 0 P 0
L 16.00409804 36.46778076 16.25809804 35.95978076 0 P 0
L 16.00409804 36.46778076 16.51209804 36.21378076 0 P 0
L 16.00409804 36.75977916 16.25809804 37.26777916 0 P 0
L 16.00409804 36.75977916 16.51209804 37.01377916 0 P 0
L 16.00409804 37.12177996 16.25809804 36.61377996 0 P 0
L 16.00409804 37.12177996 16.51209804 36.86777996 0 P 0
L 16.00409804 37.41377836 16.25809804 37.92177836 0 P 0
L 16.00409804 37.41377836 16.51209804 37.66777836 0 P 0
L 16.00409804 37.77577916 16.25809804 37.26777916 0 P 0
L 16.00409804 37.77577916 16.51209804 37.52177916 0 P 0
L 16.00409804 38.06777756 16.25809804 38.57577756 0 P 0
L 16.00409804 38.06777756 16.51209804 38.32177756 0 P 0
L 16.00409804 38.42977836 16.25809804 37.92177836 0 P 0
L 16.00409804 38.42977836 16.51209804 38.17577836 0 P 0
L 16.00409804 38.72177676 16.25809804 39.22977676 0 P 0
L 16.00409804 38.72177676 16.51209804 38.97577676 0 P 0
L 16.00409804 39.08377756 16.25809804 38.57577756 0 P 0
L 16.00409804 39.08377756 16.51209804 38.82977756 0 P 0
L 16.00409804 39.37577596 16.25809804 39.88377596 0 P 0
L 16.00409804 39.37577596 16.51209804 39.62977596 0 P 0
L 16.00409804 39.73777676 16.25809804 39.22977676 0 P 0
L 16.00409804 39.73777676 16.51209804 39.48377676 0 P 0
L 16.00409804 40.02977516 16.25809804 40.53777516 0 P 0
L 16.00409804 40.02977516 16.51209804 40.28377516 0 P 0
L 16.00409804 40.39177596 16.25809804 39.88377596 0 P 0
L 16.00409804 40.39177596 16.51209804 40.13777596 0 P 0
L 16.00409804 40.68377436 16.25809804 41.19177436 0 P 0
L 16.00409804 40.68377436 16.51209804 40.93777436 0 P 0
L 16.00409804 41.04577516 16.25809804 40.53777516 0 P 0
L 16.00409804 41.04577516 16.51209804 40.79177516 0 P 0
L 16.00409804 41.69977436 16.25809804 41.19177436 0 P 0
L 16.00409804 41.69977436 16.51209804 41.44577436 0 P 0
L 16.03463392 32.8364977 16.28863392 33.3444977 0 P 0
L 16.03463392 32.8364977 16.54263392 33.0904977 0 P 0
L 16.03463392 33.8524977 16.28863392 33.3444977 0 P 0
L 16.03463392 33.8524977 16.54263392 33.5984977 0 P 0
L 16.03696056 75.57464438 16.29096056 75.06664438 0 P 0
L 16.03696056 75.57464438 16.29096056 76.08264438 0 P 0
L 16.14683842 73.98281622 16.40083842 74.49081622 0 P 0
L 16.14683842 73.98281622 16.65483842 74.23681622 0 P 0
L 16.14683842 74.99881622 16.40083842 74.49081622 0 P 0
L 16.14683842 74.99881622 16.65483842 74.74481622 0 P 0
L 16.18450408 45.32064596 16.69250408 45.06664596 0 P 0
L 16.18450408 45.82864596 16.69250408 46.08264596 0 P 0
L 16.25483922 74.49081622 16.50883922 73.98281622 0 P 0
L 16.25483922 74.49081622 16.50883922 74.99881622 0 P 0
L 16.25802692 44.2368178 16.76602692 43.9828178 0 P 0
L 16.25802692 44.7448178 16.76602692 44.9988178 0 P 0
L 16.27553006 32.22848266 16.52953006 32.73648266 0 P 0
L 16.27553006 32.22848266 16.78353006 32.48248266 0 P 0
L 16.27553006 33.24448266 16.52953006 32.73648266 0 P 0
L 16.27553006 33.24448266 16.78353006 32.99048266 0 P 0
L 16.33050328 45.06664596 16.58450328 45.57464596 0 P 0
L 16.33050328 45.06664596 16.83850328 45.32064596 0 P 0
L 16.33050328 46.08264596 16.58450328 45.57464596 0 P 0
L 16.33050328 46.08264596 16.83850328 45.82864596 0 P 0
L 16.33694472 41.56788486 16.84494472 41.31388486 0 P 0
L 16.33694472 42.07588486 16.84494472 42.32988486 0 P 0
L 16.37257584 42.78642192 16.88057584 42.53242192 0 P 0
L 16.37257584 43.29442192 16.88057584 43.54842192 0 P 0
L 16.40402612 43.9828178 16.65802612 44.4908178 0 P 0
L 16.40402612 43.9828178 16.91202612 44.2368178 0 P 0
L 16.40402612 44.9988178 16.65802612 44.4908178 0 P 0
L 16.40402612 44.9988178 16.91202612 44.7448178 0 P 0
L 16.43695976 75.32064438 16.94495976 75.06664438 0 P 0
L 16.43695976 75.82864438 16.94495976 76.08264438 0 P 0
L 16.43850408 45.57464596 16.69250408 45.06664596 0 P 0
L 16.43850408 45.57464596 16.69250408 46.08264596 0 P 0
L 16.44129554 42.22402528 16.69529554 42.73202528 0 P 0
L 16.44129554 42.22402528 16.94929554 42.47802528 0 P 0
L 16.44129554 43.24002528 16.69529554 42.73202528 0 P 0
L 16.44129554 43.24002528 16.94929554 42.98602528 0 P 0
L 16.51202692 44.4908178 16.76602692 43.9828178 0 P 0
L 16.51202692 44.4908178 16.76602692 44.9988178 0 P 0
L 16.51209804 33.74378316 17.02009804 33.48978316 0 P 0
L 16.51209804 34.25178316 17.02009804 34.50578316 0 P 0
L 16.51209804 34.39778236 17.02009804 34.14378236 0 P 0
L 16.51209804 34.90578236 17.02009804 35.15978236 0 P 0
L 16.51209804 35.05178156 17.02009804 34.79778156 0 P 0
L 16.51209804 35.55978156 17.02009804 35.81378156 0 P 0
L 16.51209804 35.70578076 17.02009804 35.45178076 0 P 0
L 16.51209804 36.21378076 17.02009804 36.46778076 0 P 0
L 16.51209804 36.35977996 17.02009804 36.10577996 0 P 0
L 16.51209804 36.86777996 17.02009804 37.12177996 0 P 0
L 16.51209804 37.01377916 17.02009804 36.75977916 0 P 0
L 16.51209804 37.52177916 17.02009804 37.77577916 0 P 0
L 16.51209804 37.66777836 17.02009804 37.41377836 0 P 0
L 16.51209804 38.17577836 17.02009804 38.42977836 0 P 0
L 16.51209804 38.32177756 17.02009804 38.06777756 0 P 0
L 16.51209804 38.82977756 17.02009804 39.08377756 0 P 0
L 16.51209804 38.97577676 17.02009804 38.72177676 0 P 0
L 16.51209804 39.48377676 17.02009804 39.73777676 0 P 0
L 16.51209804 39.62977596 17.02009804 39.37577596 0 P 0
L 16.51209804 40.13777596 17.02009804 40.39177596 0 P 0
L 16.51209804 40.28377516 17.02009804 40.02977516 0 P 0
L 16.51209804 40.79177516 17.02009804 41.04577516 0 P 0
L 16.51209804 40.93777436 17.02009804 40.68377436 0 P 0
L 16.51209804 41.44577436 17.02009804 41.69977436 0 P 0
L 16.54263392 33.0904977 17.05063392 32.8364977 0 P 0
L 16.54263392 33.5984977 17.05063392 33.8524977 0 P 0
L 16.58295896 75.06664438 16.83695896 75.57464438 0 P 0
L 16.58295896 75.06664438 17.09095896 75.32064438 0 P 0
L 16.58295896 76.08264438 16.83695896 75.57464438 0 P 0
L 16.58295896 76.08264438 17.09095896 75.82864438 0 P 0
L 16.59094472 41.82188486 16.84494472 41.31388486 0 P 0
L 16.59094472 41.82188486 16.84494472 42.32988486 0 P 0
L 16.62657584 43.04042192 16.88057584 42.53242192 0 P 0
L 16.62657584 43.04042192 16.88057584 43.54842192 0 P 0
L 16.65483842 74.23681622 17.16283842 73.98281622 0 P 0
L 16.65483842 74.74481622 17.16283842 74.99881622 0 P 0
L 16.69095976 75.57464438 16.94495976 75.06664438 0 P 0
L 16.69095976 75.57464438 16.94495976 76.08264438 0 P 0
L 16.73197568 31.7601092 16.98597568 32.2681092 0 P 0
L 16.73197568 31.7601092 17.23997568 32.0141092 0 P 0
L 16.73197568 32.7761092 16.98597568 32.2681092 0 P 0
L 16.73197568 32.7761092 17.23997568 32.5221092 0 P 0
L 16.76609804 33.99778316 17.02009804 33.48978316 0 P 0
L 16.76609804 33.99778316 17.02009804 34.50578316 0 P 0
L 16.76609804 34.65178236 17.02009804 34.14378236 0 P 0
L 16.76609804 34.65178236 17.02009804 35.15978236 0 P 0
L 16.76609804 35.30578156 17.02009804 34.79778156 0 P 0
L 16.76609804 35.30578156 17.02009804 35.81378156 0 P 0
L 16.76609804 35.95978076 17.02009804 35.45178076 0 P 0
L 16.76609804 35.95978076 17.02009804 36.46778076 0 P 0
L 16.76609804 36.61377996 17.02009804 36.10577996 0 P 0
L 16.76609804 36.61377996 17.02009804 37.12177996 0 P 0
L 16.76609804 37.26777916 17.02009804 36.75977916 0 P 0
L 16.76609804 37.26777916 17.02009804 37.77577916 0 P 0
L 16.76609804 37.92177836 17.02009804 37.41377836 0 P 0
L 16.76609804 37.92177836 17.02009804 38.42977836 0 P 0
L 16.76609804 38.57577756 17.02009804 38.06777756 0 P 0
L 16.76609804 38.57577756 17.02009804 39.08377756 0 P 0
L 16.76609804 39.22977676 17.02009804 38.72177676 0 P 0
L 16.76609804 39.22977676 17.02009804 39.73777676 0 P 0
L 16.76609804 39.88377596 17.02009804 39.37577596 0 P 0
L 16.76609804 39.88377596 17.02009804 40.39177596 0 P 0
L 16.76609804 40.53777516 17.02009804 40.02977516 0 P 0
L 16.76609804 40.53777516 17.02009804 41.04577516 0 P 0
L 16.76609804 41.19177436 17.02009804 40.68377436 0 P 0
L 16.76609804 41.19177436 17.02009804 41.69977436 0 P 0
L 16.78353006 32.48248266 17.29153006 32.22848266 0 P 0
L 16.78353006 32.99048266 17.29153006 33.24448266 0 P 0
L 16.79663392 33.3444977 17.05063392 32.8364977 0 P 0
L 16.79663392 33.3444977 17.05063392 33.8524977 0 P 0
L 16.80083762 73.98281622 17.05483762 74.49081622 0 P 0
L 16.80083762 73.98281622 17.30883762 74.23681622 0 P 0
L 16.80083762 74.99881622 17.05483762 74.49081622 0 P 0
L 16.80083762 74.99881622 17.30883762 74.74481622 0 P 0
L 16.83850328 45.32064596 17.34650328 45.06664596 0 P 0
L 16.83850328 45.82864596 17.34650328 46.08264596 0 P 0
L 16.87014914 41.73026452 17.12414914 42.23826452 0 P 0
L 16.87014914 41.73026452 17.37814914 41.98426452 0 P 0
L 16.87014914 42.74626452 17.12414914 42.23826452 0 P 0
L 16.87014914 42.74626452 17.37814914 42.49226452 0 P 0
L 16.90883842 74.49081622 17.16283842 73.98281622 0 P 0
L 16.90883842 74.49081622 17.16283842 74.99881622 0 P 0
L 16.91202612 44.2368178 17.42002612 43.9828178 0 P 0
L 16.91202612 44.7448178 17.42002612 44.9988178 0 P 0
L 16.94929554 42.47802528 17.45729554 42.22402528 0 P 0
L 16.94929554 42.98602528 17.45729554 43.24002528 0 P 0
L 16.98450248 45.06664596 17.23850248 45.57464596 0 P 0
L 16.98450248 45.06664596 17.49250248 45.32064596 0 P 0
L 16.98450248 46.08264596 17.23850248 45.57464596 0 P 0
L 16.98450248 46.08264596 17.49250248 45.82864596 0 P 0
L 17.03753006 32.73648266 17.29153006 32.22848266 0 P 0
L 17.03753006 32.73648266 17.29153006 33.24448266 0 P 0
L 17.05802532 43.9828178 17.31202532 44.4908178 0 P 0
L 17.05802532 43.9828178 17.56602532 44.2368178 0 P 0
L 17.05802532 44.9988178 17.31202532 44.4908178 0 P 0
L 17.05802532 44.9988178 17.56602532 44.7448178 0 P 0
L 17.07083708 41.1078172 17.32483708 41.6158172 0 P 0
L 17.07083708 41.1078172 17.57883708 41.3618172 0 P 0
L 17.07083708 42.1238172 17.32483708 41.6158172 0 P 0
L 17.07083708 42.1238172 17.57883708 41.8698172 0 P 0
L 17.0879262 33.26005032 17.3419262 33.76805032 0 P 0
L 17.0879262 33.26005032 17.5959262 33.51405032 0 P 0
L 17.0879262 33.91404952 17.3419262 34.42204952 0 P 0
L 17.0879262 33.91404952 17.5959262 34.16804952 0 P 0
L 17.0879262 34.27605032 17.3419262 33.76805032 0 P 0
L 17.0879262 34.27605032 17.5959262 34.02205032 0 P 0
L 17.0879262 34.56804872 17.3419262 35.07604872 0 P 0
L 17.0879262 34.56804872 17.5959262 34.82204872 0 P 0
L 17.0879262 34.93004952 17.3419262 34.42204952 0 P 0
L 17.0879262 34.93004952 17.5959262 34.67604952 0 P 0
L 17.0879262 35.22204792 17.3419262 35.73004792 0 P 0
L 17.0879262 35.22204792 17.5959262 35.47604792 0 P 0
L 17.0879262 35.58404872 17.3419262 35.07604872 0 P 0
L 17.0879262 35.58404872 17.5959262 35.33004872 0 P 0
L 17.0879262 35.87604712 17.3419262 36.38404712 0 P 0
L 17.0879262 35.87604712 17.5959262 36.13004712 0 P 0
L 17.0879262 36.23804792 17.3419262 35.73004792 0 P 0
L 17.0879262 36.23804792 17.5959262 35.98404792 0 P 0
L 17.0879262 36.53004632 17.3419262 37.03804632 0 P 0
L 17.0879262 36.53004632 17.5959262 36.78404632 0 P 0
L 17.0879262 36.89204712 17.3419262 36.38404712 0 P 0
L 17.0879262 36.89204712 17.5959262 36.63804712 0 P 0
L 17.0879262 37.18404552 17.3419262 37.69204552 0 P 0
L 17.0879262 37.18404552 17.5959262 37.43804552 0 P 0
L 17.0879262 37.54604632 17.3419262 37.03804632 0 P 0
L 17.0879262 37.54604632 17.5959262 37.29204632 0 P 0
L 17.0879262 37.83804472 17.3419262 38.34604472 0 P 0
L 17.0879262 37.83804472 17.5959262 38.09204472 0 P 0
L 17.0879262 38.20004552 17.3419262 37.69204552 0 P 0
L 17.0879262 38.20004552 17.5959262 37.94604552 0 P 0
L 17.0879262 38.49204392 17.3419262 39.00004392 0 P 0
L 17.0879262 38.49204392 17.5959262 38.74604392 0 P 0
L 17.0879262 38.85404472 17.3419262 38.34604472 0 P 0
L 17.0879262 38.85404472 17.5959262 38.60004472 0 P 0
L 17.0879262 39.14604312 17.3419262 39.65404312 0 P 0
L 17.0879262 39.14604312 17.5959262 39.40004312 0 P 0
L 17.0879262 39.50804392 17.3419262 39.00004392 0 P 0
L 17.0879262 39.50804392 17.5959262 39.25404392 0 P 0
L 17.0879262 39.80004232 17.3419262 40.30804232 0 P 0
L 17.0879262 39.80004232 17.5959262 40.05404232 0 P 0
L 17.0879262 40.16204312 17.3419262 39.65404312 0 P 0
L 17.0879262 40.16204312 17.5959262 39.90804312 0 P 0
L 17.0879262 40.45404152 17.3419262 40.96204152 0 P 0
L 17.0879262 40.45404152 17.5959262 40.70804152 0 P 0
L 17.0879262 40.81604232 17.3419262 40.30804232 0 P 0
L 17.0879262 40.81604232 17.5959262 40.56204232 0 P 0
L 17.0879262 41.47004152 17.3419262 40.96204152 0 P 0
L 17.0879262 41.47004152 17.5959262 41.21604152 0 P 0
L 17.09095896 75.32064438 17.59895896 75.06664438 0 P 0
L 17.09095896 75.82864438 17.59895896 76.08264438 0 P 0
L 17.09250328 45.57464596 17.34650328 45.06664596 0 P 0
L 17.09250328 45.57464596 17.34650328 46.08264596 0 P 0
L 17.16602612 44.4908178 17.42002612 43.9828178 0 P 0
L 17.16602612 44.4908178 17.42002612 44.9988178 0 P 0
L 17.20329554 42.73202528 17.45729554 42.22402528 0 P 0
L 17.20329554 42.73202528 17.45729554 43.24002528 0 P 0
L 17.23695816 75.06664438 17.49095816 75.57464438 0 P 0
L 17.23695816 75.06664438 17.74495816 75.32064438 0 P 0
L 17.23695816 76.08264438 17.49095816 75.57464438 0 P 0
L 17.23695816 76.08264438 17.74495816 75.82864438 0 P 0
L 17.23997568 32.0141092 17.74797568 31.7601092 0 P 0
L 17.23997568 32.5221092 17.74797568 32.7761092 0 P 0
L 17.30883762 74.23681622 17.81683762 73.98281622 0 P 0
L 17.30883762 74.74481622 17.81683762 74.99881622 0 P 0
L 17.3268386 31.48835206 17.5808386 31.99635206 0 P 0
L 17.3268386 31.48835206 17.8348386 31.74235206 0 P 0
L 17.3268386 32.50435206 17.5808386 31.99635206 0 P 0
L 17.3268386 32.50435206 17.8348386 32.25035206 0 P 0
L 17.34495896 75.57464438 17.59895896 75.06664438 0 P 0
L 17.34495896 75.57464438 17.59895896 76.08264438 0 P 0
L 17.34949286 32.66063826 17.60349286 33.16863826 0 P 0
L 17.34949286 32.66063826 17.85749286 32.91463826 0 P 0
L 17.34949286 33.67663826 17.60349286 33.16863826 0 P 0
L 17.34949286 33.67663826 17.85749286 33.42263826 0 P 0
L 17.37814914 41.98426452 17.88614914 41.73026452 0 P 0
L 17.37814914 42.49226452 17.88614914 42.74626452 0 P 0
L 17.45483682 73.98281622 17.70883682 74.49081622 0 P 0
L 17.45483682 73.98281622 17.96283682 74.23681622 0 P 0
L 17.45483682 74.99881622 17.70883682 74.49081622 0 P 0
L 17.45483682 74.99881622 17.96283682 74.74481622 0 P 0
L 17.49250248 45.32064596 18.00050248 45.06664596 0 P 0
L 17.49250248 45.82864596 18.00050248 46.08264596 0 P 0
L 17.49397568 32.2681092 17.74797568 31.7601092 0 P 0
L 17.49397568 32.2681092 17.74797568 32.7761092 0 P 0
L 17.56283762 74.49081622 17.81683762 73.98281622 0 P 0
L 17.56283762 74.49081622 17.81683762 74.99881622 0 P 0
L 17.56602532 44.2368178 18.07402532 43.9828178 0 P 0
L 17.56602532 44.7448178 18.07402532 44.9988178 0 P 0
L 17.57883708 41.3618172 18.08683708 41.1078172 0 P 0
L 17.57883708 41.8698172 18.08683708 42.1238172 0 P 0
L 17.5959262 33.51405032 18.1039262 33.26005032 0 P 0
L 17.5959262 34.02205032 18.1039262 34.27605032 0 P 0
L 17.5959262 34.16804952 18.1039262 33.91404952 0 P 0
L 17.5959262 34.67604952 18.1039262 34.93004952 0 P 0
L 17.5959262 34.82204872 18.1039262 34.56804872 0 P 0
L 17.5959262 35.33004872 18.1039262 35.58404872 0 P 0
L 17.5959262 35.47604792 18.1039262 35.22204792 0 P 0
L 17.5959262 35.98404792 18.1039262 36.23804792 0 P 0
L 17.5959262 36.13004712 18.1039262 35.87604712 0 P 0
L 17.5959262 36.63804712 18.1039262 36.89204712 0 P 0
L 17.5959262 36.78404632 18.1039262 36.53004632 0 P 0
L 17.5959262 37.29204632 18.1039262 37.54604632 0 P 0
L 17.5959262 37.43804552 18.1039262 37.18404552 0 P 0
L 17.5959262 37.94604552 18.1039262 38.20004552 0 P 0
L 17.5959262 38.09204472 18.1039262 37.83804472 0 P 0
L 17.5959262 38.60004472 18.1039262 38.85404472 0 P 0
L 17.5959262 38.74604392 18.1039262 38.49204392 0 P 0
L 17.5959262 39.25404392 18.1039262 39.50804392 0 P 0
L 17.5959262 39.40004312 18.1039262 39.14604312 0 P 0
L 17.5959262 39.90804312 18.1039262 40.16204312 0 P 0
L 17.5959262 40.05404232 18.1039262 39.80004232 0 P 0
L 17.5959262 40.56204232 18.1039262 40.81604232 0 P 0
L 17.5959262 40.70804152 18.1039262 40.45404152 0 P 0
L 17.5959262 41.21604152 18.1039262 41.47004152 0 P 0
L 17.63214914 42.23826452 17.88614914 41.73026452 0 P 0
L 17.63214914 42.23826452 17.88614914 42.74626452 0 P 0
L 17.63850168 45.06664596 17.89250168 45.57464596 0 P 0
L 17.63850168 45.06664596 18.14650168 45.32064596 0 P 0
L 17.63850168 46.08264596 17.89250168 45.57464596 0 P 0
L 17.63850168 46.08264596 18.14650168 45.82864596 0 P 0
L 17.71202452 43.9828178 17.96602452 44.4908178 0 P 0
L 17.71202452 43.9828178 18.22002452 44.2368178 0 P 0
L 17.71202452 44.9988178 17.96602452 44.4908178 0 P 0
L 17.71202452 44.9988178 18.22002452 44.7448178 0 P 0
L 17.74495816 75.32064438 18.25295816 75.06664438 0 P 0
L 17.74495816 75.82864438 18.25295816 76.08264438 0 P 0
L 17.74650248 45.57464596 18.00050248 45.06664596 0 P 0
L 17.74650248 45.57464596 18.00050248 46.08264596 0 P 0
L 17.82002532 44.4908178 18.07402532 43.9828178 0 P 0
L 17.82002532 44.4908178 18.07402532 44.9988178 0 P 0
L 17.83283708 41.6158172 18.08683708 41.1078172 0 P 0
L 17.83283708 41.6158172 18.08683708 42.1238172 0 P 0
L 17.8348386 31.74235206 18.3428386 31.48835206 0 P 0
L 17.8348386 32.25035206 18.3428386 32.50435206 0 P 0
L 17.8499262 33.76805032 18.1039262 33.26005032 0 P 0
L 17.8499262 33.76805032 18.1039262 34.27605032 0 P 0
L 17.8499262 34.42204952 18.1039262 33.91404952 0 P 0
L 17.8499262 34.42204952 18.1039262 34.93004952 0 P 0
L 17.8499262 35.07604872 18.1039262 34.56804872 0 P 0
L 17.8499262 35.07604872 18.1039262 35.58404872 0 P 0
L 17.8499262 35.73004792 18.1039262 35.22204792 0 P 0
L 17.8499262 35.73004792 18.1039262 36.23804792 0 P 0
L 17.8499262 36.38404712 18.1039262 35.87604712 0 P 0
L 17.8499262 36.38404712 18.1039262 36.89204712 0 P 0
L 17.8499262 37.03804632 18.1039262 36.53004632 0 P 0
L 17.8499262 37.03804632 18.1039262 37.54604632 0 P 0
L 17.8499262 37.69204552 18.1039262 37.18404552 0 P 0
L 17.8499262 37.69204552 18.1039262 38.20004552 0 P 0
L 17.8499262 38.34604472 18.1039262 37.83804472 0 P 0
L 17.8499262 38.34604472 18.1039262 38.85404472 0 P 0
L 17.8499262 39.00004392 18.1039262 38.49204392 0 P 0
L 17.8499262 39.00004392 18.1039262 39.50804392 0 P 0
L 17.8499262 39.65404312 18.1039262 39.14604312 0 P 0
L 17.8499262 39.65404312 18.1039262 40.16204312 0 P 0
L 17.8499262 40.30804232 18.1039262 39.80004232 0 P 0
L 17.8499262 40.30804232 18.1039262 40.81604232 0 P 0
L 17.8499262 40.96204152 18.1039262 40.45404152 0 P 0
L 17.8499262 40.96204152 18.1039262 41.47004152 0 P 0
L 17.85749286 32.91463826 18.36549286 32.66063826 0 P 0
L 17.85749286 33.42263826 18.36549286 33.67663826 0 P 0
L 17.89095736 75.06664438 18.14495736 75.57464438 0 P 0
L 17.89095736 75.06664438 18.39895736 75.32064438 0 P 0
L 17.89095736 76.08264438 18.14495736 75.57464438 0 P 0
L 17.89095736 76.08264438 18.39895736 75.82864438 0 P 0
L 17.96283682 74.23681622 18.47083682 73.98281622 0 P 0
L 17.96283682 74.74481622 18.47083682 74.99881622 0 P 0
L 17.98066254 31.47314254 18.23466254 31.98114254 0 P 0
L 17.98066254 31.47314254 18.48866254 31.72714254 0 P 0
L 17.98066254 32.48914254 18.23466254 31.98114254 0 P 0
L 17.98066254 32.48914254 18.48866254 32.23514254 0 P 0
L 17.99895816 75.57464438 18.25295816 75.06664438 0 P 0
L 17.99895816 75.57464438 18.25295816 76.08264438 0 P 0
L 18.00171152 32.6123935 18.25571152 33.1203935 0 P 0
L 18.00171152 32.6123935 18.50971152 32.8663935 0 P 0
L 18.00171152 33.6283935 18.25571152 33.1203935 0 P 0
L 18.00171152 33.6283935 18.50971152 33.3743935 0 P 0
L 18.0888386 31.99635206 18.3428386 31.48835206 0 P 0
L 18.0888386 31.99635206 18.3428386 32.50435206 0 P 0
L 18.10883602 73.98281622 18.36283602 74.49081622 0 P 0
L 18.10883602 73.98281622 18.61683602 74.23681622 0 P 0
L 18.10883602 74.99881622 18.36283602 74.49081622 0 P 0
L 18.10883602 74.99881622 18.61683602 74.74481622 0 P 0
L 18.11149286 33.16863826 18.36549286 32.66063826 0 P 0
L 18.11149286 33.16863826 18.36549286 33.67663826 0 P 0
L 18.14650168 45.32064596 18.65450168 45.06664596 0 P 0
L 18.14650168 45.82864596 18.65450168 46.08264596 0 P 0
L 18.21683682 74.49081622 18.47083682 73.98281622 0 P 0
L 18.21683682 74.49081622 18.47083682 74.99881622 0 P 0
L 18.22002452 44.2368178 18.72802452 43.9828178 0 P 0
L 18.22002452 44.7448178 18.72802452 44.9988178 0 P 0
L 18.29250088 45.06664596 18.54650088 45.57464596 0 P 0
L 18.29250088 45.06664596 18.80050088 45.32064596 0 P 0
L 18.29250088 46.08264596 18.54650088 45.57464596 0 P 0
L 18.29250088 46.08264596 18.80050088 45.82864596 0 P 0
L 18.33332376 33.176083 18.58732376 33.684083 0 P 0
L 18.33332376 33.176083 18.84132376 33.430083 0 P 0
L 18.33332376 34.192083 18.58732376 33.684083 0 P 0
L 18.33332376 34.192083 18.84132376 33.938083 0 P 0
L 18.33509668 33.83007966 18.58909668 34.33807966 0 P 0
L 18.33509668 33.83007966 18.84309668 34.08407966 0 P 0
L 18.33509668 34.48407886 18.58909668 34.99207886 0 P 0
L 18.33509668 34.48407886 18.84309668 34.73807886 0 P 0
L 18.33509668 34.84607966 18.58909668 34.33807966 0 P 0
L 18.33509668 34.84607966 18.84309668 34.59207966 0 P 0
L 18.33509668 35.13807806 18.58909668 35.64607806 0 P 0
L 18.33509668 35.13807806 18.84309668 35.39207806 0 P 0
L 18.33509668 35.50007886 18.58909668 34.99207886 0 P 0
L 18.33509668 35.50007886 18.84309668 35.24607886 0 P 0
L 18.33509668 35.79207726 18.58909668 36.30007726 0 P 0
L 18.33509668 35.79207726 18.84309668 36.04607726 0 P 0
L 18.33509668 36.15407806 18.58909668 35.64607806 0 P 0
L 18.33509668 36.15407806 18.84309668 35.90007806 0 P 0
L 18.33509668 36.44607646 18.58909668 36.95407646 0 P 0
L 18.33509668 36.44607646 18.84309668 36.70007646 0 P 0
L 18.33509668 36.80807726 18.58909668 36.30007726 0 P 0
L 18.33509668 36.80807726 18.84309668 36.55407726 0 P 0
L 18.33509668 37.10007566 18.58909668 37.60807566 0 P 0
L 18.33509668 37.10007566 18.84309668 37.35407566 0 P 0
L 18.33509668 37.46207646 18.58909668 36.95407646 0 P 0
L 18.33509668 37.46207646 18.84309668 37.20807646 0 P 0
L 18.33509668 37.75407486 18.58909668 38.26207486 0 P 0
L 18.33509668 37.75407486 18.84309668 38.00807486 0 P 0
L 18.33509668 38.11607566 18.58909668 37.60807566 0 P 0
L 18.33509668 38.11607566 18.84309668 37.86207566 0 P 0
L 18.33509668 38.40807406 18.58909668 38.91607406 0 P 0
L 18.33509668 38.40807406 18.84309668 38.66207406 0 P 0
L 18.33509668 38.77007486 18.58909668 38.26207486 0 P 0
L 18.33509668 38.77007486 18.84309668 38.51607486 0 P 0
L 18.33509668 39.06207326 18.58909668 39.57007326 0 P 0
L 18.33509668 39.06207326 18.84309668 39.31607326 0 P 0
L 18.33509668 39.42407406 18.58909668 38.91607406 0 P 0
L 18.33509668 39.42407406 18.84309668 39.17007406 0 P 0
L 18.33509668 39.71607246 18.58909668 40.22407246 0 P 0
L 18.33509668 39.71607246 18.84309668 39.97007246 0 P 0
L 18.33509668 40.07807326 18.58909668 39.57007326 0 P 0
L 18.33509668 40.07807326 18.84309668 39.82407326 0 P 0
L 18.33509668 40.37007166 18.58909668 40.87807166 0 P 0
L 18.33509668 40.37007166 18.84309668 40.62407166 0 P 0
L 18.33509668 40.73207246 18.58909668 40.22407246 0 P 0
L 18.33509668 40.73207246 18.84309668 40.47807246 0 P 0
L 18.33509668 41.38607166 18.58909668 40.87807166 0 P 0
L 18.33509668 41.38607166 18.84309668 41.13207166 0 P 0
L 18.34115458 41.02404292 18.59515458 41.53204292 0 P 0
L 18.34115458 41.02404292 18.84915458 41.27804292 0 P 0
L 18.34115458 42.04004292 18.59515458 41.53204292 0 P 0
L 18.34115458 42.04004292 18.84915458 41.78604292 0 P 0
L 18.36602372 43.9828178 18.62002372 44.4908178 0 P 0
L 18.36602372 43.9828178 18.87402372 44.2368178 0 P 0
L 18.36602372 44.9988178 18.62002372 44.4908178 0 P 0
L 18.36602372 44.9988178 18.87402372 44.7448178 0 P 0
L 18.39895736 75.32064438 18.90695736 75.06664438 0 P 0
L 18.39895736 75.82864438 18.90695736 76.08264438 0 P 0
L 18.40050168 45.57464596 18.65450168 45.06664596 0 P 0
L 18.40050168 45.57464596 18.65450168 46.08264596 0 P 0
L 18.47402452 44.4908178 18.72802452 43.9828178 0 P 0
L 18.47402452 44.4908178 18.72802452 44.9988178 0 P 0
L 18.48866254 31.72714254 18.99666254 31.47314254 0 P 0
L 18.48866254 32.23514254 18.99666254 32.48914254 0 P 0
L 18.50971152 32.8663935 19.01771152 32.6123935 0 P 0
L 18.50971152 33.3743935 19.01771152 33.6283935 0 P 0
L 18.51458578 41.6546284 18.76858578 42.1626284 0 P 0
L 18.51458578 41.6546284 19.02258578 41.9086284 0 P 0
L 18.51458578 42.6706284 18.76858578 42.1626284 0 P 0
L 18.51458578 42.6706284 19.02258578 42.4166284 0 P 0
L 18.54495656 75.06664438 18.79895656 75.57464438 0 P 0
L 18.54495656 75.06664438 19.05295656 75.32064438 0 P 0
L 18.54495656 76.08264438 18.79895656 75.57464438 0 P 0
L 18.54495656 76.08264438 19.05295656 75.82864438 0 P 0
L 18.59703926 31.69176288 18.85103926 32.19976288 0 P 0
L 18.59703926 31.69176288 19.10503926 31.94576288 0 P 0
L 18.59703926 32.70776288 18.85103926 32.19976288 0 P 0
L 18.59703926 32.70776288 19.10503926 32.45376288 0 P 0
L 18.61683602 74.23681622 19.12483602 73.98281622 0 P 0
L 18.61683602 74.74481622 19.12483602 74.99881622 0 P 0
L 18.65295736 75.57464438 18.90695736 75.06664438 0 P 0
L 18.65295736 75.57464438 18.90695736 76.08264438 0 P 0
L 18.74266254 31.98114254 18.99666254 31.47314254 0 P 0
L 18.74266254 31.98114254 18.99666254 32.48914254 0 P 0
L 18.76283522 73.98281622 19.01683522 74.49081622 0 P 0
L 18.76283522 73.98281622 19.27083522 74.23681622 0 P 0
L 18.76283522 74.99881622 19.01683522 74.49081622 0 P 0
L 18.76283522 74.99881622 19.27083522 74.74481622 0 P 0
L 18.76371152 33.1203935 19.01771152 32.6123935 0 P 0
L 18.76371152 33.1203935 19.01771152 33.6283935 0 P 0
L 18.80050088 45.32064596 19.30850088 45.06664596 0 P 0
L 18.80050088 45.82864596 19.30850088 46.08264596 0 P 0
L 18.84132376 33.430083 19.34932376 33.176083 0 P 0
L 18.84132376 33.938083 19.34932376 34.192083 0 P 0
L 18.84309668 34.08407966 19.35109668 33.83007966 0 P 0
L 18.84309668 34.59207966 19.35109668 34.84607966 0 P 0
L 18.84309668 34.73807886 19.35109668 34.48407886 0 P 0
L 18.84309668 35.24607886 19.35109668 35.50007886 0 P 0
L 18.84309668 35.39207806 19.35109668 35.13807806 0 P 0
L 18.84309668 35.90007806 19.35109668 36.15407806 0 P 0
L 18.84309668 36.04607726 19.35109668 35.79207726 0 P 0
L 18.84309668 36.55407726 19.35109668 36.80807726 0 P 0
L 18.84309668 36.70007646 19.35109668 36.44607646 0 P 0
L 18.84309668 37.20807646 19.35109668 37.46207646 0 P 0
L 18.84309668 37.35407566 19.35109668 37.10007566 0 P 0
L 18.84309668 37.86207566 19.35109668 38.11607566 0 P 0
L 18.84309668 38.00807486 19.35109668 37.75407486 0 P 0
L 18.84309668 38.51607486 19.35109668 38.77007486 0 P 0
L 18.84309668 38.66207406 19.35109668 38.40807406 0 P 0
L 18.84309668 39.17007406 19.35109668 39.42407406 0 P 0
L 18.84309668 39.31607326 19.35109668 39.06207326 0 P 0
L 18.84309668 39.82407326 19.35109668 40.07807326 0 P 0
L 18.84309668 39.97007246 19.35109668 39.71607246 0 P 0
L 18.84309668 40.47807246 19.35109668 40.73207246 0 P 0
L 18.84309668 40.62407166 19.35109668 40.37007166 0 P 0
L 18.84309668 41.13207166 19.35109668 41.38607166 0 P 0
L 18.84915458 41.27804292 19.35715458 41.02404292 0 P 0
L 18.84915458 41.78604292 19.35715458 42.04004292 0 P 0
L 18.87083602 74.49081622 19.12483602 73.98281622 0 P 0
L 18.87083602 74.49081622 19.12483602 74.99881622 0 P 0
L 18.87402372 44.2368178 19.38202372 43.9828178 0 P 0
L 18.87402372 44.7448178 19.38202372 44.9988178 0 P 0
L 18.91428272 42.17227532 19.16828272 42.68027532 0 P 0
L 18.91428272 42.17227532 19.42228272 42.42627532 0 P 0
L 18.91428272 43.18827532 19.16828272 42.68027532 0 P 0
L 18.91428272 43.18827532 19.42228272 42.93427532 0 P 0
L 18.94650008 45.06664596 19.20050008 45.57464596 0 P 0
L 18.94650008 45.06664596 19.45450008 45.32064596 0 P 0
L 18.94650008 46.08264596 19.20050008 45.57464596 0 P 0
L 18.94650008 46.08264596 19.45450008 45.82864596 0 P 0
L 19.02002292 43.9828178 19.27402292 44.4908178 0 P 0
L 19.02002292 43.9828178 19.52802292 44.2368178 0 P 0
L 19.02002292 44.9988178 19.27402292 44.4908178 0 P 0
L 19.02002292 44.9988178 19.52802292 44.7448178 0 P 0
L 19.02258578 41.9086284 19.53058578 41.6546284 0 P 0
L 19.02258578 42.4166284 19.53058578 42.6706284 0 P 0
L 19.05295656 75.32064438 19.56095656 75.06664438 0 P 0
L 19.05295656 75.82864438 19.56095656 76.08264438 0 P 0
L 19.05450088 45.57464596 19.30850088 45.06664596 0 P 0
L 19.05450088 45.57464596 19.30850088 46.08264596 0 P 0
L 19.07674112 32.1362832 19.33074112 32.6442832 0 P 0
L 19.07674112 32.1362832 19.58474112 32.3902832 0 P 0
L 19.07674112 33.1522832 19.33074112 32.6442832 0 P 0
L 19.07674112 33.1522832 19.58474112 32.8982832 0 P 0
L 19.09532376 33.684083 19.34932376 33.176083 0 P 0
L 19.09532376 33.684083 19.34932376 34.192083 0 P 0
L 19.09709668 34.33807966 19.35109668 33.83007966 0 P 0
L 19.09709668 34.33807966 19.35109668 34.84607966 0 P 0
L 19.09709668 34.99207886 19.35109668 34.48407886 0 P 0
L 19.09709668 34.99207886 19.35109668 35.50007886 0 P 0
L 19.09709668 35.64607806 19.35109668 35.13807806 0 P 0
L 19.09709668 35.64607806 19.35109668 36.15407806 0 P 0
L 19.09709668 36.30007726 19.35109668 35.79207726 0 P 0
L 19.09709668 36.30007726 19.35109668 36.80807726 0 P 0
L 19.09709668 36.95407646 19.35109668 36.44607646 0 P 0
L 19.09709668 36.95407646 19.35109668 37.46207646 0 P 0
L 19.09709668 37.60807566 19.35109668 37.10007566 0 P 0
L 19.09709668 37.60807566 19.35109668 38.11607566 0 P 0
L 19.09709668 38.26207486 19.35109668 37.75407486 0 P 0
L 19.09709668 38.26207486 19.35109668 38.77007486 0 P 0
L 19.09709668 38.91607406 19.35109668 38.40807406 0 P 0
L 19.09709668 38.91607406 19.35109668 39.42407406 0 P 0
L 19.09709668 39.57007326 19.35109668 39.06207326 0 P 0
L 19.09709668 39.57007326 19.35109668 40.07807326 0 P 0
L 19.09709668 40.22407246 19.35109668 39.71607246 0 P 0
L 19.09709668 40.22407246 19.35109668 40.73207246 0 P 0
L 19.09709668 40.87807166 19.35109668 40.37007166 0 P 0
L 19.09709668 40.87807166 19.35109668 41.38607166 0 P 0
L 19.10315458 41.53204292 19.35715458 41.02404292 0 P 0
L 19.10315458 41.53204292 19.35715458 42.04004292 0 P 0
L 19.10503926 31.94576288 19.61303926 31.69176288 0 P 0
L 19.10503926 32.45376288 19.61303926 32.70776288 0 P 0
L 19.12802372 44.4908178 19.38202372 43.9828178 0 P 0
L 19.12802372 44.4908178 19.38202372 44.9988178 0 P 0
L 19.19895576 75.06664438 19.45295576 75.57464438 0 P 0
L 19.19895576 75.06664438 19.70695576 75.32064438 0 P 0
L 19.19895576 76.08264438 19.45295576 75.57464438 0 P 0
L 19.19895576 76.08264438 19.70695576 75.82864438 0 P 0
L 19.27083522 74.23681622 19.77883522 73.98281622 0 P 0
L 19.27083522 74.74481622 19.77883522 74.99881622 0 P 0
L 19.27658578 42.1626284 19.53058578 41.6546284 0 P 0
L 19.27658578 42.1626284 19.53058578 42.6706284 0 P 0
L 19.30695656 75.57464438 19.56095656 75.06664438 0 P 0
L 19.30695656 75.57464438 19.56095656 76.08264438 0 P 0
L 19.35903926 32.19976288 19.61303926 31.69176288 0 P 0
L 19.35903926 32.19976288 19.61303926 32.70776288 0 P 0
L 19.36545784 32.72310448 19.61945784 33.23110448 0 P 0
L 19.36545784 32.72310448 19.87345784 32.97710448 0 P 0
L 19.36545784 33.73910448 19.61945784 33.23110448 0 P 0
L 19.36545784 33.73910448 19.87345784 33.48510448 0 P 0
L 19.41683442 73.98281622 19.67083442 74.49081622 0 P 0
L 19.41683442 73.98281622 19.92483442 74.23681622 0 P 0
L 19.41683442 74.99881622 19.67083442 74.49081622 0 P 0
L 19.41683442 74.99881622 19.92483442 74.74481622 0 P 0
L 19.41892484 33.3749142 19.67292484 33.8829142 0 P 0
L 19.41892484 33.3749142 19.92692484 33.6289142 0 P 0
L 19.41892484 34.0289134 19.67292484 34.5369134 0 P 0
L 19.41892484 34.0289134 19.92692484 34.2829134 0 P 0
L 19.41892484 34.3909142 19.67292484 33.8829142 0 P 0
L 19.41892484 34.3909142 19.92692484 34.1369142 0 P 0
L 19.41892484 34.6829126 19.67292484 35.1909126 0 P 0
L 19.41892484 34.6829126 19.92692484 34.9369126 0 P 0
L 19.41892484 35.0449134 19.67292484 34.5369134 0 P 0
L 19.41892484 35.0449134 19.92692484 34.7909134 0 P 0
L 19.41892484 35.3369118 19.67292484 35.8449118 0 P 0
L 19.41892484 35.3369118 19.92692484 35.5909118 0 P 0
L 19.41892484 35.6989126 19.67292484 35.1909126 0 P 0
L 19.41892484 35.6989126 19.92692484 35.4449126 0 P 0
L 19.41892484 35.990911 19.67292484 36.498911 0 P 0
L 19.41892484 35.990911 19.92692484 36.244911 0 P 0
L 19.41892484 36.3529118 19.67292484 35.8449118 0 P 0
L 19.41892484 36.3529118 19.92692484 36.0989118 0 P 0
L 19.41892484 36.6449102 19.67292484 37.1529102 0 P 0
L 19.41892484 36.6449102 19.92692484 36.8989102 0 P 0
L 19.41892484 37.006911 19.67292484 36.498911 0 P 0
L 19.41892484 37.006911 19.92692484 36.752911 0 P 0
L 19.41892484 37.2989094 19.67292484 37.8069094 0 P 0
L 19.41892484 37.2989094 19.92692484 37.5529094 0 P 0
L 19.41892484 37.6609102 19.67292484 37.1529102 0 P 0
L 19.41892484 37.6609102 19.92692484 37.4069102 0 P 0
L 19.41892484 37.9529086 19.67292484 38.4609086 0 P 0
L 19.41892484 37.9529086 19.92692484 38.2069086 0 P 0
L 19.41892484 38.3149094 19.67292484 37.8069094 0 P 0
L 19.41892484 38.3149094 19.92692484 38.0609094 0 P 0
L 19.41892484 38.6069078 19.67292484 39.1149078 0 P 0
L 19.41892484 38.6069078 19.92692484 38.8609078 0 P 0
L 19.41892484 38.9689086 19.67292484 38.4609086 0 P 0
L 19.41892484 38.9689086 19.92692484 38.7149086 0 P 0
L 19.41892484 39.260907 19.67292484 39.768907 0 P 0
L 19.41892484 39.260907 19.92692484 39.514907 0 P 0
L 19.41892484 39.6229078 19.67292484 39.1149078 0 P 0
L 19.41892484 39.6229078 19.92692484 39.3689078 0 P 0
L 19.41892484 39.9149062 19.67292484 40.4229062 0 P 0
L 19.41892484 39.9149062 19.92692484 40.1689062 0 P 0
L 19.41892484 40.276907 19.67292484 39.768907 0 P 0
L 19.41892484 40.276907 19.92692484 40.022907 0 P 0
L 19.41892484 40.5689054 19.67292484 41.0769054 0 P 0
L 19.41892484 40.5689054 19.92692484 40.8229054 0 P 0
L 19.41892484 40.9309062 19.67292484 40.4229062 0 P 0
L 19.41892484 40.9309062 19.92692484 40.6769062 0 P 0
L 19.41892484 41.5849054 19.67292484 41.0769054 0 P 0
L 19.41892484 41.5849054 19.92692484 41.3309054 0 P 0
L 19.42228272 42.42627532 19.93028272 42.17227532 0 P 0
L 19.42228272 42.93427532 19.93028272 43.18827532 0 P 0
L 19.45450008 45.32064596 19.96250008 45.06664596 0 P 0
L 19.45450008 45.82864596 19.96250008 46.08264596 0 P 0
L 19.4795013 42.50127898 19.7335013 43.00927898 0 P 0
L 19.4795013 42.50127898 19.9875013 42.75527898 0 P 0
L 19.4795013 43.51727898 19.7335013 43.00927898 0 P 0
L 19.4795013 43.51727898 19.9875013 43.26327898 0 P 0
L 19.5184268 41.21529222 19.7724268 41.72329222 0 P 0
L 19.5184268 41.21529222 20.0264268 41.46929222 0 P 0
L 19.5184268 42.23129222 19.7724268 41.72329222 0 P 0
L 19.5184268 42.23129222 20.0264268 41.97729222 0 P 0
L 19.52483522 74.49081622 19.77883522 73.98281622 0 P 0
L 19.52483522 74.49081622 19.77883522 74.99881622 0 P 0
L 19.52802292 44.2368178 20.03602292 43.9828178 0 P 0
L 19.52802292 44.7448178 20.03602292 44.9988178 0 P 0
L 19.58474112 32.3902832 20.09274112 32.1362832 0 P 0
L 19.58474112 32.8982832 20.09274112 33.1522832 0 P 0
L 19.60049928 45.06664596 19.85449928 45.57464596 0 P 0
L 19.60049928 45.06664596 20.10849928 45.32064596 0 P 0
L 19.60049928 46.08264596 19.85449928 45.57464596 0 P 0
L 19.60049928 46.08264596 20.10849928 45.82864596 0 P 0
L 19.67402212 43.9828178 19.92802212 44.4908178 0 P 0
L 19.67402212 43.9828178 20.18202212 44.2368178 0 P 0
L 19.67402212 44.9988178 19.92802212 44.4908178 0 P 0
L 19.67402212 44.9988178 20.18202212 44.7448178 0 P 0
L 19.67628272 42.68027532 19.93028272 42.17227532 0 P 0
L 19.67628272 42.68027532 19.93028272 43.18827532 0 P 0
L 19.70695576 75.32064438 20.21495576 75.06664438 0 P 0
L 19.70695576 75.82864438 20.21495576 76.08264438 0 P 0
L 19.70850008 45.57464596 19.96250008 45.06664596 0 P 0
L 19.70850008 45.57464596 19.96250008 46.08264596 0 P 0
L 19.78202292 44.4908178 20.03602292 43.9828178 0 P 0
L 19.78202292 44.4908178 20.03602292 44.9988178 0 P 0
L 19.83874112 32.6442832 20.09274112 32.1362832 0 P 0
L 19.83874112 32.6442832 20.09274112 33.1522832 0 P 0
L 19.85295496 75.06664438 20.10695496 75.57464438 0 P 0
L 19.85295496 75.06664438 20.36095496 75.32064438 0 P 0
L 19.85295496 76.08264438 20.10695496 75.57464438 0 P 0
L 19.85295496 76.08264438 20.36095496 75.82864438 0 P 0
L 19.87345784 32.97710448 20.38145784 32.72310448 0 P 0
L 19.87345784 33.48510448 20.38145784 33.73910448 0 P 0
L 19.92483442 74.23681622 20.43283442 73.98281622 0 P 0
L 19.92483442 74.74481622 20.43283442 74.99881622 0 P 0
L 19.92692484 33.6289142 20.43492484 33.3749142 0 P 0
L 19.92692484 34.1369142 20.43492484 34.3909142 0 P 0
L 19.92692484 34.2829134 20.43492484 34.0289134 0 P 0
L 19.92692484 34.7909134 20.43492484 35.0449134 0 P 0
L 19.92692484 34.9369126 20.43492484 34.6829126 0 P 0
L 19.92692484 35.4449126 20.43492484 35.6989126 0 P 0
L 19.92692484 35.5909118 20.43492484 35.3369118 0 P 0
L 19.92692484 36.0989118 20.43492484 36.3529118 0 P 0
L 19.92692484 36.244911 20.43492484 35.990911 0 P 0
L 19.92692484 36.752911 20.43492484 37.006911 0 P 0
L 19.92692484 36.8989102 20.43492484 36.6449102 0 P 0
L 19.92692484 37.4069102 20.43492484 37.6609102 0 P 0
L 19.92692484 37.5529094 20.43492484 37.2989094 0 P 0
L 19.92692484 38.0609094 20.43492484 38.3149094 0 P 0
L 19.92692484 38.2069086 20.43492484 37.9529086 0 P 0
L 19.92692484 38.7149086 20.43492484 38.9689086 0 P 0
L 19.92692484 38.8609078 20.43492484 38.6069078 0 P 0
L 19.92692484 39.3689078 20.43492484 39.6229078 0 P 0
L 19.92692484 39.514907 20.43492484 39.260907 0 P 0
L 19.92692484 40.022907 20.43492484 40.276907 0 P 0
L 19.92692484 40.1689062 20.43492484 39.9149062 0 P 0
L 19.92692484 40.6769062 20.43492484 40.9309062 0 P 0
L 19.92692484 40.8229054 20.43492484 40.5689054 0 P 0
L 19.92692484 41.3309054 20.43492484 41.5849054 0 P 0
L 19.96095576 75.57464438 20.21495576 75.06664438 0 P 0
L 19.96095576 75.57464438 20.21495576 76.08264438 0 P 0
L 19.9875013 42.75527898 20.4955013 42.50127898 0 P 0
L 19.9875013 43.26327898 20.4955013 43.51727898 0 P 0
L 20.0264268 41.46929222 20.5344268 41.21529222 0 P 0
L 20.0264268 41.97729222 20.5344268 42.23129222 0 P 0
L 20.07083362 73.98281622 20.32483362 74.49081622 0 P 0
L 20.07083362 73.98281622 20.57883362 74.23681622 0 P 0
L 20.07083362 74.99881622 20.32483362 74.49081622 0 P 0
L 20.07083362 74.99881622 20.57883362 74.74481622 0 P 0
L 20.10694988 41.50051898 20.36094988 42.00851898 0 P 0
L 20.10694988 41.50051898 20.61494988 41.75451898 0 P 0
L 20.10694988 42.51651898 20.36094988 42.00851898 0 P 0
L 20.10694988 42.51651898 20.61494988 42.26251898 0 P 0
L 20.10849928 45.32064596 20.61649928 45.06664596 0 P 0
L 20.10849928 45.82864596 20.61649928 46.08264596 0 P 0
L 20.12634786 42.59773294 20.38034786 43.10573294 0 P 0
L 20.12634786 42.59773294 20.63434786 42.85173294 0 P 0
L 20.12634786 43.61373294 20.38034786 43.10573294 0 P 0
L 20.12634786 43.61373294 20.63434786 43.35973294 0 P 0
L 20.12745784 33.23110448 20.38145784 32.72310448 0 P 0
L 20.12745784 33.23110448 20.38145784 33.73910448 0 P 0
L 20.14996478 7.11289916 20.40396478 7.62089916 0 P 0
L 20.14996478 7.11289916 20.65796478 7.36689916 0 P 0
L 20.14996478 8.12889916 20.40396478 7.62089916 0 P 0
L 20.14996478 8.12889916 20.65796478 7.87489916 0 P 0
L 20.15387384 22.142577 20.40787384 22.650577 0 P 0
L 20.15387384 22.142577 20.66187384 22.396577 0 P 0
L 20.15387384 23.158577 20.40787384 22.650577 0 P 0
L 20.15387384 23.158577 20.66187384 22.904577 0 P 0
L 20.15734348 67.16894618 20.41134348 67.67694618 0 P 0
L 20.15734348 67.16894618 20.66534348 67.42294618 0 P 0
L 20.15734348 68.18494618 20.41134348 67.67694618 0 P 0
L 20.15734348 68.18494618 20.66534348 67.93094618 0 P 0
L 20.1737468 51.75509588 20.4277468 52.26309588 0 P 0
L 20.1737468 51.75509588 20.6817468 52.00909588 0 P 0
L 20.1737468 52.77109588 20.4277468 52.26309588 0 P 0
L 20.1737468 52.77109588 20.6817468 52.51709588 0 P 0
L 20.17883442 74.49081622 20.43283442 73.98281622 0 P 0
L 20.17883442 74.49081622 20.43283442 74.99881622 0 P 0
L 20.18092484 33.8829142 20.43492484 33.3749142 0 P 0
L 20.18092484 33.8829142 20.43492484 34.3909142 0 P 0
L 20.18092484 34.5369134 20.43492484 34.0289134 0 P 0
L 20.18092484 34.5369134 20.43492484 35.0449134 0 P 0
L 20.18092484 35.1909126 20.43492484 34.6829126 0 P 0
L 20.18092484 35.1909126 20.43492484 35.6989126 0 P 0
L 20.18092484 35.8449118 20.43492484 35.3369118 0 P 0
L 20.18092484 35.8449118 20.43492484 36.3529118 0 P 0
L 20.18092484 36.498911 20.43492484 35.990911 0 P 0
L 20.18092484 36.498911 20.43492484 37.006911 0 P 0
L 20.18092484 37.1529102 20.43492484 36.6449102 0 P 0
L 20.18092484 37.1529102 20.43492484 37.6609102 0 P 0
L 20.18092484 37.8069094 20.43492484 37.2989094 0 P 0
L 20.18092484 37.8069094 20.43492484 38.3149094 0 P 0
L 20.18092484 38.4609086 20.43492484 37.9529086 0 P 0
L 20.18092484 38.4609086 20.43492484 38.9689086 0 P 0
L 20.18092484 39.1149078 20.43492484 38.6069078 0 P 0
L 20.18092484 39.1149078 20.43492484 39.6229078 0 P 0
L 20.18092484 39.768907 20.43492484 39.260907 0 P 0
L 20.18092484 39.768907 20.43492484 40.276907 0 P 0
L 20.18092484 40.4229062 20.43492484 39.9149062 0 P 0
L 20.18092484 40.4229062 20.43492484 40.9309062 0 P 0
L 20.18092484 41.0769054 20.43492484 40.5689054 0 P 0
L 20.18092484 41.0769054 20.43492484 41.5849054 0 P 0
L 20.18202212 44.2368178 20.69002212 43.9828178 0 P 0
L 20.18202212 44.7448178 20.69002212 44.9988178 0 P 0
L 20.20028726 52.4085566 20.45428726 52.9165566 0 P 0
L 20.20028726 52.4085566 20.70828726 52.6625566 0 P 0
L 20.20028726 53.4245566 20.45428726 52.9165566 0 P 0
L 20.20028726 53.4245566 20.70828726 53.1705566 0 P 0
L 20.2415013 43.00927898 20.4955013 42.50127898 0 P 0
L 20.2415013 43.00927898 20.4955013 43.51727898 0 P 0
L 20.24517668 66.52087026 20.49917668 67.02887026 0 P 0
L 20.24517668 66.52087026 20.75317668 66.77487026 0 P 0
L 20.24517668 67.53687026 20.49917668 67.02887026 0 P 0
L 20.24517668 67.53687026 20.75317668 67.28287026 0 P 0
L 20.25449848 45.06664596 20.50849848 45.57464596 0 P 0
L 20.25449848 45.06664596 20.76249848 45.32064596 0 P 0
L 20.25449848 46.08264596 20.50849848 45.57464596 0 P 0
L 20.25449848 46.08264596 20.76249848 45.82864596 0 P 0
L 20.25527572 21.49648736 20.50927572 22.00448736 0 P 0
L 20.25527572 21.49648736 20.76327572 21.75048736 0 P 0
L 20.25527572 22.51248736 20.50927572 22.00448736 0 P 0
L 20.25527572 22.51248736 20.76327572 22.25848736 0 P 0
L 20.26651014 6.46936984 20.52051014 6.97736984 0 P 0
L 20.26651014 6.46936984 20.77451014 6.72336984 0 P 0
L 20.26651014 7.48536984 20.52051014 6.97736984 0 P 0
L 20.26651014 7.48536984 20.77451014 7.23136984 0 P 0
L 20.2804268 41.72329222 20.5344268 41.21529222 0 P 0
L 20.2804268 41.72329222 20.5344268 42.23129222 0 P 0
L 20.32802132 43.9828178 20.58202132 44.4908178 0 P 0
L 20.32802132 43.9828178 20.83602132 44.2368178 0 P 0
L 20.32802132 44.9988178 20.58202132 44.4908178 0 P 0
L 20.32802132 44.9988178 20.83602132 44.7448178 0 P 0
L 20.34389378 7.73748516 20.59789378 8.24548516 0 P 0
L 20.34389378 7.73748516 20.85189378 7.99148516 0 P 0
L 20.34389378 8.75348516 20.59789378 8.24548516 0 P 0
L 20.34389378 8.75348516 20.85189378 8.49948516 0 P 0
L 20.35773424 22.76399308 20.61173424 23.27199308 0 P 0
L 20.35773424 22.76399308 20.86573424 23.01799308 0 P 0
L 20.35773424 23.77999308 20.61173424 23.27199308 0 P 0
L 20.35773424 23.77999308 20.86573424 23.52599308 0 P 0
L 20.36095496 75.32064438 20.86895496 75.06664438 0 P 0
L 20.36095496 75.82864438 20.86895496 76.08264438 0 P 0
L 20.36249928 45.57464596 20.61649928 45.06664596 0 P 0
L 20.36249928 45.57464596 20.61649928 46.08264596 0 P 0
L 20.37449824 67.78583852 20.62849824 68.29383852 0 P 0
L 20.37449824 67.78583852 20.88249824 68.03983852 0 P 0
L 20.37449824 68.80183852 20.62849824 68.29383852 0 P 0
L 20.37449824 68.80183852 20.88249824 68.54783852 0 P 0
L 20.43602212 44.4908178 20.69002212 43.9828178 0 P 0
L 20.43602212 44.4908178 20.69002212 44.9988178 0 P 0
L 20.45163042 51.16307014 20.70563042 51.67107014 0 P 0
L 20.45163042 51.16307014 20.95963042 51.41707014 0 P 0
L 20.45163042 52.17907014 20.70563042 51.67107014 0 P 0
L 20.45163042 52.17907014 20.95963042 51.92507014 0 P 0
L 20.50695416 75.06664438 20.76095416 75.57464438 0 P 0
L 20.50695416 75.06664438 21.01495416 75.32064438 0 P 0
L 20.50695416 76.08264438 20.76095416 75.57464438 0 P 0
L 20.50695416 76.08264438 21.01495416 75.82864438 0 P 0
L 20.5235683 52.97706702 20.7775683 53.48506702 0 P 0
L 20.5235683 52.97706702 21.0315683 53.23106702 0 P 0
L 20.5235683 53.99306702 20.7775683 53.48506702 0 P 0
L 20.5235683 53.99306702 21.0315683 53.73906702 0 P 0
L 20.57883362 74.23681622 21.08683362 73.98281622 0 P 0
L 20.57883362 74.74481622 21.08683362 74.99881622 0 P 0
L 20.61494988 41.75451898 21.12294988 41.50051898 0 P 0
L 20.61494988 42.26251898 21.12294988 42.51651898 0 P 0
L 20.61495496 75.57464438 20.86895496 75.06664438 0 P 0
L 20.61495496 75.57464438 20.86895496 76.08264438 0 P 0
L 20.61875226 65.9840692 20.87275226 66.4920692 0 P 0
L 20.61875226 65.9840692 21.12675226 66.2380692 0 P 0
L 20.61875226 67.0000692 20.87275226 66.4920692 0 P 0
L 20.61875226 67.0000692 21.12675226 66.7460692 0 P 0
L 20.62135576 41.09665898 20.87535576 41.60465898 0 P 0
L 20.62135576 41.09665898 21.12935576 41.35065898 0 P 0
L 20.62135576 42.11265898 20.87535576 41.60465898 0 P 0
L 20.62135576 42.11265898 21.12935576 41.85865898 0 P 0
L 20.63434786 42.85173294 21.14234786 42.59773294 0 P 0
L 20.63434786 43.35973294 21.14234786 43.61373294 0 P 0
L 20.64009588 20.96768984 20.89409588 21.47568984 0 P 0
L 20.64009588 20.96768984 21.14809588 21.22168984 0 P 0
L 20.64009588 21.98368984 20.89409588 21.47568984 0 P 0
L 20.64009588 21.98368984 21.14809588 21.72968984 0 P 0
L 20.65796478 7.36689916 21.16596478 7.11289916 0 P 0
L 20.65796478 7.87489916 21.16596478 8.12889916 0 P 0
L 20.66187384 22.396577 21.16987384 22.142577 0 P 0
L 20.66187384 22.904577 21.16987384 23.158577 0 P 0
L 20.66355786 5.94968838 20.91755786 6.45768838 0 P 0
L 20.66355786 5.94968838 21.17155786 6.20368838 0 P 0
L 20.66355786 6.96568838 20.91755786 6.45768838 0 P 0
L 20.66355786 6.96568838 21.17155786 6.71168838 0 P 0
L 20.66534348 67.42294618 21.17334348 67.16894618 0 P 0
L 20.66534348 67.93094618 21.17334348 68.18494618 0 P 0
L 20.66609532 33.2502002 20.92009532 33.7582002 0 P 0
L 20.66609532 33.2502002 21.17409532 33.5042002 0 P 0
L 20.66609532 33.9041994 20.92009532 34.4121994 0 P 0
L 20.66609532 33.9041994 21.17409532 34.1581994 0 P 0
L 20.66609532 34.2662002 20.92009532 33.7582002 0 P 0
L 20.66609532 34.2662002 21.17409532 34.0122002 0 P 0
L 20.66609532 34.5581986 20.92009532 35.0661986 0 P 0
L 20.66609532 34.5581986 21.17409532 34.8121986 0 P 0
L 20.66609532 34.9201994 20.92009532 34.4121994 0 P 0
L 20.66609532 34.9201994 21.17409532 34.6661994 0 P 0
L 20.66609532 35.2121978 20.92009532 35.7201978 0 P 0
L 20.66609532 35.2121978 21.17409532 35.4661978 0 P 0
L 20.66609532 35.5741986 20.92009532 35.0661986 0 P 0
L 20.66609532 35.5741986 21.17409532 35.3201986 0 P 0
L 20.66609532 35.866197 20.92009532 36.374197 0 P 0
L 20.66609532 35.866197 21.17409532 36.120197 0 P 0
L 20.66609532 36.2281978 20.92009532 35.7201978 0 P 0
L 20.66609532 36.2281978 21.17409532 35.9741978 0 P 0
L 20.66609532 36.5201962 20.92009532 37.0281962 0 P 0
L 20.66609532 36.5201962 21.17409532 36.7741962 0 P 0
L 20.66609532 36.882197 20.92009532 36.374197 0 P 0
L 20.66609532 36.882197 21.17409532 36.628197 0 P 0
L 20.66609532 37.1741954 20.92009532 37.6821954 0 P 0
L 20.66609532 37.1741954 21.17409532 37.4281954 0 P 0
L 20.66609532 37.5361962 20.92009532 37.0281962 0 P 0
L 20.66609532 37.5361962 21.17409532 37.2821962 0 P 0
L 20.66609532 37.8281946 20.92009532 38.3361946 0 P 0
L 20.66609532 37.8281946 21.17409532 38.0821946 0 P 0
L 20.66609532 38.1901954 20.92009532 37.6821954 0 P 0
L 20.66609532 38.1901954 21.17409532 37.9361954 0 P 0
L 20.66609532 38.4821938 20.92009532 38.9901938 0 P 0
L 20.66609532 38.4821938 21.17409532 38.7361938 0 P 0
L 20.66609532 38.8441946 20.92009532 38.3361946 0 P 0
L 20.66609532 38.8441946 21.17409532 38.5901946 0 P 0
L 20.66609532 39.136193 20.92009532 39.644193 0 P 0
L 20.66609532 39.136193 21.17409532 39.390193 0 P 0
L 20.66609532 39.4981938 20.92009532 38.9901938 0 P 0
L 20.66609532 39.4981938 21.17409532 39.2441938 0 P 0
L 20.66609532 39.7901922 20.92009532 40.2981922 0 P 0
L 20.66609532 39.7901922 21.17409532 40.0441922 0 P 0
L 20.66609532 40.152193 20.92009532 39.644193 0 P 0
L 20.66609532 40.152193 21.17409532 39.898193 0 P 0
L 20.66609532 40.4441914 20.92009532 40.9521914 0 P 0
L 20.66609532 40.4441914 21.17409532 40.6981914 0 P 0
L 20.66609532 40.8061922 20.92009532 40.2981922 0 P 0
L 20.66609532 40.8061922 21.17409532 40.5521922 0 P 0
L 20.66609532 41.4601914 20.92009532 40.9521914 0 P 0
L 20.66609532 41.4601914 21.17409532 41.2061914 0 P 0
L 20.6817468 52.00909588 21.1897468 51.75509588 0 P 0
L 20.6817468 52.51709588 21.1897468 52.77109588 0 P 0
L 20.70828726 52.6625566 21.21628726 52.4085566 0 P 0
L 20.70828726 53.1705566 21.21628726 53.4245566 0 P 0
L 20.72483282 73.98281622 20.97883282 74.49081622 0 P 0
L 20.72483282 73.98281622 21.23283282 74.23681622 0 P 0
L 20.72483282 74.99881622 20.97883282 74.49081622 0 P 0
L 20.72483282 74.99881622 21.23283282 74.74481622 0 P 0
L 20.75317668 66.77487026 21.26117668 66.52087026 0 P 0
L 20.75317668 67.28287026 21.26117668 67.53687026 0 P 0
L 20.7582389 32.60272372 21.0122389 33.11072372 0 P 0
L 20.7582389 32.60272372 21.2662389 32.85672372 0 P 0
L 20.7582389 33.61872372 21.0122389 33.11072372 0 P 0
L 20.7582389 33.61872372 21.2662389 33.36472372 0 P 0
L 20.76032678 42.43715668 21.01432678 42.94515668 0 P 0
L 20.76032678 42.43715668 21.26832678 42.69115668 0 P 0
L 20.76032678 43.45315668 21.01432678 42.94515668 0 P 0
L 20.76032678 43.45315668 21.26832678 43.19915668 0 P 0
L 20.76249848 45.32064596 21.27049848 45.06664596 0 P 0
L 20.76249848 45.82864596 21.27049848 46.08264596 0 P 0
L 20.76327572 21.75048736 21.27127572 21.49648736 0 P 0
L 20.76327572 22.25848736 21.27127572 22.51248736 0 P 0
L 20.77451014 6.72336984 21.28251014 6.46936984 0 P 0
L 20.77451014 7.23136984 21.28251014 7.48536984 0 P 0
L 20.8020666 8.20416698 21.0560666 8.71216698 0 P 0
L 20.8020666 8.20416698 21.3100666 8.45816698 0 P 0
L 20.8020666 9.22016698 21.0560666 8.71216698 0 P 0
L 20.8020666 9.22016698 21.3100666 8.96616698 0 P 0
L 20.82900076 23.21744912 21.08300076 23.72544912 0 P 0
L 20.82900076 23.21744912 21.33700076 23.47144912 0 P 0
L 20.82900076 24.23344912 21.08300076 23.72544912 0 P 0
L 20.82900076 24.23344912 21.33700076 23.97944912 0 P 0
L 20.83283362 74.49081622 21.08683362 73.98281622 0 P 0
L 20.83283362 74.49081622 21.08683362 74.99881622 0 P 0
L 20.83602132 44.2368178 21.34402132 43.9828178 0 P 0
L 20.83602132 44.7448178 21.34402132 44.9988178 0 P 0
L 20.85189378 7.99148516 21.35989378 7.73748516 0 P 0
L 20.85189378 8.49948516 21.35989378 8.75348516 0 P 0
L 20.8530444 68.23160852 21.1070444 68.73960852 0 P 0
L 20.8530444 68.23160852 21.3610444 68.48560852 0 P 0
L 20.8530444 69.24760852 21.1070444 68.73960852 0 P 0
L 20.8530444 69.24760852 21.3610444 68.99360852 0 P 0
L 20.86573424 23.01799308 21.37373424 22.76399308 0 P 0
L 20.86573424 23.52599308 21.37373424 23.77999308 0 P 0
L 20.86894988 42.00851898 21.12294988 41.50051898 0 P 0
L 20.86894988 42.00851898 21.12294988 42.51651898 0 P 0
L 20.88249824 68.03983852 21.39049824 67.78583852 0 P 0
L 20.88249824 68.54783852 21.39049824 68.80183852 0 P 0
L 20.88834786 43.10573294 21.14234786 42.59773294 0 P 0
L 20.88834786 43.10573294 21.14234786 43.61373294 0 P 0
L 20.90849768 45.06664596 21.16249768 45.57464596 0 P 0
L 20.90849768 45.06664596 21.41649768 45.32064596 0 P 0
L 20.90849768 46.08264596 21.16249768 45.57464596 0 P 0
L 20.90849768 46.08264596 21.41649768 45.82864596 0 P 0
L 20.91196478 7.62089916 21.16596478 7.11289916 0 P 0
L 20.91196478 7.62089916 21.16596478 8.12889916 0 P 0
L 20.91587384 22.650577 21.16987384 22.142577 0 P 0
L 20.91587384 22.650577 21.16987384 23.158577 0 P 0
L 20.91934348 67.67694618 21.17334348 67.16894618 0 P 0
L 20.91934348 67.67694618 21.17334348 68.18494618 0 P 0
L 20.9357468 52.26309588 21.1897468 51.75509588 0 P 0
L 20.9357468 52.26309588 21.1897468 52.77109588 0 P 0
L 20.95963042 51.41707014 21.46763042 51.16307014 0 P 0
L 20.95963042 51.92507014 21.46763042 52.17907014 0 P 0
L 20.96228726 52.9165566 21.21628726 52.4085566 0 P 0
L 20.96228726 52.9165566 21.21628726 53.4245566 0 P 0
L 20.96882268 50.76278392 21.22282268 51.27078392 0 P 0
L 20.96882268 50.76278392 21.47682268 51.01678392 0 P 0
L 20.96882268 51.77878392 21.22282268 51.27078392 0 P 0
L 20.96882268 51.77878392 21.47682268 51.52478392 0 P 0
L 20.98202052 43.9828178 21.23602052 44.4908178 0 P 0
L 20.98202052 43.9828178 21.49002052 44.2368178 0 P 0
L 20.98202052 44.9988178 21.23602052 44.4908178 0 P 0
L 20.98202052 44.9988178 21.49002052 44.7448178 0 P 0
L 21.00717668 67.02887026 21.26117668 66.52087026 0 P 0
L 21.00717668 67.02887026 21.26117668 67.53687026 0 P 0
L 21.01495416 75.32064438 21.52295416 75.06664438 0 P 0
L 21.01495416 75.82864438 21.52295416 76.08264438 0 P 0
L 21.01649848 45.57464596 21.27049848 45.06664596 0 P 0
L 21.01649848 45.57464596 21.27049848 46.08264596 0 P 0
L 21.01727572 22.00448736 21.27127572 21.49648736 0 P 0
L 21.01727572 22.00448736 21.27127572 22.51248736 0 P 0
L 21.02567804 53.39611622 21.27967804 53.90411622 0 P 0
L 21.02567804 53.39611622 21.53367804 53.65011622 0 P 0
L 21.02567804 54.05011542 21.27967804 54.55811542 0 P 0
L 21.02567804 54.05011542 21.53367804 54.30411542 0 P 0
L 21.02567804 54.41211622 21.27967804 53.90411622 0 P 0
L 21.02567804 54.41211622 21.53367804 54.15811622 0 P 0
L 21.02567804 54.70411462 21.27967804 55.21211462 0 P 0
L 21.02567804 54.70411462 21.53367804 54.95811462 0 P 0
L 21.02567804 55.06611542 21.27967804 54.55811542 0 P 0
L 21.02567804 55.06611542 21.53367804 54.81211542 0 P 0
L 21.02567804 55.35811382 21.27967804 55.86611382 0 P 0
L 21.02567804 55.35811382 21.53367804 55.61211382 0 P 0
L 21.02567804 55.72011462 21.27967804 55.21211462 0 P 0
L 21.02567804 55.72011462 21.53367804 55.46611462 0 P 0
L 21.02567804 56.01211302 21.27967804 56.52011302 0 P 0
L 21.02567804 56.01211302 21.53367804 56.26611302 0 P 0
L 21.02567804 56.37411382 21.27967804 55.86611382 0 P 0
L 21.02567804 56.37411382 21.53367804 56.12011382 0 P 0
L 21.02567804 56.66611222 21.27967804 57.17411222 0 P 0
L 21.02567804 56.66611222 21.53367804 56.92011222 0 P 0
L 21.02567804 57.02811302 21.27967804 56.52011302 0 P 0
L 21.02567804 57.02811302 21.53367804 56.77411302 0 P 0
L 21.02567804 57.68211222 21.27967804 57.17411222 0 P 0
L 21.02567804 57.68211222 21.53367804 57.42811222 0 P 0
L 21.02580504 8.81870474 21.27980504 9.32670474 0 P 0
L 21.02580504 8.81870474 21.53380504 9.07270474 0 P 0
L 21.02580504 9.47270394 21.27980504 9.98070394 0 P 0
L 21.02580504 9.47270394 21.53380504 9.72670394 0 P 0
L 21.02580504 9.83470474 21.27980504 9.32670474 0 P 0
L 21.02580504 9.83470474 21.53380504 9.58070474 0 P 0
L 21.02580504 10.12670314 21.27980504 10.63470314 0 P 0
L 21.02580504 10.12670314 21.53380504 10.38070314 0 P 0
L 21.02580504 10.48870394 21.27980504 9.98070394 0 P 0
L 21.02580504 10.48870394 21.53380504 10.23470394 0 P 0
L 21.02580504 10.78070234 21.27980504 11.28870234 0 P 0
L 21.02580504 10.78070234 21.53380504 11.03470234 0 P 0
L 21.02580504 11.14270314 21.27980504 10.63470314 0 P 0
L 21.02580504 11.14270314 21.53380504 10.88870314 0 P 0
L 21.02580504 11.43470154 21.27980504 11.94270154 0 P 0
L 21.02580504 11.43470154 21.53380504 11.68870154 0 P 0
L 21.02580504 11.79670234 21.27980504 11.28870234 0 P 0
L 21.02580504 11.79670234 21.53380504 11.54270234 0 P 0
L 21.02580504 12.45070154 21.27980504 11.94270154 0 P 0
L 21.02580504 12.45070154 21.53380504 12.19670154 0 P 0
L 21.02580504 17.82354068 21.27980504 18.33154068 0 P 0
L 21.02580504 17.82354068 21.53380504 18.07754068 0 P 0
L 21.02580504 18.47753988 21.27980504 18.98553988 0 P 0
L 21.02580504 18.47753988 21.53380504 18.73153988 0 P 0
L 21.02580504 18.83954068 21.27980504 18.33154068 0 P 0
L 21.02580504 18.83954068 21.53380504 18.58554068 0 P 0
L 21.02580504 19.13153908 21.27980504 19.63953908 0 P 0
L 21.02580504 19.13153908 21.53380504 19.38553908 0 P 0
L 21.02580504 19.49353988 21.27980504 18.98553988 0 P 0
L 21.02580504 19.49353988 21.53380504 19.23953988 0 P 0
L 21.02580504 19.78553828 21.27980504 20.29353828 0 P 0
L 21.02580504 19.78553828 21.53380504 20.03953828 0 P 0
L 21.02580504 20.14753908 21.27980504 19.63953908 0 P 0
L 21.02580504 20.14753908 21.53380504 19.89353908 0 P 0
L 21.02580504 20.43953748 21.27980504 20.94753748 0 P 0
L 21.02580504 20.43953748 21.53380504 20.69353748 0 P 0
L 21.02580504 20.80153828 21.27980504 20.29353828 0 P 0
L 21.02580504 20.80153828 21.53380504 20.54753828 0 P 0
L 21.02580504 21.45553748 21.27980504 20.94753748 0 P 0
L 21.02580504 21.45553748 21.53380504 21.20153748 0 P 0
L 21.02580504 62.85618874 21.27980504 63.36418874 0 P 0
L 21.02580504 62.85618874 21.53380504 63.11018874 0 P 0
L 21.02580504 63.51018794 21.27980504 64.01818794 0 P 0
L 21.02580504 63.51018794 21.53380504 63.76418794 0 P 0
L 21.02580504 63.87218874 21.27980504 63.36418874 0 P 0
L 21.02580504 63.87218874 21.53380504 63.61818874 0 P 0
L 21.02580504 64.16418714 21.27980504 64.67218714 0 P 0
L 21.02580504 64.16418714 21.53380504 64.41818714 0 P 0
L 21.02580504 64.52618794 21.27980504 64.01818794 0 P 0
L 21.02580504 64.52618794 21.53380504 64.27218794 0 P 0
L 21.02580504 64.81818634 21.27980504 65.32618634 0 P 0
L 21.02580504 64.81818634 21.53380504 65.07218634 0 P 0
L 21.02580504 65.18018714 21.27980504 64.67218714 0 P 0
L 21.02580504 65.18018714 21.53380504 64.92618714 0 P 0
L 21.02580504 65.47218554 21.27980504 65.98018554 0 P 0
L 21.02580504 65.47218554 21.53380504 65.72618554 0 P 0
L 21.02580504 65.83418634 21.27980504 65.32618634 0 P 0
L 21.02580504 65.83418634 21.53380504 65.58018634 0 P 0
L 21.02580504 66.48818554 21.27980504 65.98018554 0 P 0
L 21.02580504 66.48818554 21.53380504 66.23418554 0 P 0
L 21.02851014 6.97736984 21.28251014 6.46936984 0 P 0
L 21.02851014 6.97736984 21.28251014 7.48536984 0 P 0
L 21.0315683 53.23106702 21.5395683 52.97706702 0 P 0
L 21.0315683 53.73906702 21.5395683 53.99306702 0 P 0
L 21.03283322 62.20222764 21.28683322 62.71022764 0 P 0
L 21.03283322 62.20222764 21.54083322 62.45622764 0 P 0
L 21.03283322 63.21822764 21.28683322 62.71022764 0 P 0
L 21.03283322 63.21822764 21.54083322 62.96422764 0 P 0
L 21.03495158 17.16960498 21.28895158 17.67760498 0 P 0
L 21.03495158 17.16960498 21.54295158 17.42360498 0 P 0
L 21.03495158 18.18560498 21.28895158 17.67760498 0 P 0
L 21.03495158 18.18560498 21.54295158 17.93160498 0 P 0
L 21.05134728 12.0882029 21.30534728 12.5962029 0 P 0
L 21.05134728 12.0882029 21.55934728 12.3422029 0 P 0
L 21.05134728 13.1042029 21.30534728 12.5962029 0 P 0
L 21.05134728 13.1042029 21.55934728 12.8502029 0 P 0
L 21.0802855 57.31782796 21.3342855 57.82582796 0 P 0
L 21.0802855 57.31782796 21.5882855 57.57182796 0 P 0
L 21.0802855 58.33382796 21.3342855 57.82582796 0 P 0
L 21.0802855 58.33382796 21.5882855 58.07982796 0 P 0
L 21.085048 32.03623514 21.339048 32.54423514 0 P 0
L 21.085048 32.03623514 21.593048 32.29023514 0 P 0
L 21.085048 33.05223514 21.339048 32.54423514 0 P 0
L 21.085048 33.05223514 21.593048 32.79823514 0 P 0
L 21.09002132 44.4908178 21.34402132 43.9828178 0 P 0
L 21.09002132 44.4908178 21.34402132 44.9988178 0 P 0
L 21.10589378 8.24548516 21.35989378 7.73748516 0 P 0
L 21.10589378 8.24548516 21.35989378 8.75348516 0 P 0
L 21.11973424 23.27199308 21.37373424 22.76399308 0 P 0
L 21.11973424 23.27199308 21.37373424 23.77999308 0 P 0
L 21.12560672 61.5548426 21.37960672 62.0628426 0 P 0
L 21.12560672 61.5548426 21.63360672 61.8088426 0 P 0
L 21.12560672 62.5708426 21.37960672 62.0628426 0 P 0
L 21.12560672 62.5708426 21.63360672 62.3168426 0 P 0
L 21.12675226 66.2380692 21.63475226 65.9840692 0 P 0
L 21.12675226 66.7460692 21.63475226 67.0000692 0 P 0
L 21.12935576 41.35065898 21.63735576 41.09665898 0 P 0
L 21.12935576 41.85865898 21.63735576 42.11265898 0 P 0
L 21.13191862 16.52283462 21.38591862 17.03083462 0 P 0
L 21.13191862 16.52283462 21.63991862 16.77683462 0 P 0
L 21.13191862 17.53883462 21.38591862 17.03083462 0 P 0
L 21.13191862 17.53883462 21.63991862 17.28483462 0 P 0
L 21.13649824 68.29383852 21.39049824 67.78583852 0 P 0
L 21.13649824 68.29383852 21.39049824 68.80183852 0 P 0
L 21.14809588 21.22168984 21.65609588 20.96768984 0 P 0
L 21.14809588 21.72968984 21.65609588 21.98368984 0 P 0
L 21.16095336 75.06664438 21.41495336 75.57464438 0 P 0
L 21.16095336 75.06664438 21.66895336 75.32064438 0 P 0
L 21.16095336 76.08264438 21.41495336 75.57464438 0 P 0
L 21.16095336 76.08264438 21.66895336 75.82864438 0 P 0
L 21.17155786 6.20368838 21.67955786 5.94968838 0 P 0
L 21.17155786 6.71168838 21.67955786 6.96568838 0 P 0
L 21.17409532 33.5042002 21.68209532 33.2502002 0 P 0
L 21.17409532 34.0122002 21.68209532 34.2662002 0 P 0
L 21.17409532 34.1581994 21.68209532 33.9041994 0 P 0
L 21.17409532 34.6661994 21.68209532 34.9201994 0 P 0
L 21.17409532 34.8121986 21.68209532 34.5581986 0 P 0
L 21.17409532 35.3201986 21.68209532 35.5741986 0 P 0
L 21.17409532 35.4661978 21.68209532 35.2121978 0 P 0
L 21.17409532 35.9741978 21.68209532 36.2281978 0 P 0
L 21.17409532 36.120197 21.68209532 35.866197 0 P 0
L 21.17409532 36.628197 21.68209532 36.882197 0 P 0
L 21.17409532 36.7741962 21.68209532 36.5201962 0 P 0
L 21.17409532 37.2821962 21.68209532 37.5361962 0 P 0
L 21.17409532 37.4281954 21.68209532 37.1741954 0 P 0
L 21.17409532 37.9361954 21.68209532 38.1901954 0 P 0
L 21.17409532 38.0821946 21.68209532 37.8281946 0 P 0
L 21.17409532 38.5901946 21.68209532 38.8441946 0 P 0
L 21.17409532 38.7361938 21.68209532 38.4821938 0 P 0
L 21.17409532 39.2441938 21.68209532 39.4981938 0 P 0
L 21.17409532 39.390193 21.68209532 39.136193 0 P 0
L 21.17409532 39.898193 21.68209532 40.152193 0 P 0
L 21.17409532 40.0441922 21.68209532 39.7901922 0 P 0
L 21.17409532 40.5521922 21.68209532 40.8061922 0 P 0
L 21.17409532 40.6981914 21.68209532 40.4441914 0 P 0
L 21.17409532 41.2061914 21.68209532 41.4601914 0 P 0
L 21.18538562 12.72831846 21.43938562 13.23631846 0 P 0
L 21.18538562 12.72831846 21.69338562 12.98231846 0 P 0
L 21.18538562 13.74431846 21.43938562 13.23631846 0 P 0
L 21.18538562 13.74431846 21.69338562 13.49031846 0 P 0
L 21.21363042 51.67107014 21.46763042 51.16307014 0 P 0
L 21.21363042 51.67107014 21.46763042 52.17907014 0 P 0
L 21.23283282 74.23681622 21.74083282 73.98281622 0 P 0
L 21.23283282 74.74481622 21.74083282 74.99881622 0 P 0
L 21.25381322 5.6680608 21.50781322 6.1760608 0 P 0
L 21.25381322 5.6680608 21.76181322 5.9220608 0 P 0
L 21.25381322 6.6840608 21.50781322 6.1760608 0 P 0
L 21.25381322 6.6840608 21.76181322 6.4300608 0 P 0
L 21.2662389 32.85672372 21.7742389 32.60272372 0 P 0
L 21.2662389 33.36472372 21.7742389 33.61872372 0 P 0
L 21.26832678 42.69115668 21.77632678 42.43715668 0 P 0
L 21.26832678 43.19915668 21.77632678 43.45315668 0 P 0
L 21.26895416 75.57464438 21.52295416 75.06664438 0 P 0
L 21.26895416 75.57464438 21.52295416 76.08264438 0 P 0
L 21.27085154 57.94344774 21.52485154 58.45144774 0 P 0
L 21.27085154 57.94344774 21.77885154 58.19744774 0 P 0
L 21.27085154 58.95944774 21.52485154 58.45144774 0 P 0
L 21.27085154 58.95944774 21.77885154 58.70544774 0 P 0
L 21.2855683 53.48506702 21.5395683 52.97706702 0 P 0
L 21.2855683 53.48506702 21.5395683 53.99306702 0 P 0
L 21.29374202 42.05876018 21.54774202 42.56676018 0 P 0
L 21.29374202 42.05876018 21.80174202 42.31276018 0 P 0
L 21.29374202 43.07476018 21.54774202 42.56676018 0 P 0
L 21.29374202 43.07476018 21.80174202 42.82076018 0 P 0
L 21.3100666 8.45816698 21.8180666 8.20416698 0 P 0
L 21.3100666 8.96616698 21.8180666 9.22016698 0 P 0
L 21.33700076 23.47144912 21.84500076 23.21744912 0 P 0
L 21.33700076 23.97944912 21.84500076 24.23344912 0 P 0
L 21.34500938 60.93874274 21.59900938 61.44674274 0 P 0
L 21.34500938 60.93874274 21.85300938 61.19274274 0 P 0
L 21.34500938 61.95474274 21.59900938 61.44674274 0 P 0
L 21.34500938 61.95474274 21.85300938 61.70074274 0 P 0
L 21.35970074 15.90978276 21.61370074 16.41778276 0 P 0
L 21.35970074 15.90978276 21.86770074 16.16378276 0 P 0
L 21.35970074 16.92578276 21.61370074 16.41778276 0 P 0
L 21.35970074 16.92578276 21.86770074 16.67178276 0 P 0
L 21.3610444 68.48560852 21.8690444 68.23160852 0 P 0
L 21.3610444 68.99360852 21.8690444 69.24760852 0 P 0
L 21.37883202 73.98281622 21.63283202 74.49081622 0 P 0
L 21.37883202 73.98281622 21.88683202 74.23681622 0 P 0
L 21.37883202 74.99881622 21.63283202 74.49081622 0 P 0
L 21.37883202 74.99881622 21.88683202 74.74481622 0 P 0
L 21.38075226 66.4920692 21.63475226 65.9840692 0 P 0
L 21.38075226 66.4920692 21.63475226 67.0000692 0 P 0
L 21.38335576 41.60465898 21.63735576 41.09665898 0 P 0
L 21.38335576 41.60465898 21.63735576 42.11265898 0 P 0
L 21.40209588 21.47568984 21.65609588 20.96768984 0 P 0
L 21.40209588 21.47568984 21.65609588 21.98368984 0 P 0
L 21.41649768 45.32064596 21.92449768 45.06664596 0 P 0
L 21.41649768 45.82864596 21.92449768 46.08264596 0 P 0
L 21.42555786 6.45768838 21.67955786 5.94968838 0 P 0
L 21.42555786 6.45768838 21.67955786 6.96568838 0 P 0
L 21.42809532 33.7582002 21.68209532 33.2502002 0 P 0
L 21.42809532 33.7582002 21.68209532 34.2662002 0 P 0
L 21.42809532 34.4121994 21.68209532 33.9041994 0 P 0
L 21.42809532 34.4121994 21.68209532 34.9201994 0 P 0
L 21.42809532 35.0661986 21.68209532 34.5581986 0 P 0
L 21.42809532 35.0661986 21.68209532 35.5741986 0 P 0
L 21.42809532 35.7201978 21.68209532 35.2121978 0 P 0
L 21.42809532 35.7201978 21.68209532 36.2281978 0 P 0
L 21.42809532 36.374197 21.68209532 35.866197 0 P 0
L 21.42809532 36.374197 21.68209532 36.882197 0 P 0
L 21.42809532 37.0281962 21.68209532 36.5201962 0 P 0
L 21.42809532 37.0281962 21.68209532 37.5361962 0 P 0
L 21.42809532 37.6821954 21.68209532 37.1741954 0 P 0
L 21.42809532 37.6821954 21.68209532 38.1901954 0 P 0
L 21.42809532 38.3361946 21.68209532 37.8281946 0 P 0
L 21.42809532 38.3361946 21.68209532 38.8441946 0 P 0
L 21.42809532 38.9901938 21.68209532 38.4821938 0 P 0
L 21.42809532 38.9901938 21.68209532 39.4981938 0 P 0
L 21.42809532 39.644193 21.68209532 39.136193 0 P 0
L 21.42809532 39.644193 21.68209532 40.152193 0 P 0
L 21.42809532 40.2981922 21.68209532 39.7901922 0 P 0
L 21.42809532 40.2981922 21.68209532 40.8061922 0 P 0
L 21.42809532 40.9521914 21.68209532 40.4441914 0 P 0
L 21.42809532 40.9521914 21.68209532 41.4601914 0 P 0
L 21.45467134 23.40785006 21.70867134 23.91585006 0 P 0
L 21.45467134 23.40785006 21.96267134 23.66185006 0 P 0
L 21.45467134 24.42385006 21.70867134 23.91585006 0 P 0
L 21.45467134 24.42385006 21.96267134 24.16985006 0 P 0
L 21.46367818 13.3201537 21.71767818 13.8281537 0 P 0
L 21.46367818 13.3201537 21.97167818 13.5741537 0 P 0
L 21.46367818 14.3361537 21.71767818 13.8281537 0 P 0
L 21.46367818 14.3361537 21.97167818 14.0821537 0 P 0
L 21.47682268 51.01678392 21.98482268 50.76278392 0 P 0
L 21.47682268 51.52478392 21.98482268 51.77878392 0 P 0
L 21.48683282 74.49081622 21.74083282 73.98281622 0 P 0
L 21.48683282 74.49081622 21.74083282 74.99881622 0 P 0
L 21.49002052 44.2368178 21.99802052 43.9828178 0 P 0
L 21.49002052 44.7448178 21.99802052 44.9988178 0 P 0
L 21.5202389 33.11072372 21.7742389 32.60272372 0 P 0
L 21.5202389 33.11072372 21.7742389 33.61872372 0 P 0
L 21.52232678 42.94515668 21.77632678 42.43715668 0 P 0
L 21.52232678 42.94515668 21.77632678 43.45315668 0 P 0
L 21.5314784 52.02486166 21.5314784 53.04086166 0 P 0
L 21.5314784 52.02486166 22.5474784 52.02486166 0 P 0
L 21.5314784 53.04086166 22.5474784 53.04086166 0 P 0
L 21.5316054 7.02473576 21.5316054 8.04073576 0 P 0
L 21.5316054 7.02473576 22.5476054 7.02473576 0 P 0
L 21.5316054 8.04073576 22.5476054 8.04073576 0 P 0
L 21.5316054 22.0247337 21.5316054 23.0407337 0 P 0
L 21.5316054 22.0247337 22.5476054 22.0247337 0 P 0
L 21.5316054 23.0407337 22.5476054 23.0407337 0 P 0
L 21.5316054 67.02473514 21.5316054 68.04073514 0 P 0
L 21.5316054 67.02473514 22.5476054 67.02473514 0 P 0
L 21.5316054 68.04073514 22.5476054 68.04073514 0 P 0
L 21.53367804 53.65011622 22.04167804 53.39611622 0 P 0
L 21.53367804 54.15811622 22.04167804 54.41211622 0 P 0
L 21.53367804 54.30411542 22.04167804 54.05011542 0 P 0
L 21.53367804 54.81211542 22.04167804 55.06611542 0 P 0
L 21.53367804 54.95811462 22.04167804 54.70411462 0 P 0
L 21.53367804 55.46611462 22.04167804 55.72011462 0 P 0
L 21.53367804 55.61211382 22.04167804 55.35811382 0 P 0
L 21.53367804 56.12011382 22.04167804 56.37411382 0 P 0
L 21.53367804 56.26611302 22.04167804 56.01211302 0 P 0
L 21.53367804 56.77411302 22.04167804 57.02811302 0 P 0
L 21.53367804 56.92011222 22.04167804 56.66611222 0 P 0
L 21.53367804 57.42811222 22.04167804 57.68211222 0 P 0
L 21.53380504 9.07270474 22.04180504 8.81870474 0 P 0
L 21.53380504 9.58070474 22.04180504 9.83470474 0 P 0
L 21.53380504 9.72670394 22.04180504 9.47270394 0 P 0
L 21.53380504 10.23470394 22.04180504 10.48870394 0 P 0
L 21.53380504 10.38070314 22.04180504 10.12670314 0 P 0
L 21.53380504 10.88870314 22.04180504 11.14270314 0 P 0
L 21.53380504 11.03470234 22.04180504 10.78070234 0 P 0
L 21.53380504 11.54270234 22.04180504 11.79670234 0 P 0
L 21.53380504 11.68870154 22.04180504 11.43470154 0 P 0
L 21.53380504 12.19670154 22.04180504 12.45070154 0 P 0
L 21.53380504 18.07754068 22.04180504 17.82354068 0 P 0
L 21.53380504 18.58554068 22.04180504 18.83954068 0 P 0
L 21.53380504 18.73153988 22.04180504 18.47753988 0 P 0
L 21.53380504 19.23953988 22.04180504 19.49353988 0 P 0
L 21.53380504 19.38553908 22.04180504 19.13153908 0 P 0
L 21.53380504 19.89353908 22.04180504 20.14753908 0 P 0
L 21.53380504 20.03953828 22.04180504 19.78553828 0 P 0
L 21.53380504 20.54753828 22.04180504 20.80153828 0 P 0
L 21.53380504 20.69353748 22.04180504 20.43953748 0 P 0
L 21.53380504 21.20153748 22.04180504 21.45553748 0 P 0
L 21.53380504 63.11018874 22.04180504 62.85618874 0 P 0
L 21.53380504 63.61818874 22.04180504 63.87218874 0 P 0
L 21.53380504 63.76418794 22.04180504 63.51018794 0 P 0
L 21.53380504 64.27218794 22.04180504 64.52618794 0 P 0
L 21.53380504 64.41818714 22.04180504 64.16418714 0 P 0
L 21.53380504 64.92618714 22.04180504 65.18018714 0 P 0
L 21.53380504 65.07218634 22.04180504 64.81818634 0 P 0
L 21.53380504 65.58018634 22.04180504 65.83418634 0 P 0
L 21.53380504 65.72618554 22.04180504 65.47218554 0 P 0
L 21.53380504 66.23418554 22.04180504 66.48818554 0 P 0
L 21.54083322 62.45622764 22.04883322 62.20222764 0 P 0
L 21.54083322 62.96422764 22.04883322 63.21822764 0 P 0
L 21.54295158 17.42360498 22.05095158 17.16960498 0 P 0
L 21.54295158 17.93160498 22.05095158 18.18560498 0 P 0
L 21.55934728 12.3422029 22.06734728 12.0882029 0 P 0
L 21.55934728 12.8502029 22.06734728 13.1042029 0 P 0
L 21.56249688 45.06664596 21.81649688 45.57464596 0 P 0
L 21.56249688 45.06664596 22.07049688 45.32064596 0 P 0
L 21.56249688 46.08264596 21.81649688 45.57464596 0 P 0
L 21.56249688 46.08264596 22.07049688 45.82864596 0 P 0
L 21.5640666 8.71216698 21.8180666 8.20416698 0 P 0
L 21.5640666 8.71216698 21.8180666 9.22016698 0 P 0
L 21.58178056 58.518806 21.83578056 59.026806 0 P 0
L 21.58178056 58.518806 22.08978056 58.772806 0 P 0
L 21.58178056 59.534806 21.83578056 59.026806 0 P 0
L 21.58178056 59.534806 22.08978056 59.280806 0 P 0
L 21.5882855 57.57182796 22.0962855 57.31782796 0 P 0
L 21.5882855 58.07982796 22.0962855 58.33382796 0 P 0
L 21.59100076 23.72544912 21.84500076 23.21744912 0 P 0
L 21.59100076 23.72544912 21.84500076 24.23344912 0 P 0
L 21.593048 32.29023514 22.101048 32.03623514 0 P 0
L 21.593048 32.79823514 22.101048 33.05223514 0 P 0
L 21.59959612 31.63255802 21.85359612 32.14055802 0 P 0
L 21.59959612 31.63255802 22.10759612 31.88655802 0 P 0
L 21.59959612 32.64855802 21.85359612 32.14055802 0 P 0
L 21.59959612 32.64855802 22.10759612 32.39455802 0 P 0
L 21.6116027 50.6421644 21.8656027 51.1501644 0 P 0
L 21.6116027 50.6421644 22.1196027 50.8961644 0 P 0
L 21.6116027 51.6581644 21.8656027 51.1501644 0 P 0
L 21.6116027 51.6581644 22.1196027 51.4041644 0 P 0
L 21.6150444 68.73960852 21.8690444 68.23160852 0 P 0
L 21.6150444 68.73960852 21.8690444 69.24760852 0 P 0
L 21.63360672 61.8088426 22.14160672 61.5548426 0 P 0
L 21.63360672 62.3168426 22.14160672 62.5708426 0 P 0
L 21.63430268 41.50042754 21.88830268 42.00842754 0 P 0
L 21.63430268 41.50042754 22.14230268 41.75442754 0 P 0
L 21.63430268 42.51642754 21.88830268 42.00842754 0 P 0
L 21.63430268 42.51642754 22.14230268 42.26242754 0 P 0
L 21.63601972 43.9828178 21.89001972 44.4908178 0 P 0
L 21.63601972 43.9828178 22.14401972 44.2368178 0 P 0
L 21.63601972 44.9988178 21.89001972 44.4908178 0 P 0
L 21.63601972 44.9988178 22.14401972 44.7448178 0 P 0
L 21.63991862 16.77683462 22.14791862 16.52283462 0 P 0
L 21.63991862 17.28483462 22.14791862 17.53883462 0 P 0
L 21.66895336 75.32064438 22.17695336 75.06664438 0 P 0
L 21.66895336 75.82864438 22.17695336 76.08264438 0 P 0
L 21.67049768 45.57464596 21.92449768 45.06664596 0 P 0
L 21.67049768 45.57464596 21.92449768 46.08264596 0 P 0
L 21.69338562 12.98231846 22.20138562 12.72831846 0 P 0
L 21.69338562 13.49031846 22.20138562 13.74431846 0 P 0
L 21.70139424 60.39037706 21.95539424 60.89837706 0 P 0
L 21.70139424 60.39037706 22.20939424 60.64437706 0 P 0
L 21.70139424 61.40637706 21.95539424 60.89837706 0 P 0
L 21.70139424 61.40637706 22.20939424 61.15237706 0 P 0
L 21.71939268 15.36358116 21.97339268 15.87158116 0 P 0
L 21.71939268 15.36358116 22.22739268 15.61758116 0 P 0
L 21.71939268 16.37958116 21.97339268 15.87158116 0 P 0
L 21.71939268 16.37958116 22.22739268 16.12558116 0 P 0
L 21.73082268 51.27078392 21.98482268 50.76278392 0 P 0
L 21.73082268 51.27078392 21.98482268 51.77878392 0 P 0
L 21.74402052 44.4908178 21.99802052 43.9828178 0 P 0
L 21.74402052 44.4908178 21.99802052 44.9988178 0 P 0
L 21.74992348 33.66307466 22.00392348 34.17107466 0 P 0
L 21.74992348 33.66307466 22.25792348 33.91707466 0 P 0
L 21.74992348 34.31707386 22.00392348 34.82507386 0 P 0
L 21.74992348 34.31707386 22.25792348 34.57107386 0 P 0
L 21.74992348 34.67907466 22.00392348 34.17107466 0 P 0
L 21.74992348 34.67907466 22.25792348 34.42507466 0 P 0
L 21.74992348 34.97107306 22.00392348 35.47907306 0 P 0
L 21.74992348 34.97107306 22.25792348 35.22507306 0 P 0
L 21.74992348 35.33307386 22.00392348 34.82507386 0 P 0
L 21.74992348 35.33307386 22.25792348 35.07907386 0 P 0
L 21.74992348 35.62507226 22.00392348 36.13307226 0 P 0
L 21.74992348 35.62507226 22.25792348 35.87907226 0 P 0
L 21.74992348 35.98707306 22.00392348 35.47907306 0 P 0
L 21.74992348 35.98707306 22.25792348 35.73307306 0 P 0
L 21.74992348 36.27907146 22.00392348 36.78707146 0 P 0
L 21.74992348 36.27907146 22.25792348 36.53307146 0 P 0
L 21.74992348 36.64107226 22.00392348 36.13307226 0 P 0
L 21.74992348 36.64107226 22.25792348 36.38707226 0 P 0
L 21.74992348 36.93307066 22.00392348 37.44107066 0 P 0
L 21.74992348 36.93307066 22.25792348 37.18707066 0 P 0
L 21.74992348 37.29507146 22.00392348 36.78707146 0 P 0
L 21.74992348 37.29507146 22.25792348 37.04107146 0 P 0
L 21.74992348 37.58706986 22.00392348 38.09506986 0 P 0
L 21.74992348 37.58706986 22.25792348 37.84106986 0 P 0
L 21.74992348 37.94907066 22.00392348 37.44107066 0 P 0
L 21.74992348 37.94907066 22.25792348 37.69507066 0 P 0
L 21.74992348 38.24106906 22.00392348 38.74906906 0 P 0
L 21.74992348 38.24106906 22.25792348 38.49506906 0 P 0
L 21.74992348 38.60306986 22.00392348 38.09506986 0 P 0
L 21.74992348 38.60306986 22.25792348 38.34906986 0 P 0
L 21.74992348 38.89506826 22.00392348 39.40306826 0 P 0
L 21.74992348 38.89506826 22.25792348 39.14906826 0 P 0
L 21.74992348 39.25706906 22.00392348 38.74906906 0 P 0
L 21.74992348 39.25706906 22.25792348 39.00306906 0 P 0
L 21.74992348 39.54906746 22.00392348 40.05706746 0 P 0
L 21.74992348 39.54906746 22.25792348 39.80306746 0 P 0
L 21.74992348 39.91106826 22.00392348 39.40306826 0 P 0
L 21.74992348 39.91106826 22.25792348 39.65706826 0 P 0
L 21.74992348 40.20306666 22.00392348 40.71106666 0 P 0
L 21.74992348 40.20306666 22.25792348 40.45706666 0 P 0
L 21.74992348 40.56506746 22.00392348 40.05706746 0 P 0
L 21.74992348 40.56506746 22.25792348 40.31106746 0 P 0
L 21.74992348 41.21906666 22.00392348 40.71106666 0 P 0
L 21.74992348 41.21906666 22.25792348 40.96506666 0 P 0
L 21.75175482 40.85706078 22.00575482 41.36506078 0 P 0
L 21.75175482 40.85706078 22.25975482 41.11106078 0 P 0
L 21.75175482 41.87306078 22.00575482 41.36506078 0 P 0
L 21.75175482 41.87306078 22.25975482 41.61906078 0 P 0
L 21.76181322 5.9220608 22.26981322 5.6680608 0 P 0
L 21.76181322 6.4300608 22.26981322 6.6840608 0 P 0
L 21.77362422 33.00950472 22.02762422 33.51750472 0 P 0
L 21.77362422 33.00950472 22.28162422 33.26350472 0 P 0
L 21.77362422 34.02550472 22.02762422 33.51750472 0 P 0
L 21.77362422 34.02550472 22.28162422 33.77150472 0 P 0
L 21.77885154 58.19744774 22.28685154 57.94344774 0 P 0
L 21.77885154 58.70544774 22.28685154 58.95944774 0 P 0
L 21.78767804 53.90411622 22.04167804 53.39611622 0 P 0
L 21.78767804 53.90411622 22.04167804 54.41211622 0 P 0
L 21.78767804 54.55811542 22.04167804 54.05011542 0 P 0
L 21.78767804 54.55811542 22.04167804 55.06611542 0 P 0
L 21.78767804 55.21211462 22.04167804 54.70411462 0 P 0
L 21.78767804 55.21211462 22.04167804 55.72011462 0 P 0
L 21.78767804 55.86611382 22.04167804 55.35811382 0 P 0
L 21.78767804 55.86611382 22.04167804 56.37411382 0 P 0
L 21.78767804 56.52011302 22.04167804 56.01211302 0 P 0
L 21.78767804 56.52011302 22.04167804 57.02811302 0 P 0
L 21.78767804 57.17411222 22.04167804 56.66611222 0 P 0
L 21.78767804 57.17411222 22.04167804 57.68211222 0 P 0
L 21.78780504 9.32670474 22.04180504 8.81870474 0 P 0
L 21.78780504 9.32670474 22.04180504 9.83470474 0 P 0
L 21.78780504 9.98070394 22.04180504 9.47270394 0 P 0
L 21.78780504 9.98070394 22.04180504 10.48870394 0 P 0
L 21.78780504 10.63470314 22.04180504 10.12670314 0 P 0
L 21.78780504 10.63470314 22.04180504 11.14270314 0 P 0
L 21.78780504 11.28870234 22.04180504 10.78070234 0 P 0
L 21.78780504 11.28870234 22.04180504 11.79670234 0 P 0
L 21.78780504 11.94270154 22.04180504 11.43470154 0 P 0
L 21.78780504 11.94270154 22.04180504 12.45070154 0 P 0
L 21.78780504 18.33154068 22.04180504 17.82354068 0 P 0
L 21.78780504 18.33154068 22.04180504 18.83954068 0 P 0
L 21.78780504 18.98553988 22.04180504 18.47753988 0 P 0
L 21.78780504 18.98553988 22.04180504 19.49353988 0 P 0
L 21.78780504 19.63953908 22.04180504 19.13153908 0 P 0
L 21.78780504 19.63953908 22.04180504 20.14753908 0 P 0
L 21.78780504 20.29353828 22.04180504 19.78553828 0 P 0
L 21.78780504 20.29353828 22.04180504 20.80153828 0 P 0
L 21.78780504 20.94753748 22.04180504 20.43953748 0 P 0
L 21.78780504 20.94753748 22.04180504 21.45553748 0 P 0
L 21.78780504 63.36418874 22.04180504 62.85618874 0 P 0
L 21.78780504 63.36418874 22.04180504 63.87218874 0 P 0
L 21.78780504 64.01818794 22.04180504 63.51018794 0 P 0
L 21.78780504 64.01818794 22.04180504 64.52618794 0 P 0
L 21.78780504 64.67218714 22.04180504 64.16418714 0 P 0
L 21.78780504 64.67218714 22.04180504 65.18018714 0 P 0
L 21.78780504 65.32618634 22.04180504 64.81818634 0 P 0
L 21.78780504 65.32618634 22.04180504 65.83418634 0 P 0
L 21.78780504 65.98018554 22.04180504 65.47218554 0 P 0
L 21.78780504 65.98018554 22.04180504 66.48818554 0 P 0
L 21.79483322 62.71022764 22.04883322 62.20222764 0 P 0
L 21.79483322 62.71022764 22.04883322 63.21822764 0 P 0
L 21.79695158 17.67760498 22.05095158 17.16960498 0 P 0
L 21.79695158 17.67760498 22.05095158 18.18560498 0 P 0
L 21.80174202 42.31276018 22.30974202 42.05876018 0 P 0
L 21.80174202 42.82076018 22.30974202 43.07476018 0 P 0
L 21.81334728 12.5962029 22.06734728 12.0882029 0 P 0
L 21.81334728 12.5962029 22.06734728 13.1042029 0 P 0
L 21.81495256 75.06664438 22.06895256 75.57464438 0 P 0
L 21.81495256 75.06664438 22.32295256 75.32064438 0 P 0
L 21.81495256 76.08264438 22.06895256 75.57464438 0 P 0
L 21.81495256 76.08264438 22.32295256 75.82864438 0 P 0
L 21.8422855 57.82582796 22.0962855 57.31782796 0 P 0
L 21.8422855 57.82582796 22.0962855 58.33382796 0 P 0
L 21.84243028 68.37705908 22.09643028 68.88505908 0 P 0
L 21.84243028 68.37705908 22.35043028 68.63105908 0 P 0
L 21.84243028 69.39305908 22.09643028 68.88505908 0 P 0
L 21.84243028 69.39305908 22.35043028 69.13905908 0 P 0
L 21.847048 32.54423514 22.101048 32.03623514 0 P 0
L 21.847048 32.54423514 22.101048 33.05223514 0 P 0
L 21.85300938 61.19274274 22.36100938 60.93874274 0 P 0
L 21.85300938 61.70074274 22.36100938 61.95474274 0 P 0
L 21.85473658 13.84435636 22.10873658 14.35235636 0 P 0
L 21.85473658 13.84435636 22.36273658 14.09835636 0 P 0
L 21.85473658 14.86035636 22.10873658 14.35235636 0 P 0
L 21.85473658 14.86035636 22.36273658 14.60635636 0 P 0
L 21.86770074 16.16378276 22.37570074 15.90978276 0 P 0
L 21.86770074 16.67178276 22.37570074 16.92578276 0 P 0
L 21.88683202 74.23681622 22.39483202 73.98281622 0 P 0
L 21.88683202 74.74481622 22.39483202 74.99881622 0 P 0
L 21.88760672 62.0628426 22.14160672 61.5548426 0 P 0
L 21.88760672 62.0628426 22.14160672 62.5708426 0 P 0
L 21.89391862 17.03083462 22.14791862 16.52283462 0 P 0
L 21.89391862 17.03083462 22.14791862 17.53883462 0 P 0
L 21.90737554 5.69196982 22.16137554 6.19996982 0 P 0
L 21.90737554 5.69196982 22.41537554 5.94596982 0 P 0
L 21.90737554 6.70796982 22.16137554 6.19996982 0 P 0
L 21.90737554 6.70796982 22.41537554 6.45396982 0 P 0
L 21.92295336 75.57464438 22.17695336 75.06664438 0 P 0
L 21.92295336 75.57464438 22.17695336 76.08264438 0 P 0
L 21.94738562 13.23631846 22.20138562 12.72831846 0 P 0
L 21.94738562 13.23631846 22.20138562 13.74431846 0 P 0
L 21.96267134 23.66185006 22.47067134 23.40785006 0 P 0
L 21.96267134 24.16985006 22.47067134 24.42385006 0 P 0
L 21.97167818 13.5741537 22.47967818 13.3201537 0 P 0
L 21.97167818 14.0821537 22.47967818 14.3361537 0 P 0
L 22.01581322 6.1760608 22.26981322 5.6680608 0 P 0
L 22.01581322 6.1760608 22.26981322 6.6840608 0 P 0
L 22.01594784 59.00790078 22.26994784 59.51590078 0 P 0
L 22.01594784 59.00790078 22.52394784 59.26190078 0 P 0
L 22.01594784 60.02390078 22.26994784 59.51590078 0 P 0
L 22.01594784 60.02390078 22.52394784 59.76990078 0 P 0
L 22.03283122 73.98281622 22.28683122 74.49081622 0 P 0
L 22.03283122 73.98281622 22.54083122 74.23681622 0 P 0
L 22.03283122 74.99881622 22.28683122 74.49081622 0 P 0
L 22.03283122 74.99881622 22.54083122 74.74481622 0 P 0
L 22.03285154 58.45144774 22.28685154 57.94344774 0 P 0
L 22.03285154 58.45144774 22.28685154 58.95944774 0 P 0
L 22.03727876 53.61357832 22.29127876 54.12157832 0 P 0
L 22.03727876 53.61357832 22.54527876 53.86757832 0 P 0
L 22.03727876 54.26757752 22.29127876 54.77557752 0 P 0
L 22.03727876 54.26757752 22.54527876 54.52157752 0 P 0
L 22.03727876 54.62957832 22.29127876 54.12157832 0 P 0
L 22.03727876 54.62957832 22.54527876 54.37557832 0 P 0
L 22.03727876 54.92157672 22.29127876 55.42957672 0 P 0
L 22.03727876 54.92157672 22.54527876 55.17557672 0 P 0
L 22.03727876 55.28357752 22.29127876 54.77557752 0 P 0
L 22.03727876 55.28357752 22.54527876 55.02957752 0 P 0
L 22.03727876 55.57557592 22.29127876 56.08357592 0 P 0
L 22.03727876 55.57557592 22.54527876 55.82957592 0 P 0
L 22.03727876 55.93757672 22.29127876 55.42957672 0 P 0
L 22.03727876 55.93757672 22.54527876 55.68357672 0 P 0
L 22.03727876 56.22957512 22.29127876 56.73757512 0 P 0
L 22.03727876 56.22957512 22.54527876 56.48357512 0 P 0
L 22.03727876 56.59157592 22.29127876 56.08357592 0 P 0
L 22.03727876 56.59157592 22.54527876 56.33757592 0 P 0
L 22.03727876 57.24557512 22.29127876 56.73757512 0 P 0
L 22.03727876 57.24557512 22.54527876 56.99157512 0 P 0
L 22.03740576 8.89342138 22.29140576 9.40142138 0 P 0
L 22.03740576 8.89342138 22.54540576 9.14742138 0 P 0
L 22.03740576 9.54742058 22.29140576 10.05542058 0 P 0
L 22.03740576 9.54742058 22.54540576 9.80142058 0 P 0
L 22.03740576 9.90942138 22.29140576 9.40142138 0 P 0
L 22.03740576 9.90942138 22.54540576 9.65542138 0 P 0
L 22.03740576 10.20141978 22.29140576 10.70941978 0 P 0
L 22.03740576 10.20141978 22.54540576 10.45541978 0 P 0
L 22.03740576 10.56342058 22.29140576 10.05542058 0 P 0
L 22.03740576 10.56342058 22.54540576 10.30942058 0 P 0
L 22.03740576 10.85541898 22.29140576 11.36341898 0 P 0
L 22.03740576 10.85541898 22.54540576 11.10941898 0 P 0
L 22.03740576 11.21741978 22.29140576 10.70941978 0 P 0
L 22.03740576 11.21741978 22.54540576 10.96341978 0 P 0
L 22.03740576 11.50941818 22.29140576 12.01741818 0 P 0
L 22.03740576 11.50941818 22.54540576 11.76341818 0 P 0
L 22.03740576 11.87141898 22.29140576 11.36341898 0 P 0
L 22.03740576 11.87141898 22.54540576 11.61741898 0 P 0
L 22.03740576 12.52541818 22.29140576 12.01741818 0 P 0
L 22.03740576 12.52541818 22.54540576 12.27141818 0 P 0
L 22.03740576 17.3785149 22.29140576 17.8865149 0 P 0
L 22.03740576 17.3785149 22.54540576 17.6325149 0 P 0
L 22.03740576 18.0325141 22.29140576 18.5405141 0 P 0
L 22.03740576 18.0325141 22.54540576 18.2865141 0 P 0
L 22.03740576 18.3945149 22.29140576 17.8865149 0 P 0
L 22.03740576 18.3945149 22.54540576 18.1405149 0 P 0
L 22.03740576 18.6865133 22.29140576 19.1945133 0 P 0
L 22.03740576 18.6865133 22.54540576 18.9405133 0 P 0
L 22.03740576 19.0485141 22.29140576 18.5405141 0 P 0
L 22.03740576 19.0485141 22.54540576 18.7945141 0 P 0
L 22.03740576 19.3405125 22.29140576 19.8485125 0 P 0
L 22.03740576 19.3405125 22.54540576 19.5945125 0 P 0
L 22.03740576 19.7025133 22.29140576 19.1945133 0 P 0
L 22.03740576 19.7025133 22.54540576 19.4485133 0 P 0
L 22.03740576 19.9945117 22.29140576 20.5025117 0 P 0
L 22.03740576 19.9945117 22.54540576 20.2485117 0 P 0
L 22.03740576 20.3565125 22.29140576 19.8485125 0 P 0
L 22.03740576 20.3565125 22.54540576 20.1025125 0 P 0
L 22.03740576 20.6485109 22.29140576 21.1565109 0 P 0
L 22.03740576 20.6485109 22.54540576 20.9025109 0 P 0
L 22.03740576 21.0105117 22.29140576 20.5025117 0 P 0
L 22.03740576 21.0105117 22.54540576 20.7565117 0 P 0
L 22.03740576 21.6645109 22.29140576 21.1565109 0 P 0
L 22.03740576 21.6645109 22.54540576 21.4105109 0 P 0
L 22.03740576 62.5903117 22.29140576 63.0983117 0 P 0
L 22.03740576 62.5903117 22.54540576 62.8443117 0 P 0
L 22.03740576 63.2443109 22.29140576 63.7523109 0 P 0
L 22.03740576 63.2443109 22.54540576 63.4983109 0 P 0
L 22.03740576 63.6063117 22.29140576 63.0983117 0 P 0
L 22.03740576 63.6063117 22.54540576 63.3523117 0 P 0
L 22.03740576 63.8983101 22.29140576 64.4063101 0 P 0
L 22.03740576 63.8983101 22.54540576 64.1523101 0 P 0
L 22.03740576 64.2603109 22.29140576 63.7523109 0 P 0
L 22.03740576 64.2603109 22.54540576 64.0063109 0 P 0
L 22.03740576 64.5523093 22.29140576 65.0603093 0 P 0
L 22.03740576 64.5523093 22.54540576 64.8063093 0 P 0
L 22.03740576 64.9143101 22.29140576 64.4063101 0 P 0
L 22.03740576 64.9143101 22.54540576 64.6603101 0 P 0
L 22.03740576 65.2063085 22.29140576 65.7143085 0 P 0
L 22.03740576 65.2063085 22.54540576 65.4603085 0 P 0
L 22.03740576 65.5683093 22.29140576 65.0603093 0 P 0
L 22.03740576 65.5683093 22.54540576 65.3143093 0 P 0
L 22.03740576 66.2223085 22.29140576 65.7143085 0 P 0
L 22.03740576 66.2223085 22.54540576 65.9683085 0 P 0
L 22.0418152 56.88355908 22.2958152 57.39155908 0 P 0
L 22.0418152 56.88355908 22.5498152 57.13755908 0 P 0
L 22.0418152 57.89955908 22.2958152 57.39155908 0 P 0
L 22.0418152 57.89955908 22.5498152 57.64555908 0 P 0
L 22.05574202 42.56676018 22.30974202 42.05876018 0 P 0
L 22.05574202 42.56676018 22.30974202 43.07476018 0 P 0
L 22.06562516 61.9369221 22.31962516 62.4449221 0 P 0
L 22.06562516 61.9369221 22.57362516 62.1909221 0 P 0
L 22.06562516 62.9529221 22.31962516 62.4449221 0 P 0
L 22.06562516 62.9529221 22.57362516 62.6989221 0 P 0
L 22.06999142 12.16260712 22.32399142 12.67060712 0 P 0
L 22.06999142 12.16260712 22.57799142 12.41660712 0 P 0
L 22.06999142 13.17860712 22.32399142 12.67060712 0 P 0
L 22.06999142 13.17860712 22.57799142 12.92460712 0 P 0
L 22.07049688 45.32064596 22.57849688 45.06664596 0 P 0
L 22.07049688 45.82864596 22.57849688 46.08264596 0 P 0
L 22.08978056 58.772806 22.59778056 58.518806 0 P 0
L 22.08978056 59.280806 22.59778056 59.534806 0 P 0
L 22.09714656 23.28561256 22.35114656 23.79361256 0 P 0
L 22.09714656 23.28561256 22.60514656 23.53961256 0 P 0
L 22.09714656 24.30161256 22.35114656 23.79361256 0 P 0
L 22.09714656 24.30161256 22.60514656 24.04761256 0 P 0
L 22.10700938 61.44674274 22.36100938 60.93874274 0 P 0
L 22.10700938 61.44674274 22.36100938 61.95474274 0 P 0
L 22.10759612 31.88655802 22.61559612 31.63255802 0 P 0
L 22.10759612 32.39455802 22.61559612 32.64855802 0 P 0
L 22.117685 16.72946108 22.371685 17.23746108 0 P 0
L 22.117685 16.72946108 22.625685 16.98346108 0 P 0
L 22.117685 17.74546108 22.371685 17.23746108 0 P 0
L 22.117685 17.74546108 22.625685 17.49146108 0 P 0
L 22.1196027 50.8961644 22.6276027 50.6421644 0 P 0
L 22.1196027 51.4041644 22.6276027 51.6581644 0 P 0
L 22.12170074 16.41778276 22.37570074 15.90978276 0 P 0
L 22.12170074 16.41778276 22.37570074 16.92578276 0 P 0
L 22.14083202 74.49081622 22.39483202 73.98281622 0 P 0
L 22.14083202 74.49081622 22.39483202 74.99881622 0 P 0
L 22.14230268 41.75442754 22.65030268 41.50042754 0 P 0
L 22.14230268 42.26242754 22.65030268 42.51642754 0 P 0
L 22.14401972 44.2368178 22.65201972 43.9828178 0 P 0
L 22.14401972 44.7448178 22.65201972 44.9988178 0 P 0
L 22.16323736 59.92732744 22.41723736 60.43532744 0 P 0
L 22.16323736 59.92732744 22.67123736 60.18132744 0 P 0
L 22.16323736 60.94332744 22.41723736 60.43532744 0 P 0
L 22.16323736 60.94332744 22.67123736 60.68932744 0 P 0
L 22.1738952 8.25382398 22.4278952 8.76182398 0 P 0
L 22.1738952 8.25382398 22.6818952 8.50782398 0 P 0
L 22.1738952 9.26982398 22.4278952 8.76182398 0 P 0
L 22.1738952 9.26982398 22.6818952 9.01582398 0 P 0
L 22.17749692 57.5233292 22.43149692 58.0313292 0 P 0
L 22.17749692 57.5233292 22.68549692 57.7773292 0 P 0
L 22.17749692 58.5393292 22.43149692 58.0313292 0 P 0
L 22.17749692 58.5393292 22.68549692 58.2853292 0 P 0
L 22.18430158 14.90361002 22.43830158 15.41161002 0 P 0
L 22.18430158 14.90361002 22.69230158 15.15761002 0 P 0
L 22.18430158 15.91961002 22.43830158 15.41161002 0 P 0
L 22.18430158 15.91961002 22.69230158 15.66561002 0 P 0
L 22.20939424 60.64437706 22.71739424 60.39037706 0 P 0
L 22.20939424 61.15237706 22.71739424 61.40637706 0 P 0
L 22.21649608 45.06664596 22.47049608 45.57464596 0 P 0
L 22.21649608 45.06664596 22.72449608 45.32064596 0 P 0
L 22.21649608 46.08264596 22.47049608 45.57464596 0 P 0
L 22.21649608 46.08264596 22.72449608 45.82864596 0 P 0
L 22.21667134 23.91585006 22.47067134 23.40785006 0 P 0
L 22.21667134 23.91585006 22.47067134 24.42385006 0 P 0
L 22.22567818 13.8281537 22.47967818 13.3201537 0 P 0
L 22.22567818 13.8281537 22.47967818 14.3361537 0 P 0
L 22.22739268 15.61758116 22.73539268 15.36358116 0 P 0
L 22.22739268 16.12558116 22.73539268 16.37958116 0 P 0
L 22.22949834 31.4566681 22.48349834 31.9646681 0 P 0
L 22.22949834 31.4566681 22.73749834 31.7106681 0 P 0
L 22.22949834 32.4726681 22.48349834 31.9646681 0 P 0
L 22.22949834 32.4726681 22.73749834 32.2186681 0 P 0
L 22.23169798 65.8307802 22.48569798 66.3387802 0 P 0
L 22.23169798 65.8307802 22.73969798 66.0847802 0 P 0
L 22.23169798 66.8467802 22.48569798 66.3387802 0 P 0
L 22.23169798 66.8467802 22.73969798 66.5927802 0 P 0
L 22.23696594 50.83356864 22.49096594 51.34156864 0 P 0
L 22.23696594 50.83356864 22.74496594 51.08756864 0 P 0
L 22.23696594 51.84956864 22.49096594 51.34156864 0 P 0
L 22.23696594 51.84956864 22.74496594 51.59556864 0 P 0
L 22.24348866 32.55459326 22.49748866 33.06259326 0 P 0
L 22.24348866 32.55459326 22.75148866 32.80859326 0 P 0
L 22.24348866 33.57059326 22.49748866 33.06259326 0 P 0
L 22.24348866 33.57059326 22.75148866 33.31659326 0 P 0
L 22.25792348 33.91707466 22.76592348 33.66307466 0 P 0
L 22.25792348 34.42507466 22.76592348 34.67907466 0 P 0
L 22.25792348 34.57107386 22.76592348 34.31707386 0 P 0
L 22.25792348 35.07907386 22.76592348 35.33307386 0 P 0
L 22.25792348 35.22507306 22.76592348 34.97107306 0 P 0
L 22.25792348 35.73307306 22.76592348 35.98707306 0 P 0
L 22.25792348 35.87907226 22.76592348 35.62507226 0 P 0
L 22.25792348 36.38707226 22.76592348 36.64107226 0 P 0
L 22.25792348 36.53307146 22.76592348 36.27907146 0 P 0
L 22.25792348 37.04107146 22.76592348 37.29507146 0 P 0
L 22.25792348 37.18707066 22.76592348 36.93307066 0 P 0
L 22.25792348 37.69507066 22.76592348 37.94907066 0 P 0
L 22.25792348 37.84106986 22.76592348 37.58706986 0 P 0
L 22.25792348 38.34906986 22.76592348 38.60306986 0 P 0
L 22.25792348 38.49506906 22.76592348 38.24106906 0 P 0
L 22.25792348 39.00306906 22.76592348 39.25706906 0 P 0
L 22.25792348 39.14906826 22.76592348 38.89506826 0 P 0
L 22.25792348 39.65706826 22.76592348 39.91106826 0 P 0
L 22.25792348 39.80306746 22.76592348 39.54906746 0 P 0
L 22.25792348 40.31106746 22.76592348 40.56506746 0 P 0
L 22.25792348 40.45706666 22.76592348 40.20306666 0 P 0
L 22.25792348 40.96506666 22.76592348 41.21906666 0 P 0
L 22.25975482 41.11106078 22.76775482 40.85706078 0 P 0
L 22.25975482 41.61906078 22.76775482 41.87306078 0 P 0
L 22.28162422 33.26350472 22.78962422 33.00950472 0 P 0
L 22.28162422 33.77150472 22.78962422 34.02550472 0 P 0
L 22.28667374 61.32141152 22.54067374 61.82941152 0 P 0
L 22.28667374 61.32141152 22.79467374 61.57541152 0 P 0
L 22.28667374 62.33741152 22.54067374 61.82941152 0 P 0
L 22.28667374 62.33741152 22.79467374 62.08341152 0 P 0
L 22.29001892 43.9828178 22.54401892 44.4908178 0 P 0
L 22.29001892 43.9828178 22.79801892 44.2368178 0 P 0
L 22.29001892 44.9988178 22.54401892 44.4908178 0 P 0
L 22.29001892 44.9988178 22.79801892 44.7448178 0 P 0
L 22.30715122 12.77209028 22.56115122 13.28009028 0 P 0
L 22.30715122 12.77209028 22.81515122 13.02609028 0 P 0
L 22.30715122 13.78809028 22.56115122 13.28009028 0 P 0
L 22.30715122 13.78809028 22.81515122 13.53409028 0 P 0
L 22.32295256 75.32064438 22.83095256 75.06664438 0 P 0
L 22.32295256 75.82864438 22.83095256 76.08264438 0 P 0
L 22.32449688 45.57464596 22.57849688 45.06664596 0 P 0
L 22.32449688 45.57464596 22.57849688 46.08264596 0 P 0
L 22.34378056 59.026806 22.59778056 58.518806 0 P 0
L 22.34378056 59.026806 22.59778056 59.534806 0 P 0
L 22.35036678 14.27104588 22.60436678 14.77904588 0 P 0
L 22.35036678 14.27104588 22.85836678 14.52504588 0 P 0
L 22.35036678 15.28704588 22.60436678 14.77904588 0 P 0
L 22.35036678 15.28704588 22.85836678 15.03304588 0 P 0
L 22.35043028 68.63105908 22.85843028 68.37705908 0 P 0
L 22.35043028 69.13905908 22.85843028 69.39305908 0 P 0
L 22.36159612 32.14055802 22.61559612 31.63255802 0 P 0
L 22.36159612 32.14055802 22.61559612 32.64855802 0 P 0
L 22.36273658 14.09835636 22.87073658 13.84435636 0 P 0
L 22.36273658 14.60635636 22.87073658 14.86035636 0 P 0
L 22.3736027 51.1501644 22.6276027 50.6421644 0 P 0
L 22.3736027 51.1501644 22.6276027 51.6581644 0 P 0
L 22.38849472 16.13416636 22.64249472 16.64216636 0 P 0
L 22.38849472 16.13416636 22.89649472 16.38816636 0 P 0
L 22.38849472 17.15016636 22.64249472 16.64216636 0 P 0
L 22.38849472 17.15016636 22.89649472 16.89616636 0 P 0
L 22.39630268 42.00842754 22.65030268 41.50042754 0 P 0
L 22.39630268 42.00842754 22.65030268 42.51642754 0 P 0
L 22.39801972 44.4908178 22.65201972 43.9828178 0 P 0
L 22.39801972 44.4908178 22.65201972 44.9988178 0 P 0
L 22.41537554 5.94596982 22.92337554 5.69196982 0 P 0
L 22.41537554 6.45396982 22.92337554 6.70796982 0 P 0
L 22.42062826 53.083714 22.67462826 53.591714 0 P 0
L 22.42062826 53.083714 22.92862826 53.337714 0 P 0
L 22.42062826 54.099714 22.67462826 53.591714 0 P 0
L 22.42062826 54.099714 22.92862826 53.845714 0 P 0
L 22.42517232 68.08019658 22.67917232 68.58819658 0 P 0
L 22.42517232 68.08019658 22.93317232 68.33419658 0 P 0
L 22.42517232 69.09619658 22.67917232 68.58819658 0 P 0
L 22.42517232 69.09619658 22.93317232 68.84219658 0 P 0
L 22.46339424 60.89837706 22.71739424 60.39037706 0 P 0
L 22.46339424 60.89837706 22.71739424 61.40637706 0 P 0
L 22.46895176 75.06664438 22.72295176 75.57464438 0 P 0
L 22.46895176 75.06664438 22.97695176 75.32064438 0 P 0
L 22.46895176 76.08264438 22.72295176 75.57464438 0 P 0
L 22.46895176 76.08264438 22.97695176 75.82864438 0 P 0
L 22.47844374 6.0107068 22.73244374 6.5187068 0 P 0
L 22.47844374 6.0107068 22.98644374 6.2647068 0 P 0
L 22.47844374 7.0267068 22.73244374 6.5187068 0 P 0
L 22.47844374 7.0267068 22.98644374 6.7727068 0 P 0
L 22.48139268 15.87158116 22.73539268 15.36358116 0 P 0
L 22.48139268 15.87158116 22.73539268 16.37958116 0 P 0
L 22.51192348 34.17107466 22.76592348 33.66307466 0 P 0
L 22.51192348 34.17107466 22.76592348 34.67907466 0 P 0
L 22.51192348 34.82507386 22.76592348 34.31707386 0 P 0
L 22.51192348 34.82507386 22.76592348 35.33307386 0 P 0
L 22.51192348 35.47907306 22.76592348 34.97107306 0 P 0
L 22.51192348 35.47907306 22.76592348 35.98707306 0 P 0
L 22.51192348 36.13307226 22.76592348 35.62507226 0 P 0
L 22.51192348 36.13307226 22.76592348 36.64107226 0 P 0
L 22.51192348 36.78707146 22.76592348 36.27907146 0 P 0
L 22.51192348 36.78707146 22.76592348 37.29507146 0 P 0
L 22.51192348 37.44107066 22.76592348 36.93307066 0 P 0
L 22.51192348 37.44107066 22.76592348 37.94907066 0 P 0
L 22.51192348 38.09506986 22.76592348 37.58706986 0 P 0
L 22.51192348 38.09506986 22.76592348 38.60306986 0 P 0
L 22.51192348 38.74906906 22.76592348 38.24106906 0 P 0
L 22.51192348 38.74906906 22.76592348 39.25706906 0 P 0
L 22.51192348 39.40306826 22.76592348 38.89506826 0 P 0
L 22.51192348 39.40306826 22.76592348 39.91106826 0 P 0
L 22.51192348 40.05706746 22.76592348 39.54906746 0 P 0
L 22.51192348 40.05706746 22.76592348 40.56506746 0 P 0
L 22.51192348 40.71106666 22.76592348 40.20306666 0 P 0
L 22.51192348 40.71106666 22.76592348 41.21906666 0 P 0
L 22.51375482 41.36506078 22.76775482 40.85706078 0 P 0
L 22.51375482 41.36506078 22.76775482 41.87306078 0 P 0
L 22.51948252 58.08078808 22.77348252 58.58878808 0 P 0
L 22.51948252 58.08078808 23.02748252 58.33478808 0 P 0
L 22.51948252 59.09678808 22.77348252 58.58878808 0 P 0
L 22.51948252 59.09678808 23.02748252 58.84278808 0 P 0
L 22.52394784 59.26190078 23.03194784 59.00790078 0 P 0
L 22.52394784 59.76990078 23.03194784 60.02390078 0 P 0
L 22.53562422 33.51750472 22.78962422 33.00950472 0 P 0
L 22.53562422 33.51750472 22.78962422 34.02550472 0 P 0
L 22.53711266 21.07042014 22.79111266 21.57842014 0 P 0
L 22.53711266 21.07042014 23.04511266 21.32442014 0 P 0
L 22.53711266 22.08642014 22.79111266 21.57842014 0 P 0
L 22.53711266 22.08642014 23.04511266 21.83242014 0 P 0
L 22.54083122 74.23681622 23.04883122 73.98281622 0 P 0
L 22.54083122 74.74481622 23.04883122 74.99881622 0 P 0
L 22.5431096 59.39496122 22.7971096 59.90296122 0 P 0
L 22.5431096 59.39496122 23.0511096 59.64896122 0 P 0
L 22.5431096 60.41096122 22.7971096 59.90296122 0 P 0
L 22.5431096 60.41096122 23.0511096 60.15696122 0 P 0
L 22.54527876 53.86757832 23.05327876 53.61357832 0 P 0
L 22.54527876 54.37557832 23.05327876 54.62957832 0 P 0
L 22.54527876 54.52157752 23.05327876 54.26757752 0 P 0
L 22.54527876 55.02957752 23.05327876 55.28357752 0 P 0
L 22.54527876 55.17557672 23.05327876 54.92157672 0 P 0
L 22.54527876 55.68357672 23.05327876 55.93757672 0 P 0
L 22.54527876 55.82957592 23.05327876 55.57557592 0 P 0
L 22.54527876 56.33757592 23.05327876 56.59157592 0 P 0
L 22.54527876 56.48357512 23.05327876 56.22957512 0 P 0
L 22.54527876 56.99157512 23.05327876 57.24557512 0 P 0
L 22.54540576 9.14742138 23.05340576 8.89342138 0 P 0
L 22.54540576 9.65542138 23.05340576 9.90942138 0 P 0
L 22.54540576 9.80142058 23.05340576 9.54742058 0 P 0
L 22.54540576 10.30942058 23.05340576 10.56342058 0 P 0
L 22.54540576 10.45541978 23.05340576 10.20141978 0 P 0
L 22.54540576 10.96341978 23.05340576 11.21741978 0 P 0
L 22.54540576 11.10941898 23.05340576 10.85541898 0 P 0
L 22.54540576 11.61741898 23.05340576 11.87141898 0 P 0
L 22.54540576 11.76341818 23.05340576 11.50941818 0 P 0
L 22.54540576 12.27141818 23.05340576 12.52541818 0 P 0
L 22.54540576 17.6325149 23.05340576 17.3785149 0 P 0
L 22.54540576 18.1405149 23.05340576 18.3945149 0 P 0
L 22.54540576 18.2865141 23.05340576 18.0325141 0 P 0
L 22.54540576 18.7945141 23.05340576 19.0485141 0 P 0
L 22.54540576 18.9405133 23.05340576 18.6865133 0 P 0
L 22.54540576 19.4485133 23.05340576 19.7025133 0 P 0
L 22.54540576 19.5945125 23.05340576 19.3405125 0 P 0
L 22.54540576 20.1025125 23.05340576 20.3565125 0 P 0
L 22.54540576 20.2485117 23.05340576 19.9945117 0 P 0
L 22.54540576 20.7565117 23.05340576 21.0105117 0 P 0
L 22.54540576 20.9025109 23.05340576 20.6485109 0 P 0
L 22.54540576 21.4105109 23.05340576 21.6645109 0 P 0
L 22.54540576 62.8443117 23.05340576 62.5903117 0 P 0
L 22.54540576 63.3523117 23.05340576 63.6063117 0 P 0
L 22.54540576 63.4983109 23.05340576 63.2443109 0 P 0
L 22.54540576 64.0063109 23.05340576 64.2603109 0 P 0
L 22.54540576 64.1523101 23.05340576 63.8983101 0 P 0
L 22.54540576 64.6603101 23.05340576 64.9143101 0 P 0
L 22.54540576 64.8063093 23.05340576 64.5523093 0 P 0
L 22.54540576 65.3143093 23.05340576 65.5683093 0 P 0
L 22.54540576 65.4603085 23.05340576 65.2063085 0 P 0
L 22.54540576 65.9683085 23.05340576 66.2223085 0 P 0
L 22.5474784 52.02486166 22.5474784 53.04086166 0 P 0
L 22.5476054 7.02473576 22.5476054 8.04073576 0 P 0
L 22.5476054 22.0247337 22.5476054 23.0407337 0 P 0
L 22.5476054 67.02473514 22.5476054 68.04073514 0 P 0
L 22.5498152 57.13755908 23.0578152 56.88355908 0 P 0
L 22.5498152 57.64555908 23.0578152 57.89955908 0 P 0
L 22.57362516 62.1909221 23.08162516 61.9369221 0 P 0
L 22.57362516 62.6989221 23.08162516 62.9529221 0 P 0
L 22.57695256 75.57464438 22.83095256 75.06664438 0 P 0
L 22.57695256 75.57464438 22.83095256 76.08264438 0 P 0
L 22.57799142 12.41660712 23.08599142 12.16260712 0 P 0
L 22.57799142 12.92460712 23.08599142 13.17860712 0 P 0
L 22.60443028 68.88505908 22.85843028 68.37705908 0 P 0
L 22.60443028 68.88505908 22.85843028 69.39305908 0 P 0
L 22.60514656 23.53961256 23.11314656 23.28561256 0 P 0
L 22.60514656 24.04761256 23.11314656 24.30161256 0 P 0
L 22.61334822 22.88405126 22.86734822 23.39205126 0 P 0
L 22.61334822 22.88405126 23.12134822 23.13805126 0 P 0
L 22.61334822 23.90005126 22.86734822 23.39205126 0 P 0
L 22.61334822 23.90005126 23.12134822 23.64605126 0 P 0
L 22.61673658 14.35235636 22.87073658 13.84435636 0 P 0
L 22.61673658 14.35235636 22.87073658 14.86035636 0 P 0
L 22.625685 16.98346108 23.133685 16.72946108 0 P 0
L 22.625685 17.49146108 23.133685 17.74546108 0 P 0
L 22.66286552 7.81951954 22.91686552 8.32751954 0 P 0
L 22.66286552 7.81951954 23.17086552 8.07351954 0 P 0
L 22.66286552 8.83551954 22.91686552 8.32751954 0 P 0
L 22.66286552 8.83551954 23.17086552 8.58151954 0 P 0
L 22.66937554 6.19996982 22.92337554 5.69196982 0 P 0
L 22.66937554 6.19996982 22.92337554 6.70796982 0 P 0
L 22.67123736 60.18132744 23.17923736 59.92732744 0 P 0
L 22.67123736 60.68932744 23.17923736 60.94332744 0 P 0
L 22.6818952 8.50782398 23.1898952 8.25382398 0 P 0
L 22.6818952 9.01582398 23.1898952 9.26982398 0 P 0
L 22.68396022 60.80191294 22.93796022 61.30991294 0 P 0
L 22.68396022 60.80191294 23.19196022 61.05591294 0 P 0
L 22.68396022 61.81791294 22.93796022 61.30991294 0 P 0
L 22.68396022 61.81791294 23.19196022 61.56391294 0 P 0
L 22.68549692 57.7773292 23.19349692 57.5233292 0 P 0
L 22.68549692 58.2853292 23.19349692 58.5393292 0 P 0
L 22.68683042 73.98281622 22.94083042 74.49081622 0 P 0
L 22.68683042 73.98281622 23.19483042 74.23681622 0 P 0
L 22.68683042 74.99881622 22.94083042 74.49081622 0 P 0
L 22.68683042 74.99881622 23.19483042 74.74481622 0 P 0
L 22.69230158 15.15761002 23.20030158 14.90361002 0 P 0
L 22.69230158 15.66561002 23.20030158 15.91961002 0 P 0
L 22.70383064 66.28333454 22.95783064 66.79133454 0 P 0
L 22.70383064 66.28333454 23.21183064 66.53733454 0 P 0
L 22.70383064 67.29933454 22.95783064 66.79133454 0 P 0
L 22.70383064 67.29933454 23.21183064 67.04533454 0 P 0
L 22.7072317 51.288061 22.9612317 51.796061 0 P 0
L 22.7072317 51.288061 23.2152317 51.542061 0 P 0
L 22.7072317 52.304061 22.9612317 51.796061 0 P 0
L 22.7072317 52.304061 23.2152317 52.050061 0 P 0
L 22.7178235 13.28107072 22.9718235 13.78907072 0 P 0
L 22.7178235 13.28107072 23.2258235 13.53507072 0 P 0
L 22.7178235 14.29707072 22.9718235 13.78907072 0 P 0
L 22.7178235 14.29707072 23.2258235 14.04307072 0 P 0
L 22.72449608 45.32064596 23.23249608 45.06664596 0 P 0
L 22.72449608 45.82864596 23.23249608 46.08264596 0 P 0
L 22.73749834 31.7106681 23.24549834 31.4566681 0 P 0
L 22.73749834 32.2186681 23.24549834 32.4726681 0 P 0
L 22.73969798 66.0847802 23.24769798 65.8307802 0 P 0
L 22.73969798 66.5927802 23.24769798 66.8467802 0 P 0
L 22.74496594 51.08756864 23.25296594 50.83356864 0 P 0
L 22.74496594 51.59556864 23.25296594 51.84956864 0 P 0
L 22.75148866 32.80859326 23.25948866 32.55459326 0 P 0
L 22.75148866 33.31659326 23.25948866 33.57059326 0 P 0
L 22.77794784 59.51590078 23.03194784 59.00790078 0 P 0
L 22.77794784 59.51590078 23.03194784 60.02390078 0 P 0
L 22.79467374 61.57541152 23.30267374 61.32141152 0 P 0
L 22.79467374 62.08341152 23.30267374 62.33741152 0 P 0
L 22.79483122 74.49081622 23.04883122 73.98281622 0 P 0
L 22.79483122 74.49081622 23.04883122 74.99881622 0 P 0
L 22.79801892 44.2368178 23.30601892 43.9828178 0 P 0
L 22.79801892 44.7448178 23.30601892 44.9988178 0 P 0
L 22.79927876 54.12157832 23.05327876 53.61357832 0 P 0
L 22.79927876 54.12157832 23.05327876 54.62957832 0 P 0
L 22.79927876 54.77557752 23.05327876 54.26757752 0 P 0
L 22.79927876 54.77557752 23.05327876 55.28357752 0 P 0
L 22.79927876 55.42957672 23.05327876 54.92157672 0 P 0
L 22.79927876 55.42957672 23.05327876 55.93757672 0 P 0
L 22.79927876 56.08357592 23.05327876 55.57557592 0 P 0
L 22.79927876 56.08357592 23.05327876 56.59157592 0 P 0
L 22.79927876 56.73757512 23.05327876 56.22957512 0 P 0
L 22.79927876 56.73757512 23.05327876 57.24557512 0 P 0
L 22.79940576 9.40142138 23.05340576 8.89342138 0 P 0
L 22.79940576 9.40142138 23.05340576 9.90942138 0 P 0
L 22.79940576 10.05542058 23.05340576 9.54742058 0 P 0
L 22.79940576 10.05542058 23.05340576 10.56342058 0 P 0
L 22.79940576 10.70941978 23.05340576 10.20141978 0 P 0
L 22.79940576 10.70941978 23.05340576 11.21741978 0 P 0
L 22.79940576 11.36341898 23.05340576 10.85541898 0 P 0
L 22.79940576 11.36341898 23.05340576 11.87141898 0 P 0
L 22.79940576 12.01741818 23.05340576 11.50941818 0 P 0
L 22.79940576 12.01741818 23.05340576 12.52541818 0 P 0
L 22.79940576 17.8865149 23.05340576 17.3785149 0 P 0
L 22.79940576 17.8865149 23.05340576 18.3945149 0 P 0
L 22.79940576 18.5405141 23.05340576 18.0325141 0 P 0
L 22.79940576 18.5405141 23.05340576 19.0485141 0 P 0
L 22.79940576 19.1945133 23.05340576 18.6865133 0 P 0
L 22.79940576 19.1945133 23.05340576 19.7025133 0 P 0
L 22.79940576 19.8485125 23.05340576 19.3405125 0 P 0
L 22.79940576 19.8485125 23.05340576 20.3565125 0 P 0
L 22.79940576 20.5025117 23.05340576 19.9945117 0 P 0
L 22.79940576 20.5025117 23.05340576 21.0105117 0 P 0
L 22.79940576 21.1565109 23.05340576 20.6485109 0 P 0
L 22.79940576 21.1565109 23.05340576 21.6645109 0 P 0
L 22.79940576 63.0983117 23.05340576 62.5903117 0 P 0
L 22.79940576 63.0983117 23.05340576 63.6063117 0 P 0
L 22.79940576 63.7523109 23.05340576 63.2443109 0 P 0
L 22.79940576 63.7523109 23.05340576 64.2603109 0 P 0
L 22.79940576 64.4063101 23.05340576 63.8983101 0 P 0
L 22.79940576 64.4063101 23.05340576 64.9143101 0 P 0
L 22.79940576 65.0603093 23.05340576 64.5523093 0 P 0
L 22.79940576 65.0603093 23.05340576 65.5683093 0 P 0
L 22.79940576 65.7143085 23.05340576 65.2063085 0 P 0
L 22.79940576 65.7143085 23.05340576 66.2223085 0 P 0
L 22.8038152 57.39155908 23.0578152 56.88355908 0 P 0
L 22.8038152 57.39155908 23.0578152 57.89955908 0 P 0
L 22.80668286 52.55581564 23.06068286 53.06381564 0 P 0
L 22.80668286 52.55581564 23.31468286 52.80981564 0 P 0
L 22.80668286 53.57181564 23.06068286 53.06381564 0 P 0
L 22.80668286 53.57181564 23.31468286 53.31781564 0 P 0
L 22.80891044 67.5506142 23.06291044 68.0586142 0 P 0
L 22.80891044 67.5506142 23.31691044 67.8046142 0 P 0
L 22.80891044 68.5666142 23.06291044 68.0586142 0 P 0
L 22.80891044 68.5666142 23.31691044 68.3126142 0 P 0
L 22.81515122 13.02609028 23.32315122 12.77209028 0 P 0
L 22.81515122 13.53409028 23.32315122 13.78809028 0 P 0
L 22.82762516 62.4449221 23.08162516 61.9369221 0 P 0
L 22.82762516 62.4449221 23.08162516 62.9529221 0 P 0
L 22.83199142 12.67060712 23.08599142 12.16260712 0 P 0
L 22.83199142 12.67060712 23.08599142 13.17860712 0 P 0
L 22.83406152 6.55957032 23.08806152 7.06757032 0 P 0
L 22.83406152 6.55957032 23.34206152 6.81357032 0 P 0
L 22.83406152 7.57557032 23.08806152 7.06757032 0 P 0
L 22.83406152 7.57557032 23.34206152 7.32157032 0 P 0
L 22.84398276 15.66486326 23.09798276 16.17286326 0 P 0
L 22.84398276 15.66486326 23.35198276 15.91886326 0 P 0
L 22.84398276 16.68086326 23.09798276 16.17286326 0 P 0
L 22.84398276 16.68086326 23.35198276 16.42686326 0 P 0
L 22.85770638 32.779208 23.11170638 33.287208 0 P 0
L 22.85770638 32.779208 23.36570638 33.033208 0 P 0
L 22.85770638 33.795208 23.11170638 33.287208 0 P 0
L 22.85770638 33.795208 23.36570638 33.541208 0 P 0
L 22.85836678 14.52504588 23.36636678 14.27104588 0 P 0
L 22.85836678 15.03304588 23.36636678 15.28704588 0 P 0
L 22.85914656 23.79361256 23.11314656 23.28561256 0 P 0
L 22.85914656 23.79361256 23.11314656 24.30161256 0 P 0
L 22.8621717 21.63791456 23.1161717 22.14591456 0 P 0
L 22.8621717 21.63791456 23.3701717 21.89191456 0 P 0
L 22.8621717 22.65391456 23.1161717 22.14591456 0 P 0
L 22.8621717 22.65391456 23.3701717 22.39991456 0 P 0
L 22.87049528 45.06664596 23.12449528 45.57464596 0 P 0
L 22.87049528 45.06664596 23.37849528 45.32064596 0 P 0
L 22.87049528 46.08264596 23.12449528 45.57464596 0 P 0
L 22.87049528 46.08264596 23.37849528 45.82864596 0 P 0
L 22.879685 17.23746108 23.133685 16.72946108 0 P 0
L 22.879685 17.23746108 23.133685 17.74546108 0 P 0
L 22.88023618 31.52188768 23.13423618 32.02988768 0 P 0
L 22.88023618 31.52188768 23.38823618 31.77588768 0 P 0
L 22.88023618 32.53788768 23.13423618 32.02988768 0 P 0
L 22.88023618 32.53788768 23.38823618 32.28388768 0 P 0
L 22.88975102 22.2913321 23.14375102 22.7993321 0 P 0
L 22.88975102 22.2913321 23.39775102 22.5453321 0 P 0
L 22.88975102 23.3073321 23.14375102 22.7993321 0 P 0
L 22.88975102 23.3073321 23.39775102 23.0533321 0 P 0
L 22.89649472 16.38816636 23.40449472 16.13416636 0 P 0
L 22.89649472 16.89616636 23.40449472 17.15016636 0 P 0
L 22.90043426 7.21019386 23.15443426 7.71819386 0 P 0
L 22.90043426 7.21019386 23.40843426 7.46419386 0 P 0
L 22.90043426 8.22619386 23.15443426 7.71819386 0 P 0
L 22.90043426 8.22619386 23.40843426 7.97219386 0 P 0
L 22.9089966 66.90431882 23.1629966 67.41231882 0 P 0
L 22.9089966 66.90431882 23.4169966 67.15831882 0 P 0
L 22.9089966 67.92031882 23.1629966 67.41231882 0 P 0
L 22.9089966 67.92031882 23.4169966 67.66631882 0 P 0
L 22.90959604 51.90996476 23.16359604 52.41796476 0 P 0
L 22.90959604 51.90996476 23.41759604 52.16396476 0 P 0
L 22.90959604 52.92596476 23.16359604 52.41796476 0 P 0
L 22.90959604 52.92596476 23.41759604 52.67196476 0 P 0
L 22.92523736 60.43532744 23.17923736 59.92732744 0 P 0
L 22.92523736 60.43532744 23.17923736 60.94332744 0 P 0
L 22.92862826 53.337714 23.43662826 53.083714 0 P 0
L 22.92862826 53.845714 23.43662826 54.099714 0 P 0
L 22.93317232 68.33419658 23.44117232 68.08019658 0 P 0
L 22.93317232 68.84219658 23.44117232 69.09619658 0 P 0
L 22.9358952 8.76182398 23.1898952 8.25382398 0 P 0
L 22.9358952 8.76182398 23.1898952 9.26982398 0 P 0
L 22.93949692 58.0313292 23.19349692 57.5233292 0 P 0
L 22.93949692 58.0313292 23.19349692 58.5393292 0 P 0
L 22.94401812 43.9828178 23.19801812 44.4908178 0 P 0
L 22.94401812 43.9828178 23.45201812 44.2368178 0 P 0
L 22.94401812 44.9988178 23.19801812 44.4908178 0 P 0
L 22.94401812 44.9988178 23.45201812 44.7448178 0 P 0
L 22.94630158 15.41161002 23.20030158 14.90361002 0 P 0
L 22.94630158 15.41161002 23.20030158 15.91961002 0 P 0
L 22.97695176 75.32064438 23.48495176 75.06664438 0 P 0
L 22.97695176 75.82864438 23.48495176 76.08264438 0 P 0
L 22.97849608 45.57464596 23.23249608 45.06664596 0 P 0
L 22.97849608 45.57464596 23.23249608 46.08264596 0 P 0
L 22.98644374 6.2647068 23.49444374 6.0107068 0 P 0
L 22.98644374 6.7727068 23.49444374 7.0267068 0 P 0
L 22.99149834 31.9646681 23.24549834 31.4566681 0 P 0
L 22.99149834 31.9646681 23.24549834 32.4726681 0 P 0
L 22.99369798 66.3387802 23.24769798 65.8307802 0 P 0
L 22.99369798 66.3387802 23.24769798 66.8467802 0 P 0
L 22.99709396 33.41818056 23.25109396 33.92618056 0 P 0
L 22.99709396 33.41818056 23.50509396 33.67218056 0 P 0
L 22.99709396 34.07217976 23.25109396 34.58017976 0 P 0
L 22.99709396 34.07217976 23.50509396 34.32617976 0 P 0
L 22.99709396 34.43418056 23.25109396 33.92618056 0 P 0
L 22.99709396 34.43418056 23.50509396 34.18018056 0 P 0
L 22.99709396 34.72617896 23.25109396 35.23417896 0 P 0
L 22.99709396 34.72617896 23.50509396 34.98017896 0 P 0
L 22.99709396 35.08817976 23.25109396 34.58017976 0 P 0
L 22.99709396 35.08817976 23.50509396 34.83417976 0 P 0
L 22.99709396 35.38017816 23.25109396 35.88817816 0 P 0
L 22.99709396 35.38017816 23.50509396 35.63417816 0 P 0
L 22.99709396 35.74217896 23.25109396 35.23417896 0 P 0
L 22.99709396 35.74217896 23.50509396 35.48817896 0 P 0
L 22.99709396 36.03417736 23.25109396 36.54217736 0 P 0
L 22.99709396 36.03417736 23.50509396 36.28817736 0 P 0
L 22.99709396 36.39617816 23.25109396 35.88817816 0 P 0
L 22.99709396 36.39617816 23.50509396 36.14217816 0 P 0
L 22.99709396 36.68817656 23.25109396 37.19617656 0 P 0
L 22.99709396 36.68817656 23.50509396 36.94217656 0 P 0
L 22.99709396 37.05017736 23.25109396 36.54217736 0 P 0
L 22.99709396 37.05017736 23.50509396 36.79617736 0 P 0
L 22.99709396 37.34217576 23.25109396 37.85017576 0 P 0
L 22.99709396 37.34217576 23.50509396 37.59617576 0 P 0
L 22.99709396 37.70417656 23.25109396 37.19617656 0 P 0
L 22.99709396 37.70417656 23.50509396 37.45017656 0 P 0
L 22.99709396 37.99617496 23.25109396 38.50417496 0 P 0
L 22.99709396 37.99617496 23.50509396 38.25017496 0 P 0
L 22.99709396 38.35817576 23.25109396 37.85017576 0 P 0
L 22.99709396 38.35817576 23.50509396 38.10417576 0 P 0
L 22.99709396 38.65017416 23.25109396 39.15817416 0 P 0
L 22.99709396 38.65017416 23.50509396 38.90417416 0 P 0
L 22.99709396 39.01217496 23.25109396 38.50417496 0 P 0
L 22.99709396 39.01217496 23.50509396 38.75817496 0 P 0
L 22.99709396 39.30417336 23.25109396 39.81217336 0 P 0
L 22.99709396 39.30417336 23.50509396 39.55817336 0 P 0
L 22.99709396 39.66617416 23.25109396 39.15817416 0 P 0
L 22.99709396 39.66617416 23.50509396 39.41217416 0 P 0
L 22.99709396 39.95817256 23.25109396 40.46617256 0 P 0
L 22.99709396 39.95817256 23.50509396 40.21217256 0 P 0
L 22.99709396 40.32017336 23.25109396 39.81217336 0 P 0
L 22.99709396 40.32017336 23.50509396 40.06617336 0 P 0
L 22.99709396 40.61217176 23.25109396 41.12017176 0 P 0
L 22.99709396 40.61217176 23.50509396 40.86617176 0 P 0
L 22.99709396 40.97417256 23.25109396 40.46617256 0 P 0
L 22.99709396 40.97417256 23.50509396 40.72017256 0 P 0
L 22.99709396 41.62817176 23.25109396 41.12017176 0 P 0
L 22.99709396 41.62817176 23.50509396 41.37417176 0 P 0
L 22.99896594 51.34156864 23.25296594 50.83356864 0 P 0
L 22.99896594 51.34156864 23.25296594 51.84956864 0 P 0
L 23.00548866 33.06259326 23.25948866 32.55459326 0 P 0
L 23.00548866 33.06259326 23.25948866 33.57059326 0 P 0
L 23.0143812 58.50832596 23.2683812 59.01632596 0 P 0
L 23.0143812 58.50832596 23.5223812 58.76232596 0 P 0
L 23.0143812 59.52432596 23.2683812 59.01632596 0 P 0
L 23.0143812 59.52432596 23.5223812 59.27032596 0 P 0
L 23.02748252 58.33478808 23.53548252 58.08078808 0 P 0
L 23.02748252 58.84278808 23.53548252 59.09678808 0 P 0
L 23.03488408 41.26507876 23.28888408 41.77307876 0 P 0
L 23.03488408 41.26507876 23.54288408 41.51907876 0 P 0
L 23.03488408 42.28107876 23.28888408 41.77307876 0 P 0
L 23.03488408 42.28107876 23.54288408 42.02707876 0 P 0
L 23.04511266 21.32442014 23.55311266 21.07042014 0 P 0
L 23.04511266 21.83242014 23.55311266 22.08642014 0 P 0
L 23.04867374 61.82941152 23.30267374 61.32141152 0 P 0
L 23.04867374 61.82941152 23.30267374 62.33741152 0 P 0
L 23.0511096 59.64896122 23.5591096 59.39496122 0 P 0
L 23.0511096 60.15696122 23.5591096 60.41096122 0 P 0
L 23.05201892 44.4908178 23.30601892 43.9828178 0 P 0
L 23.05201892 44.4908178 23.30601892 44.9988178 0 P 0
L 23.06915122 13.28009028 23.32315122 12.77209028 0 P 0
L 23.06915122 13.28009028 23.32315122 13.78809028 0 P 0
L 23.11236678 14.77904588 23.36636678 14.27104588 0 P 0
L 23.11236678 14.77904588 23.36636678 15.28704588 0 P 0
L 23.12134822 23.13805126 23.62934822 22.88405126 0 P 0
L 23.12134822 23.64605126 23.62934822 23.90005126 0 P 0
L 23.12295096 75.06664438 23.37695096 75.57464438 0 P 0
L 23.12295096 75.06664438 23.63095096 75.32064438 0 P 0
L 23.12295096 76.08264438 23.37695096 75.57464438 0 P 0
L 23.12295096 76.08264438 23.63095096 75.82864438 0 P 0
L 23.15049472 16.64216636 23.40449472 16.13416636 0 P 0
L 23.15049472 16.64216636 23.40449472 17.15016636 0 P 0
L 23.17086552 8.07351954 23.67886552 7.81951954 0 P 0
L 23.17086552 8.58151954 23.67886552 8.83551954 0 P 0
L 23.18262826 53.591714 23.43662826 53.083714 0 P 0
L 23.18262826 53.591714 23.43662826 54.099714 0 P 0
L 23.18717232 68.58819658 23.44117232 68.08019658 0 P 0
L 23.18717232 68.58819658 23.44117232 69.09619658 0 P 0
L 23.19196022 61.05591294 23.69996022 60.80191294 0 P 0
L 23.19196022 61.56391294 23.69996022 61.81791294 0 P 0
L 23.19483042 74.23681622 23.70283042 73.98281622 0 P 0
L 23.19483042 74.74481622 23.70283042 74.99881622 0 P 0
L 23.21183064 66.53733454 23.71983064 66.28333454 0 P 0
L 23.21183064 67.04533454 23.71983064 67.29933454 0 P 0
L 23.2152317 51.542061 23.7232317 51.288061 0 P 0
L 23.2152317 52.050061 23.7232317 52.304061 0 P 0
L 23.2258235 13.53507072 23.7338235 13.28107072 0 P 0
L 23.2258235 14.04307072 23.7338235 14.29707072 0 P 0
L 23.22776406 60.43860404 23.48176406 60.94660404 0 P 0
L 23.22776406 60.43860404 23.73576406 60.69260404 0 P 0
L 23.22776406 61.45460404 23.48176406 60.94660404 0 P 0
L 23.22776406 61.45460404 23.73576406 61.20060404 0 P 0
L 23.23095176 75.57464438 23.48495176 75.06664438 0 P 0
L 23.23095176 75.57464438 23.48495176 76.08264438 0 P 0
L 23.24044374 6.5187068 23.49444374 6.0107068 0 P 0
L 23.24044374 6.5187068 23.49444374 7.0267068 0 P 0
L 23.26634666 13.63721174 23.52034666 14.14521174 0 P 0
L 23.26634666 13.63721174 23.77434666 13.89121174 0 P 0
L 23.26634666 14.65321174 23.52034666 14.14521174 0 P 0
L 23.26634666 14.65321174 23.77434666 14.39921174 0 P 0
L 23.28148252 58.58878808 23.53548252 58.08078808 0 P 0
L 23.28148252 58.58878808 23.53548252 59.09678808 0 P 0
L 23.29911266 21.57842014 23.55311266 21.07042014 0 P 0
L 23.29911266 21.57842014 23.55311266 22.08642014 0 P 0
L 23.30224194 41.86193304 23.55624194 42.36993304 0 P 0
L 23.30224194 41.86193304 23.81024194 42.11593304 0 P 0
L 23.30224194 42.87793304 23.55624194 42.36993304 0 P 0
L 23.30224194 42.87793304 23.81024194 42.62393304 0 P 0
L 23.3051096 59.90296122 23.5591096 59.39496122 0 P 0
L 23.3051096 59.90296122 23.5591096 60.41096122 0 P 0
L 23.31468286 52.80981564 23.82268286 52.55581564 0 P 0
L 23.31468286 53.31781564 23.82268286 53.57181564 0 P 0
L 23.31691044 67.8046142 23.82491044 67.5506142 0 P 0
L 23.31691044 68.3126142 23.82491044 68.5666142 0 P 0
L 23.34082962 73.98281622 23.59482962 74.49081622 0 P 0
L 23.34082962 73.98281622 23.84882962 74.23681622 0 P 0
L 23.34082962 74.99881622 23.59482962 74.49081622 0 P 0
L 23.34082962 74.99881622 23.84882962 74.74481622 0 P 0
L 23.34206152 6.81357032 23.85006152 6.55957032 0 P 0
L 23.34206152 7.32157032 23.85006152 7.57557032 0 P 0
L 23.35198276 15.91886326 23.85998276 15.66486326 0 P 0
L 23.35198276 16.42686326 23.85998276 16.68086326 0 P 0
L 23.36570638 33.033208 23.87370638 32.779208 0 P 0
L 23.36570638 33.541208 23.87370638 33.795208 0 P 0
L 23.3701717 21.89191456 23.8781717 21.63791456 0 P 0
L 23.3701717 22.39991456 23.8781717 22.65391456 0 P 0
L 23.37534822 23.39205126 23.62934822 22.88405126 0 P 0
L 23.37534822 23.39205126 23.62934822 23.90005126 0 P 0
L 23.37849528 45.32064596 23.88649528 45.06664596 0 P 0
L 23.37849528 45.82864596 23.88649528 46.08264596 0 P 0
L 23.38823618 31.77588768 23.89623618 31.52188768 0 P 0
L 23.38823618 32.28388768 23.89623618 32.53788768 0 P 0
L 23.39775102 22.5453321 23.90575102 22.2913321 0 P 0
L 23.39775102 23.0533321 23.90575102 23.3073321 0 P 0
L 23.40843426 7.46419386 23.91643426 7.21019386 0 P 0
L 23.40843426 7.97219386 23.91643426 8.22619386 0 P 0
L 23.4169966 67.15831882 23.9249966 66.90431882 0 P 0
L 23.4169966 67.66631882 23.9249966 67.92031882 0 P 0
L 23.41759604 52.16396476 23.92559604 51.90996476 0 P 0
L 23.41759604 52.67196476 23.92559604 52.92596476 0 P 0
L 23.42223916 15.35935714 23.67623916 15.86735714 0 P 0
L 23.42223916 15.35935714 23.93023916 15.61335714 0 P 0
L 23.42223916 16.37535714 23.67623916 15.86735714 0 P 0
L 23.42223916 16.37535714 23.93023916 16.12135714 0 P 0
L 23.42486552 8.32751954 23.67886552 7.81951954 0 P 0
L 23.42486552 8.32751954 23.67886552 8.83551954 0 P 0
L 23.44596022 61.30991294 23.69996022 60.80191294 0 P 0
L 23.44596022 61.30991294 23.69996022 61.81791294 0 P 0
L 23.44883042 74.49081622 23.70283042 73.98281622 0 P 0
L 23.44883042 74.49081622 23.70283042 74.99881622 0 P 0
L 23.45201812 44.2368178 23.96001812 43.9828178 0 P 0
L 23.45201812 44.7448178 23.96001812 44.9988178 0 P 0
L 23.45329574 31.83703818 23.70729574 32.34503818 0 P 0
L 23.45329574 31.83703818 23.96129574 32.09103818 0 P 0
L 23.45329574 32.85303818 23.70729574 32.34503818 0 P 0
L 23.45329574 32.85303818 23.96129574 32.59903818 0 P 0
L 23.46583064 66.79133454 23.71983064 66.28333454 0 P 0
L 23.46583064 66.79133454 23.71983064 67.29933454 0 P 0
L 23.4692317 51.796061 23.7232317 51.288061 0 P 0
L 23.4692317 51.796061 23.7232317 52.304061 0 P 0
L 23.4798235 13.78907072 23.7338235 13.28107072 0 P 0
L 23.4798235 13.78907072 23.7338235 14.29707072 0 P 0
L 23.50509396 33.67218056 24.01309396 33.41818056 0 P 0
L 23.50509396 34.18018056 24.01309396 34.43418056 0 P 0
L 23.50509396 34.32617976 24.01309396 34.07217976 0 P 0
L 23.50509396 34.83417976 24.01309396 35.08817976 0 P 0
L 23.50509396 34.98017896 24.01309396 34.72617896 0 P 0
L 23.50509396 35.48817896 24.01309396 35.74217896 0 P 0
L 23.50509396 35.63417816 24.01309396 35.38017816 0 P 0
L 23.50509396 36.14217816 24.01309396 36.39617816 0 P 0
L 23.50509396 36.28817736 24.01309396 36.03417736 0 P 0
L 23.50509396 36.79617736 24.01309396 37.05017736 0 P 0
L 23.50509396 36.94217656 24.01309396 36.68817656 0 P 0
L 23.50509396 37.45017656 24.01309396 37.70417656 0 P 0
L 23.50509396 37.59617576 24.01309396 37.34217576 0 P 0
L 23.50509396 38.10417576 24.01309396 38.35817576 0 P 0
L 23.50509396 38.25017496 24.01309396 37.99617496 0 P 0
L 23.50509396 38.75817496 24.01309396 39.01217496 0 P 0
L 23.50509396 38.90417416 24.01309396 38.65017416 0 P 0
L 23.50509396 39.41217416 24.01309396 39.66617416 0 P 0
L 23.50509396 39.55817336 24.01309396 39.30417336 0 P 0
L 23.50509396 40.06617336 24.01309396 40.32017336 0 P 0
L 23.50509396 40.21217256 24.01309396 39.95817256 0 P 0
L 23.50509396 40.72017256 24.01309396 40.97417256 0 P 0
L 23.50509396 40.86617176 24.01309396 40.61217176 0 P 0
L 23.50509396 41.37417176 24.01309396 41.62817176 0 P 0
L 23.5223812 58.76232596 24.0303812 58.50832596 0 P 0
L 23.5223812 59.27032596 24.0303812 59.52432596 0 P 0
L 23.52449448 45.06664596 23.77849448 45.57464596 0 P 0
L 23.52449448 45.06664596 24.03249448 45.32064596 0 P 0
L 23.52449448 46.08264596 23.77849448 45.57464596 0 P 0
L 23.52449448 46.08264596 24.03249448 45.82864596 0 P 0
L 23.54288408 41.51907876 24.05088408 41.26507876 0 P 0
L 23.54288408 42.02707876 24.05088408 42.28107876 0 P 0
L 23.56868286 53.06381564 23.82268286 52.55581564 0 P 0
L 23.56868286 53.06381564 23.82268286 53.57181564 0 P 0
L 23.57091044 68.0586142 23.82491044 67.5506142 0 P 0
L 23.57091044 68.0586142 23.82491044 68.5666142 0 P 0
L 23.59606152 7.06757032 23.85006152 6.55957032 0 P 0
L 23.59606152 7.06757032 23.85006152 7.57557032 0 P 0
L 23.59801732 43.9828178 23.85201732 44.4908178 0 P 0
L 23.59801732 43.9828178 24.10601732 44.2368178 0 P 0
L 23.59801732 44.9988178 23.85201732 44.4908178 0 P 0
L 23.59801732 44.9988178 24.10601732 44.7448178 0 P 0
L 23.60598276 16.17286326 23.85998276 15.66486326 0 P 0
L 23.60598276 16.17286326 23.85998276 16.68086326 0 P 0
L 23.61970638 33.287208 23.87370638 32.779208 0 P 0
L 23.61970638 33.287208 23.87370638 33.795208 0 P 0
L 23.61975464 58.75579054 23.87375464 59.26379054 0 P 0
L 23.61975464 58.75579054 24.12775464 59.00979054 0 P 0
L 23.61975464 59.77179054 23.87375464 59.26379054 0 P 0
L 23.61975464 59.77179054 24.12775464 59.51779054 0 P 0
L 23.6241717 22.14591456 23.8781717 21.63791456 0 P 0
L 23.6241717 22.14591456 23.8781717 22.65391456 0 P 0
L 23.63095096 75.32064438 24.13895096 75.06664438 0 P 0
L 23.63095096 75.82864438 24.13895096 76.08264438 0 P 0
L 23.63249528 45.57464596 23.88649528 45.06664596 0 P 0
L 23.63249528 45.57464596 23.88649528 46.08264596 0 P 0
L 23.64223618 32.02988768 23.89623618 31.52188768 0 P 0
L 23.64223618 32.02988768 23.89623618 32.53788768 0 P 0
L 23.65175102 22.7993321 23.90575102 22.2913321 0 P 0
L 23.65175102 22.7993321 23.90575102 23.3073321 0 P 0
L 23.66243426 7.71819386 23.91643426 7.21019386 0 P 0
L 23.66243426 7.71819386 23.91643426 8.22619386 0 P 0
L 23.6709966 67.41231882 23.9249966 66.90431882 0 P 0
L 23.6709966 67.41231882 23.9249966 67.92031882 0 P 0
L 23.67159604 52.41796476 23.92559604 51.90996476 0 P 0
L 23.67159604 52.41796476 23.92559604 52.92596476 0 P 0
L 23.70601812 44.4908178 23.96001812 43.9828178 0 P 0
L 23.70601812 44.4908178 23.96001812 44.9988178 0 P 0
L 23.73576406 60.69260404 24.24376406 60.43860404 0 P 0
L 23.73576406 61.20060404 24.24376406 61.45460404 0 P 0
L 23.75909396 33.92618056 24.01309396 33.41818056 0 P 0
L 23.75909396 33.92618056 24.01309396 34.43418056 0 P 0
L 23.75909396 34.58017976 24.01309396 34.07217976 0 P 0
L 23.75909396 34.58017976 24.01309396 35.08817976 0 P 0
L 23.75909396 35.23417896 24.01309396 34.72617896 0 P 0
L 23.75909396 35.23417896 24.01309396 35.74217896 0 P 0
L 23.75909396 35.88817816 24.01309396 35.38017816 0 P 0
L 23.75909396 35.88817816 24.01309396 36.39617816 0 P 0
L 23.75909396 36.54217736 24.01309396 36.03417736 0 P 0
L 23.75909396 36.54217736 24.01309396 37.05017736 0 P 0
L 23.75909396 37.19617656 24.01309396 36.68817656 0 P 0
L 23.75909396 37.19617656 24.01309396 37.70417656 0 P 0
L 23.75909396 37.85017576 24.01309396 37.34217576 0 P 0
L 23.75909396 37.85017576 24.01309396 38.35817576 0 P 0
L 23.75909396 38.50417496 24.01309396 37.99617496 0 P 0
L 23.75909396 38.50417496 24.01309396 39.01217496 0 P 0
L 23.75909396 39.15817416 24.01309396 38.65017416 0 P 0
L 23.75909396 39.15817416 24.01309396 39.66617416 0 P 0
L 23.75909396 39.81217336 24.01309396 39.30417336 0 P 0
L 23.75909396 39.81217336 24.01309396 40.32017336 0 P 0
L 23.75909396 40.46617256 24.01309396 39.95817256 0 P 0
L 23.75909396 40.46617256 24.01309396 40.97417256 0 P 0
L 23.75909396 41.12017176 24.01309396 40.61217176 0 P 0
L 23.75909396 41.12017176 24.01309396 41.62817176 0 P 0
L 23.76892884 42.32010078 24.02292884 42.82810078 0 P 0
L 23.76892884 42.32010078 24.27692884 42.57410078 0 P 0
L 23.76892884 43.33610078 24.02292884 42.82810078 0 P 0
L 23.76892884 43.33610078 24.27692884 43.08210078 0 P 0
L 23.77434666 13.89121174 24.28234666 13.63721174 0 P 0
L 23.77434666 14.39921174 24.28234666 14.65321174 0 P 0
L 23.7763812 59.01632596 24.0303812 58.50832596 0 P 0
L 23.7763812 59.01632596 24.0303812 59.52432596 0 P 0
L 23.79688408 41.77307876 24.05088408 41.26507876 0 P 0
L 23.79688408 41.77307876 24.05088408 42.28107876 0 P 0
L 23.81024194 42.11593304 24.31824194 41.86193304 0 P 0
L 23.81024194 42.62393304 24.31824194 42.87793304 0 P 0
L 23.84882962 74.23681622 24.35682962 73.98281622 0 P 0
L 23.84882962 74.74481622 24.35682962 74.99881622 0 P 0
L 23.85979226 60.27051954 24.11379226 60.77851954 0 P 0
L 23.85979226 60.27051954 24.36779226 60.52451954 0 P 0
L 23.85979226 61.28651954 24.11379226 60.77851954 0 P 0
L 23.85979226 61.28651954 24.36779226 61.03251954 0 P 0
L 23.87626416 32.33584846 24.13026416 32.84384846 0 P 0
L 23.87626416 32.33584846 24.38426416 32.58984846 0 P 0
L 23.87626416 33.35184846 24.13026416 32.84384846 0 P 0
L 23.87626416 33.35184846 24.38426416 33.09784846 0 P 0
L 23.88495096 75.57464438 24.13895096 75.06664438 0 P 0
L 23.88495096 75.57464438 24.13895096 76.08264438 0 P 0
L 23.9025176 13.78888276 24.1565176 14.29688276 0 P 0
L 23.9025176 13.78888276 24.4105176 14.04288276 0 P 0
L 23.9025176 14.80488276 24.1565176 14.29688276 0 P 0
L 23.9025176 14.80488276 24.4105176 14.55088276 0 P 0
L 23.93023916 15.61335714 24.43823916 15.35935714 0 P 0
L 23.93023916 16.12135714 24.43823916 16.37535714 0 P 0
L 23.96129574 32.09103818 24.46929574 31.83703818 0 P 0
L 23.96129574 32.59903818 24.46929574 32.85303818 0 P 0
L 23.96992412 75.06894308 24.22392412 75.57694308 0 P 0
L 23.96992412 75.06894308 24.47792412 75.32294308 0 P 0
L 23.96992412 76.08494308 24.22392412 75.57694308 0 P 0
L 23.96992412 76.08494308 24.47792412 75.83094308 0 P 0
L 23.98976406 60.94660404 24.24376406 60.43860404 0 P 0
L 23.98976406 60.94660404 24.24376406 61.45460404 0 P 0
L 23.99481866 73.97890716 24.24881866 74.48690716 0 P 0
L 23.99481866 73.97890716 24.50281866 74.23290716 0 P 0
L 23.99481866 74.99490716 24.24881866 74.48690716 0 P 0
L 23.99481866 74.99490716 24.50281866 74.74090716 0 P 0
L 24.02834666 14.14521174 24.28234666 13.63721174 0 P 0
L 24.02834666 14.14521174 24.28234666 14.65321174 0 P 0
L 24.03249448 45.32064596 24.54049448 45.06664596 0 P 0
L 24.03249448 45.82864596 24.54049448 46.08264596 0 P 0
L 24.06424194 42.36993304 24.31824194 41.86193304 0 P 0
L 24.06424194 42.36993304 24.31824194 42.87793304 0 P 0
L 24.06683528 32.9614657 24.32083528 33.4694657 0 P 0
L 24.06683528 32.9614657 24.57483528 33.2154657 0 P 0
L 24.06683528 33.9774657 24.32083528 33.4694657 0 P 0
L 24.06683528 33.9774657 24.57483528 33.7234657 0 P 0
L 24.06696482 15.24961136 24.32096482 15.75761136 0 P 0
L 24.06696482 15.24961136 24.57496482 15.50361136 0 P 0
L 24.06696482 16.26561136 24.32096482 15.75761136 0 P 0
L 24.06696482 16.26561136 24.57496482 16.01161136 0 P 0
L 24.08092212 33.61531504 24.33492212 34.12331504 0 P 0
L 24.08092212 33.61531504 24.58892212 33.86931504 0 P 0
L 24.08092212 34.26931424 24.33492212 34.77731424 0 P 0
L 24.08092212 34.26931424 24.58892212 34.52331424 0 P 0
L 24.08092212 34.63131504 24.33492212 34.12331504 0 P 0
L 24.08092212 34.63131504 24.58892212 34.37731504 0 P 0
L 24.08092212 34.92331344 24.33492212 35.43131344 0 P 0
L 24.08092212 34.92331344 24.58892212 35.17731344 0 P 0
L 24.08092212 35.28531424 24.33492212 34.77731424 0 P 0
L 24.08092212 35.28531424 24.58892212 35.03131424 0 P 0
L 24.08092212 35.57731264 24.33492212 36.08531264 0 P 0
L 24.08092212 35.57731264 24.58892212 35.83131264 0 P 0
L 24.08092212 35.93931344 24.33492212 35.43131344 0 P 0
L 24.08092212 35.93931344 24.58892212 35.68531344 0 P 0
L 24.08092212 36.23131184 24.33492212 36.73931184 0 P 0
L 24.08092212 36.23131184 24.58892212 36.48531184 0 P 0
L 24.08092212 36.59331264 24.33492212 36.08531264 0 P 0
L 24.08092212 36.59331264 24.58892212 36.33931264 0 P 0
L 24.08092212 36.88531104 24.33492212 37.39331104 0 P 0
L 24.08092212 36.88531104 24.58892212 37.13931104 0 P 0
L 24.08092212 37.24731184 24.33492212 36.73931184 0 P 0
L 24.08092212 37.24731184 24.58892212 36.99331184 0 P 0
L 24.08092212 37.53931024 24.33492212 38.04731024 0 P 0
L 24.08092212 37.53931024 24.58892212 37.79331024 0 P 0
L 24.08092212 37.90131104 24.33492212 37.39331104 0 P 0
L 24.08092212 37.90131104 24.58892212 37.64731104 0 P 0
L 24.08092212 38.19330944 24.33492212 38.70130944 0 P 0
L 24.08092212 38.19330944 24.58892212 38.44730944 0 P 0
L 24.08092212 38.55531024 24.33492212 38.04731024 0 P 0
L 24.08092212 38.55531024 24.58892212 38.30131024 0 P 0
L 24.08092212 38.84730864 24.33492212 39.35530864 0 P 0
L 24.08092212 38.84730864 24.58892212 39.10130864 0 P 0
L 24.08092212 39.20930944 24.33492212 38.70130944 0 P 0
L 24.08092212 39.20930944 24.58892212 38.95530944 0 P 0
L 24.08092212 39.50130784 24.33492212 40.00930784 0 P 0
L 24.08092212 39.50130784 24.58892212 39.75530784 0 P 0
L 24.08092212 39.86330864 24.33492212 39.35530864 0 P 0
L 24.08092212 39.86330864 24.58892212 39.60930864 0 P 0
L 24.08092212 40.15530704 24.33492212 40.66330704 0 P 0
L 24.08092212 40.15530704 24.58892212 40.40930704 0 P 0
L 24.08092212 40.51730784 24.33492212 40.00930784 0 P 0
L 24.08092212 40.51730784 24.58892212 40.26330784 0 P 0
L 24.08092212 40.80930624 24.33492212 41.31730624 0 P 0
L 24.08092212 40.80930624 24.58892212 41.06330624 0 P 0
L 24.08092212 41.17130704 24.33492212 40.66330704 0 P 0
L 24.08092212 41.17130704 24.58892212 40.91730704 0 P 0
L 24.08092212 41.82530624 24.33492212 41.31730624 0 P 0
L 24.08092212 41.82530624 24.58892212 41.57130624 0 P 0
L 24.10282962 74.49081622 24.35682962 73.98281622 0 P 0
L 24.10282962 74.49081622 24.35682962 74.99881622 0 P 0
L 24.10601732 44.2368178 24.61401732 43.9828178 0 P 0
L 24.10601732 44.7448178 24.61401732 44.9988178 0 P 0
L 24.12775464 59.00979054 24.63575464 58.75579054 0 P 0
L 24.12775464 59.51779054 24.63575464 59.77179054 0 P 0
L 24.1781584 45.0876289 24.4321584 45.5956289 0 P 0
L 24.1781584 45.0876289 24.6861584 45.3416289 0 P 0
L 24.1781584 46.1036289 24.4321584 45.5956289 0 P 0
L 24.1781584 46.1036289 24.6861584 45.8496289 0 P 0
L 24.18423916 15.86735714 24.43823916 15.35935714 0 P 0
L 24.18423916 15.86735714 24.43823916 16.37535714 0 P 0
L 24.21529574 32.34503818 24.46929574 31.83703818 0 P 0
L 24.21529574 32.34503818 24.46929574 32.85303818 0 P 0
L 24.25181586 43.99895442 24.50581586 44.50695442 0 P 0
L 24.25181586 43.99895442 24.75981586 44.25295442 0 P 0
L 24.25181586 45.01495442 24.50581586 44.50695442 0 P 0
L 24.25181586 45.01495442 24.75981586 44.76095442 0 P 0
L 24.27192504 58.80466014 24.52592504 59.31266014 0 P 0
L 24.27192504 58.80466014 24.77992504 59.05866014 0 P 0
L 24.27192504 59.82066014 24.52592504 59.31266014 0 P 0
L 24.27192504 59.82066014 24.77992504 59.56666014 0 P 0
L 24.27692884 42.57410078 24.78492884 42.32010078 0 P 0
L 24.27692884 43.08210078 24.78492884 43.33610078 0 P 0
L 24.28649448 45.57464596 24.54049448 45.06664596 0 P 0
L 24.28649448 45.57464596 24.54049448 46.08264596 0 P 0
L 24.36001732 44.4908178 24.61401732 43.9828178 0 P 0
L 24.36001732 44.4908178 24.61401732 44.9988178 0 P 0
L 24.3612035 41.40020168 24.6152035 41.90820168 0 P 0
L 24.3612035 41.40020168 24.8692035 41.65420168 0 P 0
L 24.3612035 42.41620168 24.6152035 41.90820168 0 P 0
L 24.3612035 42.41620168 24.8692035 42.16220168 0 P 0
L 24.36779226 60.52451954 24.87579226 60.27051954 0 P 0
L 24.36779226 61.03251954 24.87579226 61.28651954 0 P 0
L 24.37517604 42.56541398 24.62917604 43.07341398 0 P 0
L 24.37517604 42.56541398 24.88317604 42.81941398 0 P 0
L 24.37517604 43.58141398 24.62917604 43.07341398 0 P 0
L 24.37517604 43.58141398 24.88317604 43.32741398 0 P 0
L 24.38175464 59.26379054 24.63575464 58.75579054 0 P 0
L 24.38175464 59.26379054 24.63575464 59.77179054 0 P 0
L 24.38426416 32.58984846 24.89226416 32.33584846 0 P 0
L 24.38426416 33.09784846 24.89226416 33.35184846 0 P 0
L 24.4105176 14.04288276 24.9185176 13.78888276 0 P 0
L 24.4105176 14.55088276 24.9185176 14.80488276 0 P 0
L 24.47792412 75.32294308 24.98592412 75.06894308 0 P 0
L 24.47792412 75.83094308 24.98592412 76.08494308 0 P 0
L 24.50281866 74.23290716 25.01081866 73.97890716 0 P 0
L 24.50281866 74.74090716 25.01081866 74.99490716 0 P 0
L 24.51363652 60.25625998 24.76763652 60.76425998 0 P 0
L 24.51363652 60.25625998 25.02163652 60.51025998 0 P 0
L 24.51363652 61.27225998 24.76763652 60.76425998 0 P 0
L 24.51363652 61.27225998 25.02163652 61.01825998 0 P 0
L 24.53092884 42.82810078 24.78492884 42.32010078 0 P 0
L 24.53092884 42.82810078 24.78492884 43.33610078 0 P 0
L 24.55643806 13.79893608 24.81043806 14.30693608 0 P 0
L 24.55643806 13.79893608 25.06443806 14.05293608 0 P 0
L 24.55643806 14.81493608 24.81043806 14.30693608 0 P 0
L 24.55643806 14.81493608 25.06443806 14.56093608 0 P 0
L 24.57483528 33.2154657 25.08283528 32.9614657 0 P 0
L 24.57483528 33.7234657 25.08283528 33.9774657 0 P 0
L 24.57496482 15.50361136 25.08296482 15.24961136 0 P 0
L 24.57496482 16.01161136 25.08296482 16.26561136 0 P 0
L 24.58892212 33.86931504 25.09692212 33.61531504 0 P 0
L 24.58892212 34.37731504 25.09692212 34.63131504 0 P 0
L 24.58892212 34.52331424 25.09692212 34.26931424 0 P 0
L 24.58892212 35.03131424 25.09692212 35.28531424 0 P 0
L 24.58892212 35.17731344 25.09692212 34.92331344 0 P 0
L 24.58892212 35.68531344 25.09692212 35.93931344 0 P 0
L 24.58892212 35.83131264 25.09692212 35.57731264 0 P 0
L 24.58892212 36.33931264 25.09692212 36.59331264 0 P 0
L 24.58892212 36.48531184 25.09692212 36.23131184 0 P 0
L 24.58892212 36.99331184 25.09692212 37.24731184 0 P 0
L 24.58892212 37.13931104 25.09692212 36.88531104 0 P 0
L 24.58892212 37.64731104 25.09692212 37.90131104 0 P 0
L 24.58892212 37.79331024 25.09692212 37.53931024 0 P 0
L 24.58892212 38.30131024 25.09692212 38.55531024 0 P 0
L 24.58892212 38.44730944 25.09692212 38.19330944 0 P 0
L 24.58892212 38.95530944 25.09692212 39.20930944 0 P 0
L 24.58892212 39.10130864 25.09692212 38.84730864 0 P 0
L 24.58892212 39.60930864 25.09692212 39.86330864 0 P 0
L 24.58892212 39.75530784 25.09692212 39.50130784 0 P 0
L 24.58892212 40.26330784 25.09692212 40.51730784 0 P 0
L 24.58892212 40.40930704 25.09692212 40.15530704 0 P 0
L 24.58892212 40.91730704 25.09692212 41.17130704 0 P 0
L 24.58892212 41.06330624 25.09692212 40.80930624 0 P 0
L 24.58892212 41.57130624 25.09692212 41.82530624 0 P 0
L 24.61932846 74.99156706 24.87332846 75.49956706 0 P 0
L 24.61932846 74.99156706 25.12732846 75.24556706 0 P 0
L 24.61932846 76.00756706 24.87332846 75.49956706 0 P 0
L 24.61932846 76.00756706 25.12732846 75.75356706 0 P 0
L 24.62179226 60.77851954 24.87579226 60.27051954 0 P 0
L 24.62179226 60.77851954 24.87579226 61.28651954 0 P 0
L 24.63712116 73.85577558 24.89112116 74.36377558 0 P 0
L 24.63712116 73.85577558 25.14512116 74.10977558 0 P 0
L 24.63712116 74.87177558 24.89112116 74.36377558 0 P 0
L 24.63712116 74.87177558 25.14512116 74.61777558 0 P 0
L 24.63826416 32.84384846 24.89226416 32.33584846 0 P 0
L 24.63826416 32.84384846 24.89226416 33.35184846 0 P 0
L 24.6645176 14.29688276 24.9185176 13.78888276 0 P 0
L 24.6645176 14.29688276 24.9185176 14.80488276 0 P 0
L 24.6861584 45.3416289 25.1941584 45.0876289 0 P 0
L 24.6861584 45.8496289 25.1941584 46.1036289 0 P 0
L 24.72096402 15.25053592 24.97496402 15.75853592 0 P 0
L 24.72096402 15.25053592 25.22896402 15.50453592 0 P 0
L 24.72096402 16.26653592 24.97496402 15.75853592 0 P 0
L 24.72096402 16.26653592 25.22896402 16.01253592 0 P 0
L 24.73192412 75.57694308 24.98592412 75.06894308 0 P 0
L 24.73192412 75.57694308 24.98592412 76.08494308 0 P 0
L 24.75681866 74.48690716 25.01081866 73.97890716 0 P 0
L 24.75681866 74.48690716 25.01081866 74.99490716 0 P 0
L 24.75981586 44.25295442 25.26781586 43.99895442 0 P 0
L 24.75981586 44.76095442 25.26781586 45.01495442 0 P 0
L 24.77992504 59.05866014 25.28792504 58.80466014 0 P 0
L 24.77992504 59.56666014 25.28792504 59.82066014 0 P 0
L 24.80875912 45.26099914 25.06275912 45.76899914 0 P 0
L 24.80875912 45.26099914 25.31675912 45.51499914 0 P 0
L 24.80875912 46.27699914 25.06275912 45.76899914 0 P 0
L 24.80875912 46.27699914 25.31675912 46.02299914 0 P 0
L 24.82883528 33.4694657 25.08283528 32.9614657 0 P 0
L 24.82883528 33.4694657 25.08283528 33.9774657 0 P 0
L 24.82896482 15.75761136 25.08296482 15.24961136 0 P 0
L 24.82896482 15.75761136 25.08296482 16.26561136 0 P 0
L 24.84292212 34.12331504 25.09692212 33.61531504 0 P 0
L 24.84292212 34.12331504 25.09692212 34.63131504 0 P 0
L 24.84292212 34.77731424 25.09692212 34.26931424 0 P 0
L 24.84292212 34.77731424 25.09692212 35.28531424 0 P 0
L 24.84292212 35.43131344 25.09692212 34.92331344 0 P 0
L 24.84292212 35.43131344 25.09692212 35.93931344 0 P 0
L 24.84292212 36.08531264 25.09692212 35.57731264 0 P 0
L 24.84292212 36.08531264 25.09692212 36.59331264 0 P 0
L 24.84292212 36.73931184 25.09692212 36.23131184 0 P 0
L 24.84292212 36.73931184 25.09692212 37.24731184 0 P 0
L 24.84292212 37.39331104 25.09692212 36.88531104 0 P 0
L 24.84292212 37.39331104 25.09692212 37.90131104 0 P 0
L 24.84292212 38.04731024 25.09692212 37.53931024 0 P 0
L 24.84292212 38.04731024 25.09692212 38.55531024 0 P 0
L 24.84292212 38.70130944 25.09692212 38.19330944 0 P 0
L 24.84292212 38.70130944 25.09692212 39.20930944 0 P 0
L 24.84292212 39.35530864 25.09692212 38.84730864 0 P 0
L 24.84292212 39.35530864 25.09692212 39.86330864 0 P 0
L 24.84292212 40.00930784 25.09692212 39.50130784 0 P 0
L 24.84292212 40.00930784 25.09692212 40.51730784 0 P 0
L 24.84292212 40.66330704 25.09692212 40.15530704 0 P 0
L 24.84292212 40.66330704 25.09692212 41.17130704 0 P 0
L 24.84292212 41.31730624 25.09692212 40.80930624 0 P 0
L 24.84292212 41.31730624 25.09692212 41.82530624 0 P 0
L 24.8692035 41.65420168 25.3772035 41.40020168 0 P 0
L 24.8692035 42.16220168 25.3772035 42.41620168 0 P 0
L 24.88317604 42.81941398 25.39117604 42.56541398 0 P 0
L 24.88317604 43.32741398 25.39117604 43.58141398 0 P 0
L 24.89407772 44.12230952 25.14807772 44.63030952 0 P 0
L 24.89407772 44.12230952 25.40207772 44.37630952 0 P 0
L 24.89407772 45.13830952 25.14807772 44.63030952 0 P 0
L 24.89407772 45.13830952 25.40207772 44.88430952 0 P 0
L 24.92592424 58.80466014 25.17992424 59.31266014 0 P 0
L 24.92592424 58.80466014 25.43392424 59.05866014 0 P 0
L 24.92592424 59.82066014 25.17992424 59.31266014 0 P 0
L 24.92592424 59.82066014 25.43392424 59.56666014 0 P 0
L 24.9401584 45.5956289 25.1941584 45.0876289 0 P 0
L 24.9401584 45.5956289 25.1941584 46.1036289 0 P 0
L 25.01381586 44.50695442 25.26781586 43.99895442 0 P 0
L 25.01381586 44.50695442 25.26781586 45.01495442 0 P 0
L 25.0147074 41.42559914 25.2687074 41.93359914 0 P 0
L 25.0147074 41.42559914 25.5227074 41.67959914 0 P 0
L 25.0147074 42.44159914 25.2687074 41.93359914 0 P 0
L 25.0147074 42.44159914 25.5227074 42.18759914 0 P 0
L 25.02163652 60.51025998 25.52963652 60.25625998 0 P 0
L 25.02163652 61.01825998 25.52963652 61.27225998 0 P 0
L 25.02917524 42.56602612 25.28317524 43.07402612 0 P 0
L 25.02917524 42.56602612 25.53717524 42.82002612 0 P 0
L 25.02917524 43.58202612 25.28317524 43.07402612 0 P 0
L 25.02917524 43.58202612 25.53717524 43.32802612 0 P 0
L 25.03392504 59.31266014 25.28792504 58.80466014 0 P 0
L 25.03392504 59.31266014 25.28792504 59.82066014 0 P 0
L 25.06443806 14.05293608 25.57243806 13.79893608 0 P 0
L 25.06443806 14.56093608 25.57243806 14.81493608 0 P 0
L 25.1232035 41.90820168 25.3772035 41.40020168 0 P 0
L 25.1232035 41.90820168 25.3772035 42.41620168 0 P 0
L 25.12732846 75.24556706 25.63532846 74.99156706 0 P 0
L 25.12732846 75.75356706 25.63532846 76.00756706 0 P 0
L 25.13717604 43.07341398 25.39117604 42.56541398 0 P 0
L 25.13717604 43.07341398 25.39117604 43.58141398 0 P 0
L 25.14512116 74.10977558 25.65312116 73.85577558 0 P 0
L 25.14512116 74.61777558 25.65312116 74.87177558 0 P 0
L 25.16763572 60.25625998 25.42163572 60.76425998 0 P 0
L 25.16763572 60.25625998 25.67563572 60.51025998 0 P 0
L 25.16763572 61.27225998 25.42163572 60.76425998 0 P 0
L 25.16763572 61.27225998 25.67563572 61.01825998 0 P 0
L 25.20496864 73.53132868 25.45896864 74.03932868 0 P 0
L 25.20496864 73.53132868 25.71296864 73.78532868 0 P 0
L 25.20496864 74.54732868 25.45896864 74.03932868 0 P 0
L 25.20496864 74.54732868 25.71296864 74.29332868 0 P 0
L 25.21043726 13.79893608 25.46443726 14.30693608 0 P 0
L 25.21043726 13.79893608 25.71843726 14.05293608 0 P 0
L 25.21043726 14.81493608 25.46443726 14.30693608 0 P 0
L 25.21043726 14.81493608 25.71843726 14.56093608 0 P 0
L 25.22896402 15.50453592 25.73696402 15.25053592 0 P 0
L 25.22896402 16.01253592 25.73696402 16.26653592 0 P 0
L 25.2398657 74.78504474 25.4938657 75.29304474 0 P 0
L 25.2398657 74.78504474 25.7478657 75.03904474 0 P 0
L 25.2398657 75.80104474 25.4938657 75.29304474 0 P 0
L 25.2398657 75.80104474 25.7478657 75.54704474 0 P 0
L 25.27563652 60.76425998 25.52963652 60.25625998 0 P 0
L 25.27563652 60.76425998 25.52963652 61.27225998 0 P 0
L 25.31675912 45.51499914 25.82475912 45.26099914 0 P 0
L 25.31675912 46.02299914 25.82475912 46.27699914 0 P 0
L 25.31843806 14.30693608 25.57243806 13.79893608 0 P 0
L 25.31843806 14.30693608 25.57243806 14.81493608 0 P 0
L 25.3280926 33.65758318 25.5820926 34.16558318 0 P 0
L 25.3280926 33.65758318 25.8360926 33.91158318 0 P 0
L 25.3280926 34.31158238 25.5820926 34.81958238 0 P 0
L 25.3280926 34.31158238 25.8360926 34.56558238 0 P 0
L 25.3280926 34.67358318 25.5820926 34.16558318 0 P 0
L 25.3280926 34.67358318 25.8360926 34.41958318 0 P 0
L 25.3280926 34.96558158 25.5820926 35.47358158 0 P 0
L 25.3280926 34.96558158 25.8360926 35.21958158 0 P 0
L 25.3280926 35.32758238 25.5820926 34.81958238 0 P 0
L 25.3280926 35.32758238 25.8360926 35.07358238 0 P 0
L 25.3280926 35.61958078 25.5820926 36.12758078 0 P 0
L 25.3280926 35.61958078 25.8360926 35.87358078 0 P 0
L 25.3280926 35.98158158 25.5820926 35.47358158 0 P 0
L 25.3280926 35.98158158 25.8360926 35.72758158 0 P 0
L 25.3280926 36.27357998 25.5820926 36.78157998 0 P 0
L 25.3280926 36.27357998 25.8360926 36.52757998 0 P 0
L 25.3280926 36.63558078 25.5820926 36.12758078 0 P 0
L 25.3280926 36.63558078 25.8360926 36.38158078 0 P 0
L 25.3280926 36.92757918 25.5820926 37.43557918 0 P 0
L 25.3280926 36.92757918 25.8360926 37.18157918 0 P 0
L 25.3280926 37.28957998 25.5820926 36.78157998 0 P 0
L 25.3280926 37.28957998 25.8360926 37.03557998 0 P 0
L 25.3280926 37.58157838 25.5820926 38.08957838 0 P 0
L 25.3280926 37.58157838 25.8360926 37.83557838 0 P 0
L 25.3280926 37.94357918 25.5820926 37.43557918 0 P 0
L 25.3280926 37.94357918 25.8360926 37.68957918 0 P 0
L 25.3280926 38.23557758 25.5820926 38.74357758 0 P 0
L 25.3280926 38.23557758 25.8360926 38.48957758 0 P 0
L 25.3280926 38.59757838 25.5820926 38.08957838 0 P 0
L 25.3280926 38.59757838 25.8360926 38.34357838 0 P 0
L 25.3280926 38.88957678 25.5820926 39.39757678 0 P 0
L 25.3280926 38.88957678 25.8360926 39.14357678 0 P 0
L 25.3280926 39.25157758 25.5820926 38.74357758 0 P 0
L 25.3280926 39.25157758 25.8360926 38.99757758 0 P 0
L 25.3280926 39.54357598 25.5820926 40.05157598 0 P 0
L 25.3280926 39.54357598 25.8360926 39.79757598 0 P 0
L 25.3280926 39.90557678 25.5820926 39.39757678 0 P 0
L 25.3280926 39.90557678 25.8360926 39.65157678 0 P 0
L 25.3280926 40.19757518 25.5820926 40.70557518 0 P 0
L 25.3280926 40.19757518 25.8360926 40.45157518 0 P 0
L 25.3280926 40.55957598 25.5820926 40.05157598 0 P 0
L 25.3280926 40.55957598 25.8360926 40.30557598 0 P 0
L 25.3280926 40.85157438 25.5820926 41.35957438 0 P 0
L 25.3280926 40.85157438 25.8360926 41.10557438 0 P 0
L 25.3280926 41.21357518 25.5820926 40.70557518 0 P 0
L 25.3280926 41.21357518 25.8360926 40.95957518 0 P 0
L 25.3280926 41.86757438 25.5820926 41.35957438 0 P 0
L 25.3280926 41.86757438 25.8360926 41.61357438 0 P 0
L 25.33662446 33.00363986 25.59062446 33.51163986 0 P 0
L 25.33662446 33.00363986 25.84462446 33.25763986 0 P 0
L 25.33662446 34.01963986 25.59062446 33.51163986 0 P 0
L 25.33662446 34.01963986 25.84462446 33.76563986 0 P 0
L 25.3496318 45.62865398 25.6036318 46.13665398 0 P 0
L 25.3496318 45.62865398 25.8576318 45.88265398 0 P 0
L 25.3496318 46.64465398 25.6036318 46.13665398 0 P 0
L 25.3496318 46.64465398 25.8576318 46.39065398 0 P 0
L 25.37496322 15.25053592 25.62896322 15.75853592 0 P 0
L 25.37496322 15.25053592 25.88296322 15.50453592 0 P 0
L 25.37496322 16.26653592 25.62896322 15.75853592 0 P 0
L 25.37496322 16.26653592 25.88296322 16.01253592 0 P 0
L 25.38132846 75.49956706 25.63532846 74.99156706 0 P 0
L 25.38132846 75.49956706 25.63532846 76.00756706 0 P 0
L 25.39912116 74.36377558 25.65312116 73.85577558 0 P 0
L 25.39912116 74.36377558 25.65312116 74.87177558 0 P 0
L 25.40207772 44.37630952 25.91007772 44.12230952 0 P 0
L 25.40207772 44.88430952 25.91007772 45.13830952 0 P 0
L 25.43392424 59.05866014 25.94192424 58.80466014 0 P 0
L 25.43392424 59.56666014 25.94192424 59.82066014 0 P 0
L 25.48296402 15.75853592 25.73696402 15.25053592 0 P 0
L 25.48296402 15.75853592 25.73696402 16.26653592 0 P 0
L 25.49121648 44.38903238 25.74521648 44.89703238 0 P 0
L 25.49121648 44.38903238 25.99921648 44.64303238 0 P 0
L 25.49121648 45.40503238 25.74521648 44.89703238 0 P 0
L 25.49121648 45.40503238 25.99921648 45.15103238 0 P 0
L 25.51481816 32.3743828 25.76881816 32.8823828 0 P 0
L 25.51481816 32.3743828 26.02281816 32.6283828 0 P 0
L 25.51481816 33.3903828 25.76881816 32.8823828 0 P 0
L 25.51481816 33.3903828 26.02281816 33.1363828 0 P 0
L 25.5227074 41.67959914 26.0307074 41.42559914 0 P 0
L 25.5227074 42.18759914 26.0307074 42.44159914 0 P 0
L 25.53717524 42.82002612 26.04517524 42.56602612 0 P 0
L 25.53717524 43.32802612 26.04517524 43.58202612 0 P 0
L 25.57075912 45.76899914 25.82475912 45.26099914 0 P 0
L 25.57075912 45.76899914 25.82475912 46.27699914 0 P 0
L 25.57992344 58.80466014 25.83392344 59.31266014 0 P 0
L 25.57992344 58.80466014 26.08792344 59.05866014 0 P 0
L 25.57992344 59.82066014 25.83392344 59.31266014 0 P 0
L 25.57992344 59.82066014 26.08792344 59.56666014 0 P 0
L 25.6363343 42.32297606 25.8903343 42.83097606 0 P 0
L 25.6363343 42.32297606 26.1443343 42.57697606 0 P 0
L 25.6363343 43.33897606 25.8903343 42.83097606 0 P 0
L 25.6363343 43.33897606 26.1443343 43.08497606 0 P 0
L 25.6427732 73.04548764 25.8967732 73.55348764 0 P 0
L 25.6427732 73.04548764 26.1507732 73.29948764 0 P 0
L 25.6427732 74.06148764 25.8967732 73.55348764 0 P 0
L 25.6427732 74.06148764 26.1507732 73.80748764 0 P 0
L 25.65607772 44.63030952 25.91007772 44.12230952 0 P 0
L 25.65607772 44.63030952 25.91007772 45.13830952 0 P 0
L 25.67563572 60.51025998 26.18363572 60.25625998 0 P 0
L 25.67563572 61.01825998 26.18363572 61.27225998 0 P 0
L 25.68792424 59.31266014 25.94192424 58.80466014 0 P 0
L 25.68792424 59.31266014 25.94192424 59.82066014 0 P 0
L 25.71296864 73.78532868 26.22096864 73.53132868 0 P 0
L 25.71296864 74.29332868 26.22096864 74.54732868 0 P 0
L 25.71843726 14.05293608 26.22643726 13.79893608 0 P 0
L 25.71843726 14.56093608 26.22643726 14.81493608 0 P 0
L 25.7347085 46.15726608 25.9887085 46.66526608 0 P 0
L 25.7347085 46.15726608 26.2427085 46.41126608 0 P 0
L 25.7347085 47.17326608 25.9887085 46.66526608 0 P 0
L 25.7347085 47.17326608 26.2427085 46.91926608 0 P 0
L 25.7478657 75.03904474 26.2558657 74.78504474 0 P 0
L 25.7478657 75.54704474 26.2558657 75.80104474 0 P 0
L 25.7767074 41.93359914 26.0307074 41.42559914 0 P 0
L 25.7767074 41.93359914 26.0307074 42.44159914 0 P 0
L 25.79117524 43.07402612 26.04517524 42.56602612 0 P 0
L 25.79117524 43.07402612 26.04517524 43.58202612 0 P 0
L 25.8041267 74.45440278 26.0581267 74.96240278 0 P 0
L 25.8041267 74.45440278 26.3121267 74.70840278 0 P 0
L 25.8041267 75.47040278 26.0581267 74.96240278 0 P 0
L 25.8041267 75.47040278 26.3121267 75.21640278 0 P 0
L 25.82163492 60.25625998 26.07563492 60.76425998 0 P 0
L 25.82163492 60.25625998 26.32963492 60.51025998 0 P 0
L 25.82163492 61.27225998 26.07563492 60.76425998 0 P 0
L 25.82163492 61.27225998 26.32963492 61.01825998 0 P 0
L 25.8360926 33.91158318 26.3440926 33.65758318 0 P 0
L 25.8360926 34.41958318 26.3440926 34.67358318 0 P 0
L 25.8360926 34.56558238 26.3440926 34.31158238 0 P 0
L 25.8360926 35.07358238 26.3440926 35.32758238 0 P 0
L 25.8360926 35.21958158 26.3440926 34.96558158 0 P 0
L 25.8360926 35.72758158 26.3440926 35.98158158 0 P 0
L 25.8360926 35.87358078 26.3440926 35.61958078 0 P 0
L 25.8360926 36.38158078 26.3440926 36.63558078 0 P 0
L 25.8360926 36.52757998 26.3440926 36.27357998 0 P 0
L 25.8360926 37.03557998 26.3440926 37.28957998 0 P 0
L 25.8360926 37.18157918 26.3440926 36.92757918 0 P 0
L 25.8360926 37.68957918 26.3440926 37.94357918 0 P 0
L 25.8360926 37.83557838 26.3440926 37.58157838 0 P 0
L 25.8360926 38.34357838 26.3440926 38.59757838 0 P 0
L 25.8360926 38.48957758 26.3440926 38.23557758 0 P 0
L 25.8360926 38.99757758 26.3440926 39.25157758 0 P 0
L 25.8360926 39.14357678 26.3440926 38.88957678 0 P 0
L 25.8360926 39.65157678 26.3440926 39.90557678 0 P 0
L 25.8360926 39.79757598 26.3440926 39.54357598 0 P 0
L 25.8360926 40.30557598 26.3440926 40.55957598 0 P 0
L 25.8360926 40.45157518 26.3440926 40.19757518 0 P 0
L 25.8360926 40.95957518 26.3440926 41.21357518 0 P 0
L 25.8360926 41.10557438 26.3440926 40.85157438 0 P 0
L 25.8360926 41.61357438 26.3440926 41.86757438 0 P 0
L 25.84462446 33.25763986 26.35262446 33.00363986 0 P 0
L 25.84462446 33.76563986 26.35262446 34.01963986 0 P 0
L 25.8576318 45.88265398 26.3656318 45.62865398 0 P 0
L 25.8576318 46.39065398 26.3656318 46.64465398 0 P 0
L 25.86443646 13.79893608 26.11843646 14.30693608 0 P 0
L 25.86443646 13.79893608 26.37243646 14.05293608 0 P 0
L 25.86443646 14.81493608 26.11843646 14.30693608 0 P 0
L 25.86443646 14.81493608 26.37243646 14.56093608 0 P 0
L 25.88296322 15.50453592 26.39096322 15.25053592 0 P 0
L 25.88296322 16.01253592 26.39096322 16.26653592 0 P 0
L 25.8943475 72.44181346 26.1483475 72.94981346 0 P 0
L 25.8943475 72.44181346 26.4023475 72.69581346 0 P 0
L 25.8943475 73.45781346 26.1483475 72.94981346 0 P 0
L 25.8943475 73.45781346 26.4023475 73.20381346 0 P 0
L 25.92219606 31.86276076 26.17619606 32.37076076 0 P 0
L 25.92219606 31.86276076 26.43019606 32.11676076 0 P 0
L 25.92219606 32.87876076 26.17619606 32.37076076 0 P 0
L 25.92219606 32.87876076 26.43019606 32.62476076 0 P 0
L 25.92963572 60.76425998 26.18363572 60.25625998 0 P 0
L 25.92963572 60.76425998 26.18363572 61.27225998 0 P 0
L 25.93508656 46.77981246 26.18908656 47.28781246 0 P 0
L 25.93508656 46.77981246 26.44308656 47.03381246 0 P 0
L 25.93508656 47.79581246 26.18908656 47.28781246 0 P 0
L 25.93508656 47.79581246 26.44308656 47.54181246 0 P 0
L 25.95314342 66.55846734 26.20714342 67.06646734 0 P 0
L 25.95314342 66.55846734 26.46114342 66.81246734 0 P 0
L 25.95314342 67.21246654 26.20714342 67.72046654 0 P 0
L 25.95314342 67.21246654 26.46114342 67.46646654 0 P 0
L 25.95314342 67.57446734 26.20714342 67.06646734 0 P 0
L 25.95314342 67.57446734 26.46114342 67.32046734 0 P 0
L 25.95314342 67.86646574 26.20714342 68.37446574 0 P 0
L 25.95314342 67.86646574 26.46114342 68.12046574 0 P 0
L 25.95314342 68.22846654 26.20714342 67.72046654 0 P 0
L 25.95314342 68.22846654 26.46114342 67.97446654 0 P 0
L 25.95314342 68.52046494 26.20714342 69.02846494 0 P 0
L 25.95314342 68.52046494 26.46114342 68.77446494 0 P 0
L 25.95314342 68.88246574 26.20714342 68.37446574 0 P 0
L 25.95314342 68.88246574 26.46114342 68.62846574 0 P 0
L 25.95314342 69.17446414 26.20714342 69.68246414 0 P 0
L 25.95314342 69.17446414 26.46114342 69.42846414 0 P 0
L 25.95314342 69.53646494 26.20714342 69.02846494 0 P 0
L 25.95314342 69.53646494 26.46114342 69.28246494 0 P 0
L 25.95314342 69.82846334 26.20714342 70.33646334 0 P 0
L 25.95314342 69.82846334 26.46114342 70.08246334 0 P 0
L 25.95314342 70.19046414 26.20714342 69.68246414 0 P 0
L 25.95314342 70.19046414 26.46114342 69.93646414 0 P 0
L 25.95314342 70.48246254 26.20714342 70.99046254 0 P 0
L 25.95314342 70.48246254 26.46114342 70.73646254 0 P 0
L 25.95314342 70.84446334 26.20714342 70.33646334 0 P 0
L 25.95314342 70.84446334 26.46114342 70.59046334 0 P 0
L 25.95314342 71.13646174 26.20714342 71.64446174 0 P 0
L 25.95314342 71.13646174 26.46114342 71.39046174 0 P 0
L 25.95314342 71.49846254 26.20714342 70.99046254 0 P 0
L 25.95314342 71.49846254 26.46114342 71.24446254 0 P 0
L 25.95314342 71.79046094 26.20714342 72.29846094 0 P 0
L 25.95314342 71.79046094 26.46114342 72.04446094 0 P 0
L 25.95314342 72.15246174 26.20714342 71.64446174 0 P 0
L 25.95314342 72.15246174 26.46114342 71.89846174 0 P 0
L 25.95314342 72.80646094 26.20714342 72.29846094 0 P 0
L 25.95314342 72.80646094 26.46114342 72.55246094 0 P 0
L 25.95904638 65.90449608 26.21304638 66.41249608 0 P 0
L 25.95904638 65.90449608 26.46704638 66.15849608 0 P 0
L 25.95904638 66.92049608 26.21304638 66.41249608 0 P 0
L 25.95904638 66.92049608 26.46704638 66.66649608 0 P 0
L 25.9631434 47.43320968 26.2171434 47.94120968 0 P 0
L 25.9631434 47.43320968 26.4711434 47.68720968 0 P 0
L 25.9631434 48.08720888 26.2171434 48.59520888 0 P 0
L 25.9631434 48.08720888 26.4711434 48.34120888 0 P 0
L 25.9631434 48.44920968 26.2171434 47.94120968 0 P 0
L 25.9631434 48.44920968 26.4711434 48.19520968 0 P 0
L 25.9631434 48.74120808 26.2171434 49.24920808 0 P 0
L 25.9631434 48.74120808 26.4711434 48.99520808 0 P 0
L 25.9631434 49.10320888 26.2171434 48.59520888 0 P 0
L 25.9631434 49.10320888 26.4711434 48.84920888 0 P 0
L 25.9631434 49.39520728 26.2171434 49.90320728 0 P 0
L 25.9631434 49.39520728 26.4711434 49.64920728 0 P 0
L 25.9631434 49.75720808 26.2171434 49.24920808 0 P 0
L 25.9631434 49.75720808 26.4711434 49.50320808 0 P 0
L 25.9631434 50.04920648 26.2171434 50.55720648 0 P 0
L 25.9631434 50.04920648 26.4711434 50.30320648 0 P 0
L 25.9631434 50.41120728 26.2171434 49.90320728 0 P 0
L 25.9631434 50.41120728 26.4711434 50.15720728 0 P 0
L 25.9631434 50.70320568 26.2171434 51.21120568 0 P 0
L 25.9631434 50.70320568 26.4711434 50.95720568 0 P 0
L 25.9631434 51.06520648 26.2171434 50.55720648 0 P 0
L 25.9631434 51.06520648 26.4711434 50.81120648 0 P 0
L 25.9631434 51.35720488 26.2171434 51.86520488 0 P 0
L 25.9631434 51.35720488 26.4711434 51.61120488 0 P 0
L 25.9631434 51.71920568 26.2171434 51.21120568 0 P 0
L 25.9631434 51.71920568 26.4711434 51.46520568 0 P 0
L 25.9631434 52.01120408 26.2171434 52.51920408 0 P 0
L 25.9631434 52.01120408 26.4711434 52.26520408 0 P 0
L 25.9631434 52.37320488 26.2171434 51.86520488 0 P 0
L 25.9631434 52.37320488 26.4711434 52.11920488 0 P 0
L 25.9631434 52.66520328 26.2171434 53.17320328 0 P 0
L 25.9631434 52.66520328 26.4711434 52.91920328 0 P 0
L 25.9631434 53.02720408 26.2171434 52.51920408 0 P 0
L 25.9631434 53.02720408 26.4711434 52.77320408 0 P 0
L 25.9631434 53.68120328 26.2171434 53.17320328 0 P 0
L 25.9631434 53.68120328 26.4711434 53.42720328 0 P 0
L 25.96696864 74.03932868 26.22096864 73.53132868 0 P 0
L 25.96696864 74.03932868 26.22096864 74.54732868 0 P 0
L 25.97243726 14.30693608 26.22643726 13.79893608 0 P 0
L 25.97243726 14.30693608 26.22643726 14.81493608 0 P 0
L 25.99921648 44.64303238 26.50721648 44.38903238 0 P 0
L 25.99921648 45.15103238 26.50721648 45.40503238 0 P 0
L 25.99951112 53.31819156 26.25351112 53.82619156 0 P 0
L 25.99951112 53.31819156 26.50751112 53.57219156 0 P 0
L 25.99951112 54.33419156 26.25351112 53.82619156 0 P 0
L 25.99951112 54.33419156 26.50751112 54.08019156 0 P 0
L 26.0018657 75.29304474 26.2558657 74.78504474 0 P 0
L 26.0018657 75.29304474 26.2558657 75.80104474 0 P 0
L 26.02133226 44.7720339 26.27533226 45.2800339 0 P 0
L 26.02133226 44.7720339 26.52933226 45.0260339 0 P 0
L 26.02133226 45.7880339 26.27533226 45.2800339 0 P 0
L 26.02133226 45.7880339 26.52933226 45.5340339 0 P 0
L 26.02281816 32.6283828 26.53081816 32.3743828 0 P 0
L 26.02281816 33.1363828 26.53081816 33.3903828 0 P 0
L 26.02896242 15.25053592 26.28296242 15.75853592 0 P 0
L 26.02896242 15.25053592 26.53696242 15.50453592 0 P 0
L 26.02896242 16.26653592 26.28296242 15.75853592 0 P 0
L 26.02896242 16.26653592 26.53696242 16.01253592 0 P 0
L 26.03812928 65.25529494 26.29212928 65.76329494 0 P 0
L 26.03812928 65.25529494 26.54612928 65.50929494 0 P 0
L 26.03812928 66.27129494 26.29212928 65.76329494 0 P 0
L 26.03812928 66.27129494 26.54612928 66.01729494 0 P 0
L 26.08792344 59.05866014 26.59592344 58.80466014 0 P 0
L 26.08792344 59.56666014 26.59592344 59.82066014 0 P 0
L 26.0900926 34.16558318 26.3440926 33.65758318 0 P 0
L 26.0900926 34.16558318 26.3440926 34.67358318 0 P 0
L 26.0900926 34.81958238 26.3440926 34.31158238 0 P 0
L 26.0900926 34.81958238 26.3440926 35.32758238 0 P 0
L 26.0900926 35.47358158 26.3440926 34.96558158 0 P 0
L 26.0900926 35.47358158 26.3440926 35.98158158 0 P 0
L 26.0900926 36.12758078 26.3440926 35.61958078 0 P 0
L 26.0900926 36.12758078 26.3440926 36.63558078 0 P 0
L 26.0900926 36.78157998 26.3440926 36.27357998 0 P 0
L 26.0900926 36.78157998 26.3440926 37.28957998 0 P 0
L 26.0900926 37.43557918 26.3440926 36.92757918 0 P 0
L 26.0900926 37.43557918 26.3440926 37.94357918 0 P 0
L 26.0900926 38.08957838 26.3440926 37.58157838 0 P 0
L 26.0900926 38.08957838 26.3440926 38.59757838 0 P 0
L 26.0900926 38.74357758 26.3440926 38.23557758 0 P 0
L 26.0900926 38.74357758 26.3440926 39.25157758 0 P 0
L 26.0900926 39.39757678 26.3440926 38.88957678 0 P 0
L 26.0900926 39.39757678 26.3440926 39.90557678 0 P 0
L 26.0900926 40.05157598 26.3440926 39.54357598 0 P 0
L 26.0900926 40.05157598 26.3440926 40.55957598 0 P 0
L 26.0900926 40.70557518 26.3440926 40.19757518 0 P 0
L 26.0900926 40.70557518 26.3440926 41.21357518 0 P 0
L 26.0900926 41.35957438 26.3440926 40.85157438 0 P 0
L 26.0900926 41.35957438 26.3440926 41.86757438 0 P 0
L 26.09862446 33.51163986 26.35262446 33.00363986 0 P 0
L 26.09862446 33.51163986 26.35262446 34.01963986 0 P 0
L 26.10388734 41.86569224 26.35788734 42.37369224 0 P 0
L 26.10388734 41.86569224 26.61188734 42.11969224 0 P 0
L 26.10388734 42.88169224 26.35788734 42.37369224 0 P 0
L 26.10388734 42.88169224 26.61188734 42.62769224 0 P 0
L 26.1116318 46.13665398 26.3656318 45.62865398 0 P 0
L 26.1116318 46.13665398 26.3656318 46.64465398 0 P 0
L 26.13696322 15.75853592 26.39096322 15.25053592 0 P 0
L 26.13696322 15.75853592 26.39096322 16.26653592 0 P 0
L 26.13868788 53.95720984 26.39268788 54.46520984 0 P 0
L 26.13868788 53.95720984 26.64668788 54.21120984 0 P 0
L 26.13868788 54.97320984 26.39268788 54.46520984 0 P 0
L 26.13868788 54.97320984 26.64668788 54.71920984 0 P 0
L 26.1443343 42.57697606 26.6523343 42.32297606 0 P 0
L 26.1443343 43.08497606 26.6523343 43.33897606 0 P 0
L 26.1507732 73.29948764 26.6587732 73.04548764 0 P 0
L 26.1507732 73.80748764 26.6587732 74.06148764 0 P 0
L 26.21341214 64.62522254 26.46741214 65.13322254 0 P 0
L 26.21341214 64.62522254 26.72141214 64.87922254 0 P 0
L 26.21341214 65.64122254 26.46741214 65.13322254 0 P 0
L 26.21341214 65.64122254 26.72141214 65.38722254 0 P 0
L 26.23392264 58.80466014 26.48792264 59.31266014 0 P 0
L 26.23392264 58.80466014 26.74192264 59.05866014 0 P 0
L 26.23392264 59.82066014 26.48792264 59.31266014 0 P 0
L 26.23392264 59.82066014 26.74192264 59.56666014 0 P 0
L 26.2427085 46.41126608 26.7507085 46.15726608 0 P 0
L 26.2427085 46.91926608 26.7507085 47.17326608 0 P 0
L 26.25321648 44.89703238 26.50721648 44.38903238 0 P 0
L 26.25321648 44.89703238 26.50721648 45.40503238 0 P 0
L 26.27681816 32.8823828 26.53081816 32.3743828 0 P 0
L 26.27681816 32.8823828 26.53081816 33.3903828 0 P 0
L 26.2788654 74.00458402 26.5328654 74.51258402 0 P 0
L 26.2788654 74.00458402 26.7868654 74.25858402 0 P 0
L 26.2788654 75.02058402 26.5328654 74.51258402 0 P 0
L 26.2788654 75.02058402 26.7868654 74.76658402 0 P 0
L 26.3121267 74.70840278 26.8201267 74.45440278 0 P 0
L 26.3121267 75.21640278 26.8201267 75.47040278 0 P 0
L 26.32963492 60.51025998 26.83763492 60.25625998 0 P 0
L 26.32963492 61.01825998 26.83763492 61.27225998 0 P 0
L 26.34192344 59.31266014 26.59592344 58.80466014 0 P 0
L 26.34192344 59.31266014 26.59592344 59.82066014 0 P 0
L 26.37188274 54.56821954 26.62588274 55.07621954 0 P 0
L 26.37188274 54.56821954 26.87988274 54.82221954 0 P 0
L 26.37188274 55.58421954 26.62588274 55.07621954 0 P 0
L 26.37188274 55.58421954 26.87988274 55.33021954 0 P 0
L 26.37243646 14.05293608 26.88043646 13.79893608 0 P 0
L 26.37243646 14.56093608 26.88043646 14.81493608 0 P 0
L 26.37349818 41.26985396 26.62749818 41.77785396 0 P 0
L 26.37349818 41.26985396 26.88149818 41.52385396 0 P 0
L 26.37349818 42.28585396 26.62749818 41.77785396 0 P 0
L 26.37349818 42.28585396 26.88149818 42.03185396 0 P 0
L 26.3983343 42.83097606 26.6523343 42.32297606 0 P 0
L 26.3983343 42.83097606 26.6523343 43.33897606 0 P 0
L 26.4023475 72.69581346 26.9103475 72.44181346 0 P 0
L 26.4023475 73.20381346 26.9103475 73.45781346 0 P 0
L 26.4047732 73.55348764 26.6587732 73.04548764 0 P 0
L 26.4047732 73.55348764 26.6587732 74.06148764 0 P 0
L 26.41192076 33.42299132 26.66592076 33.93099132 0 P 0
L 26.41192076 33.42299132 26.91992076 33.67699132 0 P 0
L 26.41192076 34.07699052 26.66592076 34.58499052 0 P 0
L 26.41192076 34.07699052 26.91992076 34.33099052 0 P 0
L 26.41192076 34.43899132 26.66592076 33.93099132 0 P 0
L 26.41192076 34.43899132 26.91992076 34.18499132 0 P 0
L 26.41192076 34.73098972 26.66592076 35.23898972 0 P 0
L 26.41192076 34.73098972 26.91992076 34.98498972 0 P 0
L 26.41192076 35.09299052 26.66592076 34.58499052 0 P 0
L 26.41192076 35.09299052 26.91992076 34.83899052 0 P 0
L 26.41192076 35.38498892 26.66592076 35.89298892 0 P 0
L 26.41192076 35.38498892 26.91992076 35.63898892 0 P 0
L 26.41192076 35.74698972 26.66592076 35.23898972 0 P 0
L 26.41192076 35.74698972 26.91992076 35.49298972 0 P 0
L 26.41192076 36.03898812 26.66592076 36.54698812 0 P 0
L 26.41192076 36.03898812 26.91992076 36.29298812 0 P 0
L 26.41192076 36.40098892 26.66592076 35.89298892 0 P 0
L 26.41192076 36.40098892 26.91992076 36.14698892 0 P 0
L 26.41192076 36.69298732 26.66592076 37.20098732 0 P 0
L 26.41192076 36.69298732 26.91992076 36.94698732 0 P 0
L 26.41192076 37.05498812 26.66592076 36.54698812 0 P 0
L 26.41192076 37.05498812 26.91992076 36.80098812 0 P 0
L 26.41192076 37.34698652 26.66592076 37.85498652 0 P 0
L 26.41192076 37.34698652 26.91992076 37.60098652 0 P 0
L 26.41192076 37.70898732 26.66592076 37.20098732 0 P 0
L 26.41192076 37.70898732 26.91992076 37.45498732 0 P 0
L 26.41192076 38.00098572 26.66592076 38.50898572 0 P 0
L 26.41192076 38.00098572 26.91992076 38.25498572 0 P 0
L 26.41192076 38.36298652 26.66592076 37.85498652 0 P 0
L 26.41192076 38.36298652 26.91992076 38.10898652 0 P 0
L 26.41192076 38.65498492 26.66592076 39.16298492 0 P 0
L 26.41192076 38.65498492 26.91992076 38.90898492 0 P 0
L 26.41192076 39.01698572 26.66592076 38.50898572 0 P 0
L 26.41192076 39.01698572 26.91992076 38.76298572 0 P 0
L 26.41192076 39.30898412 26.66592076 39.81698412 0 P 0
L 26.41192076 39.30898412 26.91992076 39.56298412 0 P 0
L 26.41192076 39.67098492 26.66592076 39.16298492 0 P 0
L 26.41192076 39.67098492 26.91992076 39.41698492 0 P 0
L 26.41192076 39.96298332 26.66592076 40.47098332 0 P 0
L 26.41192076 39.96298332 26.91992076 40.21698332 0 P 0
L 26.41192076 40.32498412 26.66592076 39.81698412 0 P 0
L 26.41192076 40.32498412 26.91992076 40.07098412 0 P 0
L 26.41192076 40.61698252 26.66592076 41.12498252 0 P 0
L 26.41192076 40.61698252 26.91992076 40.87098252 0 P 0
L 26.41192076 40.97898332 26.66592076 40.47098332 0 P 0
L 26.41192076 40.97898332 26.91992076 40.72498332 0 P 0
L 26.41192076 41.63298252 26.66592076 41.12498252 0 P 0
L 26.41192076 41.63298252 26.91992076 41.37898252 0 P 0
L 26.43019606 32.11676076 26.93819606 31.86276076 0 P 0
L 26.43019606 32.62476076 26.93819606 32.87876076 0 P 0
L 26.44308656 47.03381246 26.95108656 46.77981246 0 P 0
L 26.44308656 47.54181246 26.95108656 47.79581246 0 P 0
L 26.46114342 66.81246734 26.96914342 66.55846734 0 P 0
L 26.46114342 67.32046734 26.96914342 67.57446734 0 P 0
L 26.46114342 67.46646654 26.96914342 67.21246654 0 P 0
L 26.46114342 67.97446654 26.96914342 68.22846654 0 P 0
L 26.46114342 68.12046574 26.96914342 67.86646574 0 P 0
L 26.46114342 68.62846574 26.96914342 68.88246574 0 P 0
L 26.46114342 68.77446494 26.96914342 68.52046494 0 P 0
L 26.46114342 69.28246494 26.96914342 69.53646494 0 P 0
L 26.46114342 69.42846414 26.96914342 69.17446414 0 P 0
L 26.46114342 69.93646414 26.96914342 70.19046414 0 P 0
L 26.46114342 70.08246334 26.96914342 69.82846334 0 P 0
L 26.46114342 70.59046334 26.96914342 70.84446334 0 P 0
L 26.46114342 70.73646254 26.96914342 70.48246254 0 P 0
L 26.46114342 71.24446254 26.96914342 71.49846254 0 P 0
L 26.46114342 71.39046174 26.96914342 71.13646174 0 P 0
L 26.46114342 71.89846174 26.96914342 72.15246174 0 P 0
L 26.46114342 72.04446094 26.96914342 71.79046094 0 P 0
L 26.46114342 72.55246094 26.96914342 72.80646094 0 P 0
L 26.46145838 45.25577436 26.71545838 45.76377436 0 P 0
L 26.46145838 45.25577436 26.96945838 45.50977436 0 P 0
L 26.46145838 46.27177436 26.71545838 45.76377436 0 P 0
L 26.46145838 46.27177436 26.96945838 46.01777436 0 P 0
L 26.46704638 66.15849608 26.97504638 65.90449608 0 P 0
L 26.46704638 66.66649608 26.97504638 66.92049608 0 P 0
L 26.4711434 47.68720968 26.9791434 47.43320968 0 P 0
L 26.4711434 48.19520968 26.9791434 48.44920968 0 P 0
L 26.4711434 48.34120888 26.9791434 48.08720888 0 P 0
L 26.4711434 48.84920888 26.9791434 49.10320888 0 P 0
L 26.4711434 48.99520808 26.9791434 48.74120808 0 P 0
L 26.4711434 49.50320808 26.9791434 49.75720808 0 P 0
L 26.4711434 49.64920728 26.9791434 49.39520728 0 P 0
L 26.4711434 50.15720728 26.9791434 50.41120728 0 P 0
L 26.4711434 50.30320648 26.9791434 50.04920648 0 P 0
L 26.4711434 50.81120648 26.9791434 51.06520648 0 P 0
L 26.4711434 50.95720568 26.9791434 50.70320568 0 P 0
L 26.4711434 51.46520568 26.9791434 51.71920568 0 P 0
L 26.4711434 51.61120488 26.9791434 51.35720488 0 P 0
L 26.4711434 52.11920488 26.9791434 52.37320488 0 P 0
L 26.4711434 52.26520408 26.9791434 52.01120408 0 P 0
L 26.4711434 52.77320408 26.9791434 53.02720408 0 P 0
L 26.4711434 52.91920328 26.9791434 52.66520328 0 P 0
L 26.4711434 53.42720328 26.9791434 53.68120328 0 P 0
L 26.47563412 60.25625998 26.72963412 60.76425998 0 P 0
L 26.47563412 60.25625998 26.98363412 60.51025998 0 P 0
L 26.47563412 61.27225998 26.72963412 60.76425998 0 P 0
L 26.47563412 61.27225998 26.98363412 61.01825998 0 P 0
L 26.48092494 64.02843684 26.73492494 64.53643684 0 P 0
L 26.48092494 64.02843684 26.98892494 64.28243684 0 P 0
L 26.48092494 65.04443684 26.73492494 64.53643684 0 P 0
L 26.48092494 65.04443684 26.98892494 64.79043684 0 P 0
L 26.48986574 31.53800398 26.74386574 32.04600398 0 P 0
L 26.48986574 31.53800398 26.99786574 31.79200398 0 P 0
L 26.48986574 32.55400398 26.74386574 32.04600398 0 P 0
L 26.48986574 32.55400398 26.99786574 32.30000398 0 P 0
L 26.4967085 46.66526608 26.7507085 46.15726608 0 P 0
L 26.4967085 46.66526608 26.7507085 47.17326608 0 P 0
L 26.50751112 53.57219156 27.01551112 53.31819156 0 P 0
L 26.50751112 54.08019156 27.01551112 54.33419156 0 P 0
L 26.51843566 13.79893608 26.77243566 14.30693608 0 P 0
L 26.51843566 13.79893608 27.02643566 14.05293608 0 P 0
L 26.51843566 14.81493608 26.77243566 14.30693608 0 P 0
L 26.51843566 14.81493608 27.02643566 14.56093608 0 P 0
L 26.52933226 45.0260339 27.03733226 44.7720339 0 P 0
L 26.52933226 45.5340339 27.03733226 45.7880339 0 P 0
L 26.53696242 15.50453592 27.04496242 15.25053592 0 P 0
L 26.53696242 16.01253592 27.04496242 16.26653592 0 P 0
L 26.54612928 65.50929494 27.05412928 65.25529494 0 P 0
L 26.54612928 66.01729494 27.05412928 66.27129494 0 P 0
L 26.54813842 32.7833355 26.80213842 33.2913355 0 P 0
L 26.54813842 32.7833355 27.05613842 33.0373355 0 P 0
L 26.54813842 33.7993355 26.80213842 33.2913355 0 P 0
L 26.54813842 33.7993355 27.05613842 33.5453355 0 P 0
L 26.5661267 74.96240278 26.8201267 74.45440278 0 P 0
L 26.5661267 74.96240278 26.8201267 75.47040278 0 P 0
L 26.58363492 60.76425998 26.83763492 60.25625998 0 P 0
L 26.58363492 60.76425998 26.83763492 61.27225998 0 P 0
L 26.61188734 42.11969224 27.11988734 41.86569224 0 P 0
L 26.61188734 42.62769224 27.11988734 42.88169224 0 P 0
L 26.62643646 14.30693608 26.88043646 13.79893608 0 P 0
L 26.62643646 14.30693608 26.88043646 14.81493608 0 P 0
L 26.64668788 54.21120984 27.15468788 53.95720984 0 P 0
L 26.64668788 54.71920984 27.15468788 54.97320984 0 P 0
L 26.65575314 73.47010198 26.90975314 73.97810198 0 P 0
L 26.65575314 73.47010198 27.16375314 73.72410198 0 P 0
L 26.65575314 74.48610198 26.90975314 73.97810198 0 P 0
L 26.65575314 74.48610198 27.16375314 74.23210198 0 P 0
L 26.6563475 72.94981346 26.9103475 72.44181346 0 P 0
L 26.6563475 72.94981346 26.9103475 73.45781346 0 P 0
L 26.68296162 15.25053592 26.93696162 15.75853592 0 P 0
L 26.68296162 15.25053592 27.19096162 15.50453592 0 P 0
L 26.68296162 16.26653592 26.93696162 15.75853592 0 P 0
L 26.68296162 16.26653592 27.19096162 16.01253592 0 P 0
L 26.68419606 32.37076076 26.93819606 31.86276076 0 P 0
L 26.68419606 32.37076076 26.93819606 32.87876076 0 P 0
L 26.69388362 55.1374564 26.94788362 55.6454564 0 P 0
L 26.69388362 55.1374564 27.20188362 55.3914564 0 P 0
L 26.69388362 56.1534564 26.94788362 55.6454564 0 P 0
L 26.69388362 56.1534564 27.20188362 55.8994564 0 P 0
L 26.69708656 47.28781246 26.95108656 46.77981246 0 P 0
L 26.69708656 47.28781246 26.95108656 47.79581246 0 P 0
L 26.71514342 67.06646734 26.96914342 66.55846734 0 P 0
L 26.71514342 67.06646734 26.96914342 67.57446734 0 P 0
L 26.71514342 67.72046654 26.96914342 67.21246654 0 P 0
L 26.71514342 67.72046654 26.96914342 68.22846654 0 P 0
L 26.71514342 68.37446574 26.96914342 67.86646574 0 P 0
L 26.71514342 68.37446574 26.96914342 68.88246574 0 P 0
L 26.71514342 69.02846494 26.96914342 68.52046494 0 P 0
L 26.71514342 69.02846494 26.96914342 69.53646494 0 P 0
L 26.71514342 69.68246414 26.96914342 69.17446414 0 P 0
L 26.71514342 69.68246414 26.96914342 70.19046414 0 P 0
L 26.71514342 70.33646334 26.96914342 69.82846334 0 P 0
L 26.71514342 70.33646334 26.96914342 70.84446334 0 P 0
L 26.71514342 70.99046254 26.96914342 70.48246254 0 P 0
L 26.71514342 70.99046254 26.96914342 71.49846254 0 P 0
L 26.71514342 71.64446174 26.96914342 71.13646174 0 P 0
L 26.71514342 71.64446174 26.96914342 72.15246174 0 P 0
L 26.71514342 72.29846094 26.96914342 71.79046094 0 P 0
L 26.71514342 72.29846094 26.96914342 72.80646094 0 P 0
L 26.72104638 66.41249608 26.97504638 65.90449608 0 P 0
L 26.72104638 66.41249608 26.97504638 66.92049608 0 P 0
L 26.72141214 64.87922254 27.22941214 64.62522254 0 P 0
L 26.72141214 65.38722254 27.22941214 65.64122254 0 P 0
L 26.7251434 47.94120968 26.9791434 47.43320968 0 P 0
L 26.7251434 47.94120968 26.9791434 48.44920968 0 P 0
L 26.7251434 48.59520888 26.9791434 48.08720888 0 P 0
L 26.7251434 48.59520888 26.9791434 49.10320888 0 P 0
L 26.7251434 49.24920808 26.9791434 48.74120808 0 P 0
L 26.7251434 49.24920808 26.9791434 49.75720808 0 P 0
L 26.7251434 49.90320728 26.9791434 49.39520728 0 P 0
L 26.7251434 49.90320728 26.9791434 50.41120728 0 P 0
L 26.7251434 50.55720648 26.9791434 50.04920648 0 P 0
L 26.7251434 50.55720648 26.9791434 51.06520648 0 P 0
L 26.7251434 51.21120568 26.9791434 50.70320568 0 P 0
L 26.7251434 51.21120568 26.9791434 51.71920568 0 P 0
L 26.7251434 51.86520488 26.9791434 51.35720488 0 P 0
L 26.7251434 51.86520488 26.9791434 52.37320488 0 P 0
L 26.7251434 52.51920408 26.9791434 52.01120408 0 P 0
L 26.7251434 52.51920408 26.9791434 53.02720408 0 P 0
L 26.7251434 53.17320328 26.9791434 52.66520328 0 P 0
L 26.7251434 53.17320328 26.9791434 53.68120328 0 P 0
L 26.74192264 59.05866014 27.24992264 58.80466014 0 P 0
L 26.74192264 59.56666014 27.24992264 59.82066014 0 P 0
L 26.76151112 53.82619156 27.01551112 53.31819156 0 P 0
L 26.76151112 53.82619156 27.01551112 54.33419156 0 P 0
L 26.78333226 45.2800339 27.03733226 44.7720339 0 P 0
L 26.78333226 45.2800339 27.03733226 45.7880339 0 P 0
L 26.78393424 45.82474198 27.03793424 46.33274198 0 P 0
L 26.78393424 45.82474198 27.29193424 46.07874198 0 P 0
L 26.78393424 46.84074198 27.03793424 46.33274198 0 P 0
L 26.78393424 46.84074198 27.29193424 46.58674198 0 P 0
L 26.7868654 74.25858402 27.2948654 74.00458402 0 P 0
L 26.7868654 74.76658402 27.2948654 75.02058402 0 P 0
L 26.79096242 15.75853592 27.04496242 15.25053592 0 P 0
L 26.79096242 15.75853592 27.04496242 16.26653592 0 P 0
L 26.80012928 65.76329494 27.05412928 65.25529494 0 P 0
L 26.80012928 65.76329494 27.05412928 66.27129494 0 P 0
L 26.83461486 63.47833126 27.08861486 63.98633126 0 P 0
L 26.83461486 63.47833126 27.34261486 63.73233126 0 P 0
L 26.83461486 64.49433126 27.08861486 63.98633126 0 P 0
L 26.83461486 64.49433126 27.34261486 64.24033126 0 P 0
L 26.86588734 42.37369224 27.11988734 41.86569224 0 P 0
L 26.86588734 42.37369224 27.11988734 42.88169224 0 P 0
L 26.87988274 54.82221954 27.38788274 54.56821954 0 P 0
L 26.87988274 55.33021954 27.38788274 55.58421954 0 P 0
L 26.88149818 41.52385396 27.38949818 41.26985396 0 P 0
L 26.88149818 42.03185396 27.38949818 42.28585396 0 P 0
L 26.88792184 58.80466014 27.14192184 59.31266014 0 P 0
L 26.88792184 58.80466014 27.39592184 59.05866014 0 P 0
L 26.88792184 59.82066014 27.14192184 59.31266014 0 P 0
L 26.88792184 59.82066014 27.39592184 59.56666014 0 P 0
L 26.90068788 54.46520984 27.15468788 53.95720984 0 P 0
L 26.90068788 54.46520984 27.15468788 54.97320984 0 P 0
L 26.90947628 72.86732696 27.16347628 73.37532696 0 P 0
L 26.90947628 72.86732696 27.41747628 73.12132696 0 P 0
L 26.90947628 73.88332696 27.16347628 73.37532696 0 P 0
L 26.90947628 73.88332696 27.41747628 73.62932696 0 P 0
L 26.91992076 33.67699132 27.42792076 33.42299132 0 P 0
L 26.91992076 34.18499132 27.42792076 34.43899132 0 P 0
L 26.91992076 34.33099052 27.42792076 34.07699052 0 P 0
L 26.91992076 34.83899052 27.42792076 35.09299052 0 P 0
L 26.91992076 34.98498972 27.42792076 34.73098972 0 P 0
L 26.91992076 35.49298972 27.42792076 35.74698972 0 P 0
L 26.91992076 35.63898892 27.42792076 35.38498892 0 P 0
L 26.91992076 36.14698892 27.42792076 36.40098892 0 P 0
L 26.91992076 36.29298812 27.42792076 36.03898812 0 P 0
L 26.91992076 36.80098812 27.42792076 37.05498812 0 P 0
L 26.91992076 36.94698732 27.42792076 36.69298732 0 P 0
L 26.91992076 37.45498732 27.42792076 37.70898732 0 P 0
L 26.91992076 37.60098652 27.42792076 37.34698652 0 P 0
L 26.91992076 38.10898652 27.42792076 38.36298652 0 P 0
L 26.91992076 38.25498572 27.42792076 38.00098572 0 P 0
L 26.91992076 38.76298572 27.42792076 39.01698572 0 P 0
L 26.91992076 38.90898492 27.42792076 38.65498492 0 P 0
L 26.91992076 39.41698492 27.42792076 39.67098492 0 P 0
L 26.91992076 39.56298412 27.42792076 39.30898412 0 P 0
L 26.91992076 40.07098412 27.42792076 40.32498412 0 P 0
L 26.91992076 40.21698332 27.42792076 39.96298332 0 P 0
L 26.91992076 40.72498332 27.42792076 40.97898332 0 P 0
L 26.91992076 40.87098252 27.42792076 40.61698252 0 P 0
L 26.91992076 41.37898252 27.42792076 41.63298252 0 P 0
L 26.96945838 45.50977436 27.47745838 45.25577436 0 P 0
L 26.96945838 46.01777436 27.47745838 46.27177436 0 P 0
L 26.97541214 65.13322254 27.22941214 64.62522254 0 P 0
L 26.97541214 65.13322254 27.22941214 65.64122254 0 P 0
L 26.98321756 46.44763888 27.23721756 46.95563888 0 P 0
L 26.98321756 46.44763888 27.49121756 46.70163888 0 P 0
L 26.98321756 47.46363888 27.23721756 46.95563888 0 P 0
L 26.98321756 47.46363888 27.49121756 47.20963888 0 P 0
L 26.98363412 60.51025998 27.49163412 60.25625998 0 P 0
L 26.98363412 61.01825998 27.49163412 61.27225998 0 P 0
L 26.98892494 64.28243684 27.49692494 64.02843684 0 P 0
L 26.98892494 64.79043684 27.49692494 65.04443684 0 P 0
L 26.99592264 59.31266014 27.24992264 58.80466014 0 P 0
L 26.99592264 59.31266014 27.24992264 59.82066014 0 P 0
L 26.99786574 31.79200398 27.50586574 31.53800398 0 P 0
L 26.99786574 32.30000398 27.50586574 32.55400398 0 P 0
L 27.0246094 72.2235411 27.2786094 72.7315411 0 P 0
L 27.0246094 72.2235411 27.5326094 72.4775411 0 P 0
L 27.0246094 73.2395411 27.2786094 72.7315411 0 P 0
L 27.0246094 73.2395411 27.5326094 72.9855411 0 P 0
L 27.02643566 14.05293608 27.53443566 13.79893608 0 P 0
L 27.02643566 14.56093608 27.53443566 14.81493608 0 P 0
L 27.03697158 66.33766514 27.29097158 66.84566514 0 P 0
L 27.03697158 66.33766514 27.54497158 66.59166514 0 P 0
L 27.03697158 66.99166434 27.29097158 67.49966434 0 P 0
L 27.03697158 66.99166434 27.54497158 67.24566434 0 P 0
L 27.03697158 67.35366514 27.29097158 66.84566514 0 P 0
L 27.03697158 67.35366514 27.54497158 67.09966514 0 P 0
L 27.03697158 67.64566354 27.29097158 68.15366354 0 P 0
L 27.03697158 67.64566354 27.54497158 67.89966354 0 P 0
L 27.03697158 68.00766434 27.29097158 67.49966434 0 P 0
L 27.03697158 68.00766434 27.54497158 67.75366434 0 P 0
L 27.03697158 68.29966274 27.29097158 68.80766274 0 P 0
L 27.03697158 68.29966274 27.54497158 68.55366274 0 P 0
L 27.03697158 68.66166354 27.29097158 68.15366354 0 P 0
L 27.03697158 68.66166354 27.54497158 68.40766354 0 P 0
L 27.03697158 68.95366194 27.29097158 69.46166194 0 P 0
L 27.03697158 68.95366194 27.54497158 69.20766194 0 P 0
L 27.03697158 69.31566274 27.29097158 68.80766274 0 P 0
L 27.03697158 69.31566274 27.54497158 69.06166274 0 P 0
L 27.03697158 69.60766114 27.29097158 70.11566114 0 P 0
L 27.03697158 69.60766114 27.54497158 69.86166114 0 P 0
L 27.03697158 69.96966194 27.29097158 69.46166194 0 P 0
L 27.03697158 69.96966194 27.54497158 69.71566194 0 P 0
L 27.03697158 70.26166034 27.29097158 70.76966034 0 P 0
L 27.03697158 70.26166034 27.54497158 70.51566034 0 P 0
L 27.03697158 70.62366114 27.29097158 70.11566114 0 P 0
L 27.03697158 70.62366114 27.54497158 70.36966114 0 P 0
L 27.03697158 70.91565954 27.29097158 71.42365954 0 P 0
L 27.03697158 70.91565954 27.54497158 71.16965954 0 P 0
L 27.03697158 71.27766034 27.29097158 70.76966034 0 P 0
L 27.03697158 71.27766034 27.54497158 71.02366034 0 P 0
L 27.03697158 71.56965874 27.29097158 72.07765874 0 P 0
L 27.03697158 71.56965874 27.54497158 71.82365874 0 P 0
L 27.03697158 71.93165954 27.29097158 71.42365954 0 P 0
L 27.03697158 71.93165954 27.54497158 71.67765954 0 P 0
L 27.03697158 72.58565874 27.29097158 72.07765874 0 P 0
L 27.03697158 72.58565874 27.54497158 72.33165874 0 P 0
L 27.0408654 74.51258402 27.2948654 74.00458402 0 P 0
L 27.0408654 74.51258402 27.2948654 75.02058402 0 P 0
L 27.04697156 47.09852404 27.30097156 47.60652404 0 P 0
L 27.04697156 47.09852404 27.55497156 47.35252404 0 P 0
L 27.04697156 47.75252324 27.30097156 48.26052324 0 P 0
L 27.04697156 47.75252324 27.55497156 48.00652324 0 P 0
L 27.04697156 48.11452404 27.30097156 47.60652404 0 P 0
L 27.04697156 48.11452404 27.55497156 47.86052404 0 P 0
L 27.04697156 48.40652244 27.30097156 48.91452244 0 P 0
L 27.04697156 48.40652244 27.55497156 48.66052244 0 P 0
L 27.04697156 48.76852324 27.30097156 48.26052324 0 P 0
L 27.04697156 48.76852324 27.55497156 48.51452324 0 P 0
L 27.04697156 49.06052164 27.30097156 49.56852164 0 P 0
L 27.04697156 49.06052164 27.55497156 49.31452164 0 P 0
L 27.04697156 49.42252244 27.30097156 48.91452244 0 P 0
L 27.04697156 49.42252244 27.55497156 49.16852244 0 P 0
L 27.04697156 49.71452084 27.30097156 50.22252084 0 P 0
L 27.04697156 49.71452084 27.55497156 49.96852084 0 P 0
L 27.04697156 50.07652164 27.30097156 49.56852164 0 P 0
L 27.04697156 50.07652164 27.55497156 49.82252164 0 P 0
L 27.04697156 50.36852004 27.30097156 50.87652004 0 P 0
L 27.04697156 50.36852004 27.55497156 50.62252004 0 P 0
L 27.04697156 50.73052084 27.30097156 50.22252084 0 P 0
L 27.04697156 50.73052084 27.55497156 50.47652084 0 P 0
L 27.04697156 51.02251924 27.30097156 51.53051924 0 P 0
L 27.04697156 51.02251924 27.55497156 51.27651924 0 P 0
L 27.04697156 51.38452004 27.30097156 50.87652004 0 P 0
L 27.04697156 51.38452004 27.55497156 51.13052004 0 P 0
L 27.04697156 51.67651844 27.30097156 52.18451844 0 P 0
L 27.04697156 51.67651844 27.55497156 51.93051844 0 P 0
L 27.04697156 52.03851924 27.30097156 51.53051924 0 P 0
L 27.04697156 52.03851924 27.55497156 51.78451924 0 P 0
L 27.04697156 52.33051764 27.30097156 52.83851764 0 P 0
L 27.04697156 52.33051764 27.55497156 52.58451764 0 P 0
L 27.04697156 52.69251844 27.30097156 52.18451844 0 P 0
L 27.04697156 52.69251844 27.55497156 52.43851844 0 P 0
L 27.04697156 53.34651764 27.30097156 52.83851764 0 P 0
L 27.04697156 53.34651764 27.55497156 53.09251764 0 P 0
L 27.05613842 33.0373355 27.56413842 32.7833355 0 P 0
L 27.05613842 33.5453355 27.56413842 33.7993355 0 P 0
L 27.0669512 52.98421204 27.3209512 53.49221204 0 P 0
L 27.0669512 52.98421204 27.5749512 53.23821204 0 P 0
L 27.0669512 54.00021204 27.3209512 53.49221204 0 P 0
L 27.0669512 54.00021204 27.5749512 53.74621204 0 P 0
L 27.07008556 65.68450414 27.32408556 66.19250414 0 P 0
L 27.07008556 65.68450414 27.57808556 65.93850414 0 P 0
L 27.07008556 66.70050414 27.32408556 66.19250414 0 P 0
L 27.07008556 66.70050414 27.57808556 66.44650414 0 P 0
L 27.09745914 55.65208326 27.35145914 56.16008326 0 P 0
L 27.09745914 55.65208326 27.60545914 55.90608326 0 P 0
L 27.09745914 56.66808326 27.35145914 56.16008326 0 P 0
L 27.09745914 56.66808326 27.60545914 56.41408326 0 P 0
L 27.12963332 60.25625998 27.38363332 60.76425998 0 P 0
L 27.12963332 60.25625998 27.63763332 60.51025998 0 P 0
L 27.12963332 61.27225998 27.38363332 60.76425998 0 P 0
L 27.12963332 61.27225998 27.63763332 61.01825998 0 P 0
L 27.13388274 55.07621954 27.38788274 54.56821954 0 P 0
L 27.13388274 55.07621954 27.38788274 55.58421954 0 P 0
L 27.13549818 41.77785396 27.38949818 41.26985396 0 P 0
L 27.13549818 41.77785396 27.38949818 42.28585396 0 P 0
L 27.13807882 31.45121218 27.39207882 31.95921218 0 P 0
L 27.13807882 31.45121218 27.64607882 31.70521218 0 P 0
L 27.13807882 32.46721218 27.39207882 31.95921218 0 P 0
L 27.13807882 32.46721218 27.64607882 32.21321218 0 P 0
L 27.16058576 32.55394302 27.41458576 33.06194302 0 P 0
L 27.16058576 32.55394302 27.66858576 32.80794302 0 P 0
L 27.16058576 33.56994302 27.41458576 33.06194302 0 P 0
L 27.16058576 33.56994302 27.66858576 33.31594302 0 P 0
L 27.16375314 73.72410198 27.67175314 73.47010198 0 P 0
L 27.16375314 74.23210198 27.67175314 74.48610198 0 P 0
L 27.17243486 13.79893608 27.42643486 14.30693608 0 P 0
L 27.17243486 13.79893608 27.68043486 14.05293608 0 P 0
L 27.17243486 14.81493608 27.42643486 14.30693608 0 P 0
L 27.17243486 14.81493608 27.68043486 14.56093608 0 P 0
L 27.17392076 33.93099132 27.42792076 33.42299132 0 P 0
L 27.17392076 33.93099132 27.42792076 34.43899132 0 P 0
L 27.17392076 34.58499052 27.42792076 34.07699052 0 P 0
L 27.17392076 34.58499052 27.42792076 35.09299052 0 P 0
L 27.17392076 35.23898972 27.42792076 34.73098972 0 P 0
L 27.17392076 35.23898972 27.42792076 35.74698972 0 P 0
L 27.17392076 35.89298892 27.42792076 35.38498892 0 P 0
L 27.17392076 35.89298892 27.42792076 36.40098892 0 P 0
L 27.17392076 36.54698812 27.42792076 36.03898812 0 P 0
L 27.17392076 36.54698812 27.42792076 37.05498812 0 P 0
L 27.17392076 37.20098732 27.42792076 36.69298732 0 P 0
L 27.17392076 37.20098732 27.42792076 37.70898732 0 P 0
L 27.17392076 37.85498652 27.42792076 37.34698652 0 P 0
L 27.17392076 37.85498652 27.42792076 38.36298652 0 P 0
L 27.17392076 38.50898572 27.42792076 38.00098572 0 P 0
L 27.17392076 38.50898572 27.42792076 39.01698572 0 P 0
L 27.17392076 39.16298492 27.42792076 38.65498492 0 P 0
L 27.17392076 39.16298492 27.42792076 39.67098492 0 P 0
L 27.17392076 39.81698412 27.42792076 39.30898412 0 P 0
L 27.17392076 39.81698412 27.42792076 40.32498412 0 P 0
L 27.17392076 40.47098332 27.42792076 39.96298332 0 P 0
L 27.17392076 40.47098332 27.42792076 40.97898332 0 P 0
L 27.17392076 41.12498252 27.42792076 40.61698252 0 P 0
L 27.17392076 41.12498252 27.42792076 41.63298252 0 P 0
L 27.18103276 53.62818332 27.43503276 54.13618332 0 P 0
L 27.18103276 53.62818332 27.68903276 53.88218332 0 P 0
L 27.18103276 54.64418332 27.43503276 54.13618332 0 P 0
L 27.18103276 54.64418332 27.68903276 54.39018332 0 P 0
L 27.19096162 15.50453592 27.69896162 15.25053592 0 P 0
L 27.19096162 16.01253592 27.69896162 16.26653592 0 P 0
L 27.20188362 55.3914564 27.70988362 55.1374564 0 P 0
L 27.20188362 55.8994564 27.70988362 56.1534564 0 P 0
L 27.21865016 65.04760168 27.47265016 65.55560168 0 P 0
L 27.21865016 65.04760168 27.72665016 65.30160168 0 P 0
L 27.21865016 66.06360168 27.47265016 65.55560168 0 P 0
L 27.21865016 66.06360168 27.72665016 65.80960168 0 P 0
L 27.22345838 45.76377436 27.47745838 45.25577436 0 P 0
L 27.22345838 45.76377436 27.47745838 46.27177436 0 P 0
L 27.23763412 60.76425998 27.49163412 60.25625998 0 P 0
L 27.23763412 60.76425998 27.49163412 61.27225998 0 P 0
L 27.24292494 64.53643684 27.49692494 64.02843684 0 P 0
L 27.24292494 64.53643684 27.49692494 65.04443684 0 P 0
L 27.25186574 32.04600398 27.50586574 31.53800398 0 P 0
L 27.25186574 32.04600398 27.50586574 32.55400398 0 P 0
L 27.26651646 62.98723242 27.52051646 63.49523242 0 P 0
L 27.26651646 62.98723242 27.77451646 63.24123242 0 P 0
L 27.26651646 64.00323242 27.52051646 63.49523242 0 P 0
L 27.26651646 64.00323242 27.77451646 63.74923242 0 P 0
L 27.28043566 14.30693608 27.53443566 13.79893608 0 P 0
L 27.28043566 14.30693608 27.53443566 14.81493608 0 P 0
L 27.29193424 46.07874198 27.79993424 45.82474198 0 P 0
L 27.29193424 46.58674198 27.79993424 46.84074198 0 P 0
L 27.31013842 33.2913355 27.56413842 32.7833355 0 P 0
L 27.31013842 33.2913355 27.56413842 33.7993355 0 P 0
L 27.33696082 15.25053592 27.59096082 15.75853592 0 P 0
L 27.33696082 15.25053592 27.84496082 15.50453592 0 P 0
L 27.33696082 16.26653592 27.59096082 15.75853592 0 P 0
L 27.33696082 16.26653592 27.84496082 16.01253592 0 P 0
L 27.34261486 63.73233126 27.85061486 63.47833126 0 P 0
L 27.34261486 64.24033126 27.85061486 64.49433126 0 P 0
L 27.39592184 59.05866014 27.90392184 58.80466014 0 P 0
L 27.39592184 59.56666014 27.90392184 59.82066014 0 P 0
L 27.41747628 73.12132696 27.92547628 72.86732696 0 P 0
L 27.41747628 73.62932696 27.92547628 73.88332696 0 P 0
L 27.41775314 73.97810198 27.67175314 73.47010198 0 P 0
L 27.41775314 73.97810198 27.67175314 74.48610198 0 P 0
L 27.42068684 54.23669112 27.67468684 54.74469112 0 P 0
L 27.42068684 54.23669112 27.92868684 54.49069112 0 P 0
L 27.42068684 55.25269112 27.67468684 54.74469112 0 P 0
L 27.42068684 55.25269112 27.92868684 54.99869112 0 P 0
L 27.44496162 15.75853592 27.69896162 15.25053592 0 P 0
L 27.44496162 15.75853592 27.69896162 16.26653592 0 P 0
L 27.45588362 55.6454564 27.70988362 55.1374564 0 P 0
L 27.45588362 55.6454564 27.70988362 56.1534564 0 P 0
L 27.49121756 46.70163888 27.99921756 46.44763888 0 P 0
L 27.49121756 47.20963888 27.99921756 47.46363888 0 P 0
L 27.49765138 64.45610172 27.75165138 64.96410172 0 P 0
L 27.49765138 64.45610172 28.00565138 64.71010172 0 P 0
L 27.49765138 65.47210172 27.75165138 64.96410172 0 P 0
L 27.49765138 65.47210172 28.00565138 65.21810172 0 P 0
L 27.5326094 72.4775411 28.0406094 72.2235411 0 P 0
L 27.5326094 72.9855411 28.0406094 73.2395411 0 P 0
L 27.54192104 58.80466014 27.79592104 59.31266014 0 P 0
L 27.54192104 58.80466014 28.04992104 59.05866014 0 P 0
L 27.54192104 59.82066014 27.79592104 59.31266014 0 P 0
L 27.54192104 59.82066014 28.04992104 59.56666014 0 P 0
L 27.54497158 66.59166514 28.05297158 66.33766514 0 P 0
L 27.54497158 67.09966514 28.05297158 67.35366514 0 P 0
L 27.54497158 67.24566434 28.05297158 66.99166434 0 P 0
L 27.54497158 67.75366434 28.05297158 68.00766434 0 P 0
L 27.54497158 67.89966354 28.05297158 67.64566354 0 P 0
L 27.54497158 68.40766354 28.05297158 68.66166354 0 P 0
L 27.54497158 68.55366274 28.05297158 68.29966274 0 P 0
L 27.54497158 69.06166274 28.05297158 69.31566274 0 P 0
L 27.54497158 69.20766194 28.05297158 68.95366194 0 P 0
L 27.54497158 69.71566194 28.05297158 69.96966194 0 P 0
L 27.54497158 69.86166114 28.05297158 69.60766114 0 P 0
L 27.54497158 70.36966114 28.05297158 70.62366114 0 P 0
L 27.54497158 70.51566034 28.05297158 70.26166034 0 P 0
L 27.54497158 71.02366034 28.05297158 71.27766034 0 P 0
L 27.54497158 71.16965954 28.05297158 70.91565954 0 P 0
L 27.54497158 71.67765954 28.05297158 71.93165954 0 P 0
L 27.54497158 71.82365874 28.05297158 71.56965874 0 P 0
L 27.54497158 72.33165874 28.05297158 72.58565874 0 P 0
L 27.54593424 46.33274198 27.79993424 45.82474198 0 P 0
L 27.54593424 46.33274198 27.79993424 46.84074198 0 P 0
L 27.55497156 47.35252404 28.06297156 47.09852404 0 P 0
L 27.55497156 47.86052404 28.06297156 48.11452404 0 P 0
L 27.55497156 48.00652324 28.06297156 47.75252324 0 P 0
L 27.55497156 48.51452324 28.06297156 48.76852324 0 P 0
L 27.55497156 48.66052244 28.06297156 48.40652244 0 P 0
L 27.55497156 49.16852244 28.06297156 49.42252244 0 P 0
L 27.55497156 49.31452164 28.06297156 49.06052164 0 P 0
L 27.55497156 49.82252164 28.06297156 50.07652164 0 P 0
L 27.55497156 49.96852084 28.06297156 49.71452084 0 P 0
L 27.55497156 50.47652084 28.06297156 50.73052084 0 P 0
L 27.55497156 50.62252004 28.06297156 50.36852004 0 P 0
L 27.55497156 51.13052004 28.06297156 51.38452004 0 P 0
L 27.55497156 51.27651924 28.06297156 51.02251924 0 P 0
L 27.55497156 51.78451924 28.06297156 52.03851924 0 P 0
L 27.55497156 51.93051844 28.06297156 51.67651844 0 P 0
L 27.55497156 52.43851844 28.06297156 52.69251844 0 P 0
L 27.55497156 52.58451764 28.06297156 52.33051764 0 P 0
L 27.55497156 53.09251764 28.06297156 53.34651764 0 P 0
L 27.5735415 56.10048216 27.8275415 56.60848216 0 P 0
L 27.5735415 56.10048216 28.0815415 56.35448216 0 P 0
L 27.5735415 57.11648216 27.8275415 56.60848216 0 P 0
L 27.5735415 57.11648216 28.0815415 56.86248216 0 P 0
L 27.5749512 53.23821204 28.0829512 52.98421204 0 P 0
L 27.5749512 53.74621204 28.0829512 54.00021204 0 P 0
L 27.57808556 65.93850414 28.08608556 65.68450414 0 P 0
L 27.57808556 66.44650414 28.08608556 66.70050414 0 P 0
L 27.59661486 63.98633126 27.85061486 63.47833126 0 P 0
L 27.59661486 63.98633126 27.85061486 64.49433126 0 P 0
L 27.60545914 55.90608326 28.11345914 55.65208326 0 P 0
L 27.60545914 56.41408326 28.11345914 56.66808326 0 P 0
L 27.6347174 33.0044044 27.8887174 33.5124044 0 P 0
L 27.6347174 33.0044044 28.1427174 33.2584044 0 P 0
L 27.6347174 34.0204044 27.8887174 33.5124044 0 P 0
L 27.6347174 34.0204044 28.1427174 33.7664044 0 P 0
L 27.63763332 60.51025998 28.14563332 60.25625998 0 P 0
L 27.63763332 61.01825998 28.14563332 61.27225998 0 P 0
L 27.64607882 31.70521218 28.15407882 31.45121218 0 P 0
L 27.64607882 32.21321218 28.15407882 32.46721218 0 P 0
L 27.64992184 59.31266014 27.90392184 58.80466014 0 P 0
L 27.64992184 59.31266014 27.90392184 59.82066014 0 P 0
L 27.6582759 40.85194014 27.9122759 41.35994014 0 P 0
L 27.6582759 40.85194014 28.1662759 41.10594014 0 P 0
L 27.6582759 41.86794014 27.9122759 41.35994014 0 P 0
L 27.6582759 41.86794014 28.1662759 41.61394014 0 P 0
L 27.65909124 33.65795148 27.91309124 34.16595148 0 P 0
L 27.65909124 33.65795148 28.16709124 33.91195148 0 P 0
L 27.65909124 34.31195068 27.91309124 34.81995068 0 P 0
L 27.65909124 34.31195068 28.16709124 34.56595068 0 P 0
L 27.65909124 34.67395148 27.91309124 34.16595148 0 P 0
L 27.65909124 34.67395148 28.16709124 34.41995148 0 P 0
L 27.65909124 34.96594988 27.91309124 35.47394988 0 P 0
L 27.65909124 34.96594988 28.16709124 35.21994988 0 P 0
L 27.65909124 35.32795068 27.91309124 34.81995068 0 P 0
L 27.65909124 35.32795068 28.16709124 35.07395068 0 P 0
L 27.65909124 35.61994908 27.91309124 36.12794908 0 P 0
L 27.65909124 35.61994908 28.16709124 35.87394908 0 P 0
L 27.65909124 35.98194988 27.91309124 35.47394988 0 P 0
L 27.65909124 35.98194988 28.16709124 35.72794988 0 P 0
L 27.65909124 36.27394828 27.91309124 36.78194828 0 P 0
L 27.65909124 36.27394828 28.16709124 36.52794828 0 P 0
L 27.65909124 36.63594908 27.91309124 36.12794908 0 P 0
L 27.65909124 36.63594908 28.16709124 36.38194908 0 P 0
L 27.65909124 36.92794748 27.91309124 37.43594748 0 P 0
L 27.65909124 36.92794748 28.16709124 37.18194748 0 P 0
L 27.65909124 37.28994828 27.91309124 36.78194828 0 P 0
L 27.65909124 37.28994828 28.16709124 37.03594828 0 P 0
L 27.65909124 37.58194668 27.91309124 38.08994668 0 P 0
L 27.65909124 37.58194668 28.16709124 37.83594668 0 P 0
L 27.65909124 37.94394748 27.91309124 37.43594748 0 P 0
L 27.65909124 37.94394748 28.16709124 37.68994748 0 P 0
L 27.65909124 38.23594588 27.91309124 38.74394588 0 P 0
L 27.65909124 38.23594588 28.16709124 38.48994588 0 P 0
L 27.65909124 38.59794668 27.91309124 38.08994668 0 P 0
L 27.65909124 38.59794668 28.16709124 38.34394668 0 P 0
L 27.65909124 38.88994508 27.91309124 39.39794508 0 P 0
L 27.65909124 38.88994508 28.16709124 39.14394508 0 P 0
L 27.65909124 39.25194588 27.91309124 38.74394588 0 P 0
L 27.65909124 39.25194588 28.16709124 38.99794588 0 P 0
L 27.65909124 39.54394428 27.91309124 40.05194428 0 P 0
L 27.65909124 39.54394428 28.16709124 39.79794428 0 P 0
L 27.65909124 39.90594508 27.91309124 39.39794508 0 P 0
L 27.65909124 39.90594508 28.16709124 39.65194508 0 P 0
L 27.65909124 40.19794348 27.91309124 40.70594348 0 P 0
L 27.65909124 40.19794348 28.16709124 40.45194348 0 P 0
L 27.65909124 40.55994428 27.91309124 40.05194428 0 P 0
L 27.65909124 40.55994428 28.16709124 40.30594428 0 P 0
L 27.65909124 41.21394348 27.91309124 40.70594348 0 P 0
L 27.65909124 41.21394348 28.16709124 40.95994348 0 P 0
L 27.66858576 32.80794302 28.17658576 32.55394302 0 P 0
L 27.66858576 33.31594302 28.17658576 33.56994302 0 P 0
L 27.67147628 73.37532696 27.92547628 72.86732696 0 P 0
L 27.67147628 73.37532696 27.92547628 73.88332696 0 P 0
L 27.68043486 14.05293608 28.18843486 13.79893608 0 P 0
L 27.68043486 14.56093608 28.18843486 14.81493608 0 P 0
L 27.68903276 53.88218332 28.19703276 53.62818332 0 P 0
L 27.68903276 54.39018332 28.19703276 54.64418332 0 P 0
L 27.72665016 65.30160168 28.23465016 65.04760168 0 P 0
L 27.72665016 65.80960168 28.23465016 66.06360168 0 P 0
L 27.74521756 46.95563888 27.99921756 46.44763888 0 P 0
L 27.74521756 46.95563888 27.99921756 47.46363888 0 P 0
L 27.76689646 62.56612074 28.02089646 63.07412074 0 P 0
L 27.76689646 62.56612074 28.27489646 62.82012074 0 P 0
L 27.76689646 63.58212074 28.02089646 63.07412074 0 P 0
L 27.76689646 63.58212074 28.27489646 63.32812074 0 P 0
L 27.77082838 31.6165738 28.02482838 32.1245738 0 P 0
L 27.77082838 31.6165738 28.27882838 31.8705738 0 P 0
L 27.77082838 32.6325738 28.02482838 32.1245738 0 P 0
L 27.77082838 32.6325738 28.27882838 32.3785738 0 P 0
L 27.77280704 41.49583268 28.02680704 42.00383268 0 P 0
L 27.77280704 41.49583268 28.28080704 41.74983268 0 P 0
L 27.77280704 42.51183268 28.02680704 42.00383268 0 P 0
L 27.77280704 42.51183268 28.28080704 42.25783268 0 P 0
L 27.77451646 63.24123242 28.28251646 62.98723242 0 P 0
L 27.77451646 63.74923242 28.28251646 64.00323242 0 P 0
L 27.78363252 60.25625998 28.03763252 60.76425998 0 P 0
L 27.78363252 60.25625998 28.29163252 60.51025998 0 P 0
L 27.78363252 61.27225998 28.03763252 60.76425998 0 P 0
L 27.78363252 61.27225998 28.29163252 61.01825998 0 P 0
L 27.78588042 54.77923004 28.03988042 55.28723004 0 P 0
L 27.78588042 54.77923004 28.29388042 55.03323004 0 P 0
L 27.78588042 55.79523004 28.03988042 55.28723004 0 P 0
L 27.78588042 55.79523004 28.29388042 55.54123004 0 P 0
L 27.7866094 72.7315411 28.0406094 72.2235411 0 P 0
L 27.7866094 72.7315411 28.0406094 73.2395411 0 P 0
L 27.79897158 66.84566514 28.05297158 66.33766514 0 P 0
L 27.79897158 66.84566514 28.05297158 67.35366514 0 P 0
L 27.79897158 67.49966434 28.05297158 66.99166434 0 P 0
L 27.79897158 67.49966434 28.05297158 68.00766434 0 P 0
L 27.79897158 68.15366354 28.05297158 67.64566354 0 P 0
L 27.79897158 68.15366354 28.05297158 68.66166354 0 P 0
L 27.79897158 68.80766274 28.05297158 68.29966274 0 P 0
L 27.79897158 68.80766274 28.05297158 69.31566274 0 P 0
L 27.79897158 69.46166194 28.05297158 68.95366194 0 P 0
L 27.79897158 69.46166194 28.05297158 69.96966194 0 P 0
L 27.79897158 70.11566114 28.05297158 69.60766114 0 P 0
L 27.79897158 70.11566114 28.05297158 70.62366114 0 P 0
L 27.79897158 70.76966034 28.05297158 70.26166034 0 P 0
L 27.79897158 70.76966034 28.05297158 71.27766034 0 P 0
L 27.79897158 71.42365954 28.05297158 70.91565954 0 P 0
L 27.79897158 71.42365954 28.05297158 71.93165954 0 P 0
L 27.79897158 72.07765874 28.05297158 71.56965874 0 P 0
L 27.79897158 72.07765874 28.05297158 72.58565874 0 P 0
L 27.80897156 47.60652404 28.06297156 47.09852404 0 P 0
L 27.80897156 47.60652404 28.06297156 48.11452404 0 P 0
L 27.80897156 48.26052324 28.06297156 47.75252324 0 P 0
L 27.80897156 48.26052324 28.06297156 48.76852324 0 P 0
L 27.80897156 48.91452244 28.06297156 48.40652244 0 P 0
L 27.80897156 48.91452244 28.06297156 49.42252244 0 P 0
L 27.80897156 49.56852164 28.06297156 49.06052164 0 P 0
L 27.80897156 49.56852164 28.06297156 50.07652164 0 P 0
L 27.80897156 50.22252084 28.06297156 49.71452084 0 P 0
L 27.80897156 50.22252084 28.06297156 50.73052084 0 P 0
L 27.80897156 50.87652004 28.06297156 50.36852004 0 P 0
L 27.80897156 50.87652004 28.06297156 51.38452004 0 P 0
L 27.80897156 51.53051924 28.06297156 51.02251924 0 P 0
L 27.80897156 51.53051924 28.06297156 52.03851924 0 P 0
L 27.80897156 52.18451844 28.06297156 51.67651844 0 P 0
L 27.80897156 52.18451844 28.06297156 52.69251844 0 P 0
L 27.80897156 52.83851764 28.06297156 52.33051764 0 P 0
L 27.80897156 52.83851764 28.06297156 53.34651764 0 P 0
L 27.8247348 13.84607086 28.0787348 14.35407086 0 P 0
L 27.8247348 13.84607086 28.3327348 14.10007086 0 P 0
L 27.8247348 14.86207086 28.0787348 14.35407086 0 P 0
L 27.8247348 14.86207086 28.3327348 14.60807086 0 P 0
L 27.8289512 53.49221204 28.0829512 52.98421204 0 P 0
L 27.8289512 53.49221204 28.0829512 54.00021204 0 P 0
L 27.83208556 66.19250414 28.08608556 65.68450414 0 P 0
L 27.83208556 66.19250414 28.08608556 66.70050414 0 P 0
L 27.84496082 15.50453592 28.35296082 15.25053592 0 P 0
L 27.84496082 16.01253592 28.35296082 16.26653592 0 P 0
L 27.85945914 56.16008326 28.11345914 55.65208326 0 P 0
L 27.85945914 56.16008326 28.11345914 56.66808326 0 P 0
L 27.88407428 63.9284726 28.13807428 64.4364726 0 P 0
L 27.88407428 63.9284726 28.39207428 64.1824726 0 P 0
L 27.88407428 64.9444726 28.13807428 64.4364726 0 P 0
L 27.88407428 64.9444726 28.39207428 64.6904726 0 P 0
L 27.89163332 60.76425998 28.14563332 60.25625998 0 P 0
L 27.89163332 60.76425998 28.14563332 61.27225998 0 P 0
L 27.90007882 31.95921218 28.15407882 31.45121218 0 P 0
L 27.90007882 31.95921218 28.15407882 32.46721218 0 P 0
L 27.92258576 33.06194302 28.17658576 32.55394302 0 P 0
L 27.92258576 33.06194302 28.17658576 33.56994302 0 P 0
L 27.92868684 54.49069112 28.43668684 54.23669112 0 P 0
L 27.92868684 54.99869112 28.43668684 55.25269112 0 P 0
L 27.92917452 15.52801568 28.18317452 16.03601568 0 P 0
L 27.92917452 15.52801568 28.43717452 15.78201568 0 P 0
L 27.92917452 16.54401568 28.18317452 16.03601568 0 P 0
L 27.92917452 16.54401568 28.43717452 16.29001568 0 P 0
L 27.93443486 14.30693608 28.18843486 13.79893608 0 P 0
L 27.93443486 14.30693608 28.18843486 14.81493608 0 P 0
L 27.94303276 54.13618332 28.19703276 53.62818332 0 P 0
L 27.94303276 54.13618332 28.19703276 54.64418332 0 P 0
L 27.98065016 65.55560168 28.23465016 65.04760168 0 P 0
L 27.98065016 65.55560168 28.23465016 66.06360168 0 P 0
L 28.00565138 64.71010172 28.51365138 64.45610172 0 P 0
L 28.00565138 65.21810172 28.51365138 65.47210172 0 P 0
L 28.02851646 63.49523242 28.28251646 62.98723242 0 P 0
L 28.02851646 63.49523242 28.28251646 64.00323242 0 P 0
L 28.0331545 16.17369638 28.2871545 16.68169638 0 P 0
L 28.0331545 16.17369638 28.5411545 16.42769638 0 P 0
L 28.0331545 16.82769558 28.2871545 17.33569558 0 P 0
L 28.0331545 16.82769558 28.5411545 17.08169558 0 P 0
L 28.0331545 17.18969638 28.2871545 16.68169638 0 P 0
L 28.0331545 17.18969638 28.5411545 16.93569638 0 P 0
L 28.0331545 17.48169478 28.2871545 17.98969478 0 P 0
L 28.0331545 17.48169478 28.5411545 17.73569478 0 P 0
L 28.0331545 17.84369558 28.2871545 17.33569558 0 P 0
L 28.0331545 17.84369558 28.5411545 17.58969558 0 P 0
L 28.0331545 18.13569398 28.2871545 18.64369398 0 P 0
L 28.0331545 18.13569398 28.5411545 18.38969398 0 P 0
L 28.0331545 18.49769478 28.2871545 17.98969478 0 P 0
L 28.0331545 18.49769478 28.5411545 18.24369478 0 P 0
L 28.0331545 19.15169398 28.2871545 18.64369398 0 P 0
L 28.0331545 19.15169398 28.5411545 18.89769398 0 P 0
L 28.04992104 59.05866014 28.55792104 58.80466014 0 P 0
L 28.04992104 59.56666014 28.55792104 59.82066014 0 P 0
L 28.0815415 56.35448216 28.5895415 56.10048216 0 P 0
L 28.0815415 56.86248216 28.5895415 57.11648216 0 P 0
L 28.09896082 15.75853592 28.35296082 15.25053592 0 P 0
L 28.09896082 15.75853592 28.35296082 16.26653592 0 P 0
L 28.11140428 56.47252866 28.36540428 56.98052866 0 P 0
L 28.11140428 56.47252866 28.61940428 56.72652866 0 P 0
L 28.11140428 57.48852866 28.36540428 56.98052866 0 P 0
L 28.11140428 57.48852866 28.61940428 57.23452866 0 P 0
L 28.11226026 42.05483842 28.36626026 42.56283842 0 P 0
L 28.11226026 42.05483842 28.62026026 42.30883842 0 P 0
L 28.11226026 43.07083842 28.36626026 42.56283842 0 P 0
L 28.11226026 43.07083842 28.62026026 42.81683842 0 P 0
L 28.12280888 18.78351844 28.37680888 19.29151844 0 P 0
L 28.12280888 18.78351844 28.63080888 19.03751844 0 P 0
L 28.12280888 19.79951844 28.37680888 19.29151844 0 P 0
L 28.12280888 19.79951844 28.63080888 19.54551844 0 P 0
L 28.1427174 33.2584044 28.6507174 33.0044044 0 P 0
L 28.1427174 33.7664044 28.6507174 34.0204044 0 P 0
L 28.1662759 41.10594014 28.6742759 40.85194014 0 P 0
L 28.1662759 41.61394014 28.6742759 41.86794014 0 P 0
L 28.16709124 33.91195148 28.67509124 33.65795148 0 P 0
L 28.16709124 34.41995148 28.67509124 34.67395148 0 P 0
L 28.16709124 34.56595068 28.67509124 34.31195068 0 P 0
L 28.16709124 35.07395068 28.67509124 35.32795068 0 P 0
L 28.16709124 35.21994988 28.67509124 34.96594988 0 P 0
L 28.16709124 35.72794988 28.67509124 35.98194988 0 P 0
L 28.16709124 35.87394908 28.67509124 35.61994908 0 P 0
L 28.16709124 36.38194908 28.67509124 36.63594908 0 P 0
L 28.16709124 36.52794828 28.67509124 36.27394828 0 P 0
L 28.16709124 37.03594828 28.67509124 37.28994828 0 P 0
L 28.16709124 37.18194748 28.67509124 36.92794748 0 P 0
L 28.16709124 37.68994748 28.67509124 37.94394748 0 P 0
L 28.16709124 37.83594668 28.67509124 37.58194668 0 P 0
L 28.16709124 38.34394668 28.67509124 38.59794668 0 P 0
L 28.16709124 38.48994588 28.67509124 38.23594588 0 P 0
L 28.16709124 38.99794588 28.67509124 39.25194588 0 P 0
L 28.16709124 39.14394508 28.67509124 38.88994508 0 P 0
L 28.16709124 39.65194508 28.67509124 39.90594508 0 P 0
L 28.16709124 39.79794428 28.67509124 39.54394428 0 P 0
L 28.16709124 40.30594428 28.67509124 40.55994428 0 P 0
L 28.16709124 40.45194348 28.67509124 40.19794348 0 P 0
L 28.16709124 40.95994348 28.67509124 41.21394348 0 P 0
L 28.18268684 54.74469112 28.43668684 54.23669112 0 P 0
L 28.18268684 54.74469112 28.43668684 55.25269112 0 P 0
L 28.19592024 58.80466014 28.44992024 59.31266014 0 P 0
L 28.19592024 58.80466014 28.70392024 59.05866014 0 P 0
L 28.19592024 59.82066014 28.44992024 59.31266014 0 P 0
L 28.19592024 59.82066014 28.70392024 59.56666014 0 P 0
L 28.2476702 55.24233554 28.5016702 55.75033554 0 P 0
L 28.2476702 55.24233554 28.7556702 55.49633554 0 P 0
L 28.2476702 56.25833554 28.5016702 55.75033554 0 P 0
L 28.2476702 56.25833554 28.7556702 56.00433554 0 P 0
L 28.25965138 64.96410172 28.51365138 64.45610172 0 P 0
L 28.25965138 64.96410172 28.51365138 65.47210172 0 P 0
L 28.27489646 62.82012074 28.78289646 62.56612074 0 P 0
L 28.27489646 63.32812074 28.78289646 63.58212074 0 P 0
L 28.27882838 31.8705738 28.78682838 31.6165738 0 P 0
L 28.27882838 32.3785738 28.78682838 32.6325738 0 P 0
L 28.28080704 41.74983268 28.78880704 41.49583268 0 P 0
L 28.28080704 42.25783268 28.78880704 42.51183268 0 P 0
L 28.29163252 60.51025998 28.79963252 60.25625998 0 P 0
L 28.29163252 61.01825998 28.79963252 61.27225998 0 P 0
L 28.29388042 55.03323004 28.80188042 54.77923004 0 P 0
L 28.29388042 55.54123004 28.80188042 55.79523004 0 P 0
L 28.2984575 32.00299416 28.5524575 32.51099416 0 P 0
L 28.2984575 32.00299416 28.8064575 32.25699416 0 P 0
L 28.2984575 33.01899416 28.5524575 32.51099416 0 P 0
L 28.2984575 33.01899416 28.8064575 32.76499416 0 P 0
L 28.30392104 59.31266014 28.55792104 58.80466014 0 P 0
L 28.30392104 59.31266014 28.55792104 59.82066014 0 P 0
L 28.32756336 62.22942342 28.58156336 62.73742342 0 P 0
L 28.32756336 62.22942342 28.83556336 62.48342342 0 P 0
L 28.32756336 63.24542342 28.58156336 62.73742342 0 P 0
L 28.32756336 63.24542342 28.83556336 62.99142342 0 P 0
L 28.3327348 14.10007086 28.8407348 13.84607086 0 P 0
L 28.3327348 14.60807086 28.8407348 14.86207086 0 P 0
L 28.3355415 56.60848216 28.5895415 56.10048216 0 P 0
L 28.3355415 56.60848216 28.5895415 57.11648216 0 P 0
L 28.36380154 63.48397514 28.61780154 63.99197514 0 P 0
L 28.36380154 63.48397514 28.87180154 63.73797514 0 P 0
L 28.36380154 64.49997514 28.61780154 63.99197514 0 P 0
L 28.36380154 64.49997514 28.87180154 64.24597514 0 P 0
L 28.39207428 64.1824726 28.90007428 63.9284726 0 P 0
L 28.39207428 64.6904726 28.90007428 64.9444726 0 P 0
L 28.3967174 33.5124044 28.6507174 33.0044044 0 P 0
L 28.3967174 33.5124044 28.6507174 34.0204044 0 P 0
L 28.3971111 19.37721296 28.6511111 19.88521296 0 P 0
L 28.3971111 19.37721296 28.9051111 19.63121296 0 P 0
L 28.3971111 20.39321296 28.6511111 19.88521296 0 P 0
L 28.3971111 20.39321296 28.9051111 20.13921296 0 P 0
L 28.4202759 41.35994014 28.6742759 40.85194014 0 P 0
L 28.4202759 41.35994014 28.6742759 41.86794014 0 P 0
L 28.42109124 34.16595148 28.67509124 33.65795148 0 P 0
L 28.42109124 34.16595148 28.67509124 34.67395148 0 P 0
L 28.42109124 34.81995068 28.67509124 34.31195068 0 P 0
L 28.42109124 34.81995068 28.67509124 35.32795068 0 P 0
L 28.42109124 35.47394988 28.67509124 34.96594988 0 P 0
L 28.42109124 35.47394988 28.67509124 35.98194988 0 P 0
L 28.42109124 36.12794908 28.67509124 35.61994908 0 P 0
L 28.42109124 36.12794908 28.67509124 36.63594908 0 P 0
L 28.42109124 36.78194828 28.67509124 36.27394828 0 P 0
L 28.42109124 36.78194828 28.67509124 37.28994828 0 P 0
L 28.42109124 37.43594748 28.67509124 36.92794748 0 P 0
L 28.42109124 37.43594748 28.67509124 37.94394748 0 P 0
L 28.42109124 38.08994668 28.67509124 37.58194668 0 P 0
L 28.42109124 38.08994668 28.67509124 38.59794668 0 P 0
L 28.42109124 38.74394588 28.67509124 38.23594588 0 P 0
L 28.42109124 38.74394588 28.67509124 39.25194588 0 P 0
L 28.42109124 39.39794508 28.67509124 38.88994508 0 P 0
L 28.42109124 39.39794508 28.67509124 39.90594508 0 P 0
L 28.42109124 40.05194428 28.67509124 39.54394428 0 P 0
L 28.42109124 40.05194428 28.67509124 40.55994428 0 P 0
L 28.42109124 40.70594348 28.67509124 40.19794348 0 P 0
L 28.42109124 40.70594348 28.67509124 41.21394348 0 P 0
L 28.4362144 14.07803382 28.6902144 14.58603382 0 P 0
L 28.4362144 14.07803382 28.9442144 14.33203382 0 P 0
L 28.4362144 15.09403382 28.6902144 14.58603382 0 P 0
L 28.4362144 15.09403382 28.9442144 14.84003382 0 P 0
L 28.43717452 15.78201568 28.94517452 15.52801568 0 P 0
L 28.43717452 16.29001568 28.94517452 16.54401568 0 P 0
L 28.43763172 60.25625998 28.69163172 60.76425998 0 P 0
L 28.43763172 60.25625998 28.94563172 60.51025998 0 P 0
L 28.43763172 61.27225998 28.69163172 60.76425998 0 P 0
L 28.43763172 61.27225998 28.94563172 61.01825998 0 P 0
L 28.52889646 63.07412074 28.78289646 62.56612074 0 P 0
L 28.52889646 63.07412074 28.78289646 63.58212074 0 P 0
L 28.53282838 32.1245738 28.78682838 31.6165738 0 P 0
L 28.53282838 32.1245738 28.78682838 32.6325738 0 P 0
L 28.53480704 42.00383268 28.78880704 41.49583268 0 P 0
L 28.53480704 42.00383268 28.78880704 42.51183268 0 P 0
L 28.5411545 16.42769638 29.0491545 16.17369638 0 P 0
L 28.5411545 16.93569638 29.0491545 17.18969638 0 P 0
L 28.5411545 17.08169558 29.0491545 16.82769558 0 P 0
L 28.5411545 17.58969558 29.0491545 17.84369558 0 P 0
L 28.5411545 17.73569478 29.0491545 17.48169478 0 P 0
L 28.5411545 18.24369478 29.0491545 18.49769478 0 P 0
L 28.5411545 18.38969398 29.0491545 18.13569398 0 P 0
L 28.5411545 18.89769398 29.0491545 19.15169398 0 P 0
L 28.54563252 60.76425998 28.79963252 60.25625998 0 P 0
L 28.54563252 60.76425998 28.79963252 61.27225998 0 P 0
L 28.54788042 55.28723004 28.80188042 54.77923004 0 P 0
L 28.54788042 55.28723004 28.80188042 55.79523004 0 P 0
L 28.5867348 14.35407086 28.8407348 13.84607086 0 P 0
L 28.5867348 14.35407086 28.8407348 14.86207086 0 P 0
L 28.61940428 56.72652866 29.12740428 56.47252866 0 P 0
L 28.61940428 57.23452866 29.12740428 57.48852866 0 P 0
L 28.62026026 42.30883842 29.12826026 42.05483842 0 P 0
L 28.62026026 42.81683842 29.12826026 43.07083842 0 P 0
L 28.63080888 19.03751844 29.13880888 18.78351844 0 P 0
L 28.63080888 19.54551844 29.13880888 19.79951844 0 P 0
L 28.63470524 32.56393284 28.88870524 33.07193284 0 P 0
L 28.63470524 32.56393284 29.14270524 32.81793284 0 P 0
L 28.63470524 33.57993284 28.88870524 33.07193284 0 P 0
L 28.63470524 33.57993284 29.14270524 33.32593284 0 P 0
L 28.64420484 42.43529994 28.89820484 42.94329994 0 P 0
L 28.64420484 42.43529994 29.15220484 42.68929994 0 P 0
L 28.64420484 43.45129994 28.89820484 42.94329994 0 P 0
L 28.64420484 43.45129994 29.15220484 43.19729994 0 P 0
L 28.64607428 64.4364726 28.90007428 63.9284726 0 P 0
L 28.64607428 64.4364726 28.90007428 64.9444726 0 P 0
L 28.69117452 16.03601568 28.94517452 15.52801568 0 P 0
L 28.69117452 16.03601568 28.94517452 16.54401568 0 P 0
L 28.6989266 56.75981282 28.9529266 57.26781282 0 P 0
L 28.6989266 56.75981282 29.2069266 57.01381282 0 P 0
L 28.6989266 57.77581282 28.9529266 57.26781282 0 P 0
L 28.6989266 57.77581282 29.2069266 57.52181282 0 P 0
L 28.70392024 59.05866014 29.21192024 58.80466014 0 P 0
L 28.70392024 59.56666014 29.21192024 59.82066014 0 P 0
L 28.7429194 33.20891758 28.9969194 33.71691758 0 P 0
L 28.7429194 33.20891758 29.2509194 33.46291758 0 P 0
L 28.7429194 33.86291678 28.9969194 34.37091678 0 P 0
L 28.7429194 33.86291678 29.2509194 34.11691678 0 P 0
L 28.7429194 34.22491758 28.9969194 33.71691758 0 P 0
L 28.7429194 34.22491758 29.2509194 33.97091758 0 P 0
L 28.7429194 34.51691598 28.9969194 35.02491598 0 P 0
L 28.7429194 34.51691598 29.2509194 34.77091598 0 P 0
L 28.7429194 34.87891678 28.9969194 34.37091678 0 P 0
L 28.7429194 34.87891678 29.2509194 34.62491678 0 P 0
L 28.7429194 35.17091518 28.9969194 35.67891518 0 P 0
L 28.7429194 35.17091518 29.2509194 35.42491518 0 P 0
L 28.7429194 35.53291598 28.9969194 35.02491598 0 P 0
L 28.7429194 35.53291598 29.2509194 35.27891598 0 P 0
L 28.7429194 35.82491438 28.9969194 36.33291438 0 P 0
L 28.7429194 35.82491438 29.2509194 36.07891438 0 P 0
L 28.7429194 36.18691518 28.9969194 35.67891518 0 P 0
L 28.7429194 36.18691518 29.2509194 35.93291518 0 P 0
L 28.7429194 36.47891358 28.9969194 36.98691358 0 P 0
L 28.7429194 36.47891358 29.2509194 36.73291358 0 P 0
L 28.7429194 36.84091438 28.9969194 36.33291438 0 P 0
L 28.7429194 36.84091438 29.2509194 36.58691438 0 P 0
L 28.7429194 37.13291278 28.9969194 37.64091278 0 P 0
L 28.7429194 37.13291278 29.2509194 37.38691278 0 P 0
L 28.7429194 37.49491358 28.9969194 36.98691358 0 P 0
L 28.7429194 37.49491358 29.2509194 37.24091358 0 P 0
L 28.7429194 37.78691198 28.9969194 38.29491198 0 P 0
L 28.7429194 37.78691198 29.2509194 38.04091198 0 P 0
L 28.7429194 38.14891278 28.9969194 37.64091278 0 P 0
L 28.7429194 38.14891278 29.2509194 37.89491278 0 P 0
L 28.7429194 38.44091118 28.9969194 38.94891118 0 P 0
L 28.7429194 38.44091118 29.2509194 38.69491118 0 P 0
L 28.7429194 38.80291198 28.9969194 38.29491198 0 P 0
L 28.7429194 38.80291198 29.2509194 38.54891198 0 P 0
L 28.7429194 39.09491038 28.9969194 39.60291038 0 P 0
L 28.7429194 39.09491038 29.2509194 39.34891038 0 P 0
L 28.7429194 39.45691118 28.9969194 38.94891118 0 P 0
L 28.7429194 39.45691118 29.2509194 39.20291118 0 P 0
L 28.7429194 39.74890958 28.9969194 40.25690958 0 P 0
L 28.7429194 39.74890958 29.2509194 40.00290958 0 P 0
L 28.7429194 40.11091038 28.9969194 39.60291038 0 P 0
L 28.7429194 40.11091038 29.2509194 39.85691038 0 P 0
L 28.7429194 40.40290878 28.9969194 40.91090878 0 P 0
L 28.7429194 40.40290878 29.2509194 40.65690878 0 P 0
L 28.7429194 40.76490958 28.9969194 40.25690958 0 P 0
L 28.7429194 40.76490958 29.2509194 40.51090958 0 P 0
L 28.7429194 41.41890878 28.9969194 40.91090878 0 P 0
L 28.7429194 41.41890878 29.2509194 41.16490878 0 P 0
L 28.7556702 55.49633554 29.2636702 55.24233554 0 P 0
L 28.7556702 56.00433554 29.2636702 56.25833554 0 P 0
L 28.77094322 41.05630854 29.02494322 41.56430854 0 P 0
L 28.77094322 41.05630854 29.27894322 41.31030854 0 P 0
L 28.77094322 42.07230854 29.02494322 41.56430854 0 P 0
L 28.77094322 42.07230854 29.27894322 41.81830854 0 P 0
L 28.78916772 55.60906836 29.04316772 56.11706836 0 P 0
L 28.78916772 55.60906836 29.29716772 55.86306836 0 P 0
L 28.78916772 56.62506836 29.04316772 56.11706836 0 P 0
L 28.78916772 56.62506836 29.29716772 56.37106836 0 P 0
L 28.7951545 16.68169638 29.0491545 16.17369638 0 P 0
L 28.7951545 16.68169638 29.0491545 17.18969638 0 P 0
L 28.7951545 17.33569558 29.0491545 16.82769558 0 P 0
L 28.7951545 17.33569558 29.0491545 17.84369558 0 P 0
L 28.7951545 17.98969478 29.0491545 17.48169478 0 P 0
L 28.7951545 17.98969478 29.0491545 18.49769478 0 P 0
L 28.7951545 18.64369398 29.0491545 18.13569398 0 P 0
L 28.7951545 18.64369398 29.0491545 19.15169398 0 P 0
L 28.8064575 32.25699416 29.3144575 32.00299416 0 P 0
L 28.8064575 32.76499416 29.3144575 33.01899416 0 P 0
L 28.83556336 62.48342342 29.34356336 62.22942342 0 P 0
L 28.83556336 62.99142342 29.34356336 63.24542342 0 P 0
L 28.84927682 19.849719 29.10327682 20.357719 0 P 0
L 28.84927682 19.849719 29.35727682 20.103719 0 P 0
L 28.84927682 20.865719 29.10327682 20.357719 0 P 0
L 28.84927682 20.865719 29.35727682 20.611719 0 P 0
L 28.84991944 58.80466014 29.10391944 59.31266014 0 P 0
L 28.84991944 58.80466014 29.35791944 59.05866014 0 P 0
L 28.84991944 59.82066014 29.10391944 59.31266014 0 P 0
L 28.84991944 59.82066014 29.35791944 59.56666014 0 P 0
L 28.87180154 63.73797514 29.37980154 63.48397514 0 P 0
L 28.87180154 64.24597514 29.37980154 64.49997514 0 P 0
L 28.87340428 56.98052866 29.12740428 56.47252866 0 P 0
L 28.87340428 56.98052866 29.12740428 57.48852866 0 P 0
L 28.87426026 42.56283842 29.12826026 42.05483842 0 P 0
L 28.87426026 42.56283842 29.12826026 43.07083842 0 P 0
L 28.88480888 19.29151844 29.13880888 18.78351844 0 P 0
L 28.88480888 19.29151844 29.13880888 19.79951844 0 P 0
L 28.9051111 19.63121296 29.4131111 19.37721296 0 P 0
L 28.9051111 20.13921296 29.4131111 20.39321296 0 P 0
L 28.92865182 63.15434156 29.18265182 63.66234156 0 P 0
L 28.92865182 63.15434156 29.43665182 63.40834156 0 P 0
L 28.92865182 64.17034156 29.18265182 63.66234156 0 P 0
L 28.92865182 64.17034156 29.43665182 63.91634156 0 P 0
L 28.92954844 61.9738283 29.18354844 62.4818283 0 P 0
L 28.92954844 61.9738283 29.43754844 62.2278283 0 P 0
L 28.92954844 62.9898283 29.18354844 62.4818283 0 P 0
L 28.92954844 62.9898283 29.43754844 62.7358283 0 P 0
L 28.9442144 14.33203382 29.4522144 14.07803382 0 P 0
L 28.9442144 14.84003382 29.4522144 15.09403382 0 P 0
L 28.94563172 60.51025998 29.45363172 60.25625998 0 P 0
L 28.94563172 61.01825998 29.45363172 61.27225998 0 P 0
L 28.9467036 14.48682904 29.2007036 14.99482904 0 P 0
L 28.9467036 14.48682904 29.4547036 14.74082904 0 P 0
L 28.9467036 15.50282904 29.2007036 14.99482904 0 P 0
L 28.9467036 15.50282904 29.4547036 15.24882904 0 P 0
L 28.95792024 59.31266014 29.21192024 58.80466014 0 P 0
L 28.95792024 59.31266014 29.21192024 59.82066014 0 P 0
L 29.0096702 55.75033554 29.2636702 55.24233554 0 P 0
L 29.0096702 55.75033554 29.2636702 56.25833554 0 P 0
L 29.0604575 32.51099416 29.3144575 32.00299416 0 P 0
L 29.0604575 32.51099416 29.3144575 33.01899416 0 P 0
L 29.08956336 62.73742342 29.34356336 62.22942342 0 P 0
L 29.08956336 62.73742342 29.34356336 63.24542342 0 P 0
L 29.09163092 60.25625998 29.34563092 60.76425998 0 P 0
L 29.09163092 60.25625998 29.59963092 60.51025998 0 P 0
L 29.09163092 61.27225998 29.34563092 60.76425998 0 P 0
L 29.09163092 61.27225998 29.59963092 61.01825998 0 P 0
L 29.12580154 63.99197514 29.37980154 63.48397514 0 P 0
L 29.12580154 63.99197514 29.37980154 64.49997514 0 P 0
L 29.14270524 32.81793284 29.65070524 32.56393284 0 P 0
L 29.14270524 33.32593284 29.65070524 33.57993284 0 P 0
L 29.15220484 42.68929994 29.66020484 42.43529994 0 P 0
L 29.15220484 43.19729994 29.66020484 43.45129994 0 P 0
L 29.1591111 19.88521296 29.4131111 19.37721296 0 P 0
L 29.1591111 19.88521296 29.4131111 20.39321296 0 P 0
L 29.1982144 14.58603382 29.4522144 14.07803382 0 P 0
L 29.1982144 14.58603382 29.4522144 15.09403382 0 P 0
L 29.19963172 60.76425998 29.45363172 60.25625998 0 P 0
L 29.19963172 60.76425998 29.45363172 61.27225998 0 P 0
L 29.2069266 57.01381282 29.7149266 56.75981282 0 P 0
L 29.2069266 57.52181282 29.7149266 57.77581282 0 P 0
L 29.2509194 33.46291758 29.7589194 33.20891758 0 P 0
L 29.2509194 33.97091758 29.7589194 34.22491758 0 P 0
L 29.2509194 34.11691678 29.7589194 33.86291678 0 P 0
L 29.2509194 34.62491678 29.7589194 34.87891678 0 P 0
L 29.2509194 34.77091598 29.7589194 34.51691598 0 P 0
L 29.2509194 35.27891598 29.7589194 35.53291598 0 P 0
L 29.2509194 35.42491518 29.7589194 35.17091518 0 P 0
L 29.2509194 35.93291518 29.7589194 36.18691518 0 P 0
L 29.2509194 36.07891438 29.7589194 35.82491438 0 P 0
L 29.2509194 36.58691438 29.7589194 36.84091438 0 P 0
L 29.2509194 36.73291358 29.7589194 36.47891358 0 P 0
L 29.2509194 37.24091358 29.7589194 37.49491358 0 P 0
L 29.2509194 37.38691278 29.7589194 37.13291278 0 P 0
L 29.2509194 37.89491278 29.7589194 38.14891278 0 P 0
L 29.2509194 38.04091198 29.7589194 37.78691198 0 P 0
L 29.2509194 38.54891198 29.7589194 38.80291198 0 P 0
L 29.2509194 38.69491118 29.7589194 38.44091118 0 P 0
L 29.2509194 39.20291118 29.7589194 39.45691118 0 P 0
L 29.2509194 39.34891038 29.7589194 39.09491038 0 P 0
L 29.2509194 39.85691038 29.7589194 40.11091038 0 P 0
L 29.2509194 40.00290958 29.7589194 39.74890958 0 P 0
L 29.2509194 40.51090958 29.7589194 40.76490958 0 P 0
L 29.2509194 40.65690878 29.7589194 40.40290878 0 P 0
L 29.2509194 41.16490878 29.7589194 41.41890878 0 P 0
L 29.25642612 41.49450934 29.51042612 42.00250934 0 P 0
L 29.25642612 41.49450934 29.76442612 41.74850934 0 P 0
L 29.25642612 42.51050934 29.51042612 42.00250934 0 P 0
L 29.25642612 42.51050934 29.76442612 42.25650934 0 P 0
L 29.27787134 42.59710048 29.53187134 43.10510048 0 P 0
L 29.27787134 42.59710048 29.78587134 42.85110048 0 P 0
L 29.27787134 43.61310048 29.53187134 43.10510048 0 P 0
L 29.27787134 43.61310048 29.78587134 43.35910048 0 P 0
L 29.27894322 41.31030854 29.78694322 41.05630854 0 P 0
L 29.27894322 41.81830854 29.78694322 42.07230854 0 P 0
L 29.29716772 55.86306836 29.80516772 55.60906836 0 P 0
L 29.29716772 56.37106836 29.80516772 56.62506836 0 P 0
L 29.30524238 15.0337901 29.55924238 15.5417901 0 P 0
L 29.30524238 15.0337901 29.81324238 15.2877901 0 P 0
L 29.30524238 16.0497901 29.55924238 15.5417901 0 P 0
L 29.30524238 16.0497901 29.81324238 15.7957901 0 P 0
L 29.32285474 56.95584748 29.57685474 57.46384748 0 P 0
L 29.32285474 56.95584748 29.83085474 57.20984748 0 P 0
L 29.32285474 57.97184748 29.57685474 57.46384748 0 P 0
L 29.32285474 57.97184748 29.83085474 57.71784748 0 P 0
L 29.35727682 20.103719 29.86527682 19.849719 0 P 0
L 29.35727682 20.611719 29.86527682 20.865719 0 P 0
L 29.35791944 59.05866014 29.86591944 58.80466014 0 P 0
L 29.35791944 59.56666014 29.86591944 59.82066014 0 P 0
L 29.39631662 55.85214636 29.65031662 56.36014636 0 P 0
L 29.39631662 55.85214636 29.90431662 56.10614636 0 P 0
L 29.39631662 56.86814636 29.65031662 56.36014636 0 P 0
L 29.39631662 56.86814636 29.90431662 56.61414636 0 P 0
L 29.39670524 33.07193284 29.65070524 32.56393284 0 P 0
L 29.39670524 33.07193284 29.65070524 33.57993284 0 P 0
L 29.40620484 42.94329994 29.66020484 42.43529994 0 P 0
L 29.40620484 42.94329994 29.66020484 43.45129994 0 P 0
L 29.42481796 20.16031274 29.67881796 20.66831274 0 P 0
L 29.42481796 20.16031274 29.93281796 20.41431274 0 P 0
L 29.42481796 21.17631274 29.67881796 20.66831274 0 P 0
L 29.42481796 21.17631274 29.93281796 20.92231274 0 P 0
L 29.43665182 63.40834156 29.94465182 63.15434156 0 P 0
L 29.43665182 63.91634156 29.94465182 64.17034156 0 P 0
L 29.43754844 62.2278283 29.94554844 61.9738283 0 P 0
L 29.43754844 62.7358283 29.94554844 62.9898283 0 P 0
L 29.4547036 14.74082904 29.9627036 14.48682904 0 P 0
L 29.4547036 15.24882904 29.9627036 15.50282904 0 P 0
L 29.4609266 57.26781282 29.7149266 56.75981282 0 P 0
L 29.4609266 57.26781282 29.7149266 57.77581282 0 P 0
L 29.46555448 15.66783506 29.71955448 16.17583506 0 P 0
L 29.46555448 15.66783506 29.97355448 15.92183506 0 P 0
L 29.46555448 16.68383506 29.71955448 16.17583506 0 P 0
L 29.46555448 16.68383506 29.97355448 16.42983506 0 P 0
L 29.48475434 16.32155232 29.73875434 16.82955232 0 P 0
L 29.48475434 16.32155232 29.99275434 16.57555232 0 P 0
L 29.48475434 16.97555152 29.73875434 17.48355152 0 P 0
L 29.48475434 16.97555152 29.99275434 17.22955152 0 P 0
L 29.48475434 17.33755232 29.73875434 16.82955232 0 P 0
L 29.48475434 17.33755232 29.99275434 17.08355232 0 P 0
L 29.48475434 17.62955072 29.73875434 18.13755072 0 P 0
L 29.48475434 17.62955072 29.99275434 17.88355072 0 P 0
L 29.48475434 17.99155152 29.73875434 17.48355152 0 P 0
L 29.48475434 17.99155152 29.99275434 17.73755152 0 P 0
L 29.48475434 18.64555072 29.73875434 18.13755072 0 P 0
L 29.48475434 18.64555072 29.99275434 18.39155072 0 P 0
L 29.49186888 18.28351182 29.74586888 18.79151182 0 P 0
L 29.49186888 18.28351182 29.99986888 18.53751182 0 P 0
L 29.49186888 19.29951182 29.74586888 18.79151182 0 P 0
L 29.49186888 19.29951182 29.99986888 19.04551182 0 P 0
L 29.50391864 58.80466014 29.75791864 59.31266014 0 P 0
L 29.50391864 58.80466014 30.01191864 59.05866014 0 P 0
L 29.50391864 59.82066014 29.75791864 59.31266014 0 P 0
L 29.50391864 59.82066014 30.01191864 59.56666014 0 P 0
L 29.5049194 33.71691758 29.7589194 33.20891758 0 P 0
L 29.5049194 33.71691758 29.7589194 34.22491758 0 P 0
L 29.5049194 34.37091678 29.7589194 33.86291678 0 P 0
L 29.5049194 34.37091678 29.7589194 34.87891678 0 P 0
L 29.5049194 35.02491598 29.7589194 34.51691598 0 P 0
L 29.5049194 35.02491598 29.7589194 35.53291598 0 P 0
L 29.5049194 35.67891518 29.7589194 35.17091518 0 P 0
L 29.5049194 35.67891518 29.7589194 36.18691518 0 P 0
L 29.5049194 36.33291438 29.7589194 35.82491438 0 P 0
L 29.5049194 36.33291438 29.7589194 36.84091438 0 P 0
L 29.5049194 36.98691358 29.7589194 36.47891358 0 P 0
L 29.5049194 36.98691358 29.7589194 37.49491358 0 P 0
L 29.5049194 37.64091278 29.7589194 37.13291278 0 P 0
L 29.5049194 37.64091278 29.7589194 38.14891278 0 P 0
L 29.5049194 38.29491198 29.7589194 37.78691198 0 P 0
L 29.5049194 38.29491198 29.7589194 38.80291198 0 P 0
L 29.5049194 38.94891118 29.7589194 38.44091118 0 P 0
L 29.5049194 38.94891118 29.7589194 39.45691118 0 P 0
L 29.5049194 39.60291038 29.7589194 39.09491038 0 P 0
L 29.5049194 39.60291038 29.7589194 40.11091038 0 P 0
L 29.5049194 40.25690958 29.7589194 39.74890958 0 P 0
L 29.5049194 40.25690958 29.7589194 40.76490958 0 P 0
L 29.5049194 40.91090878 29.7589194 40.40290878 0 P 0
L 29.5049194 40.91090878 29.7589194 41.41890878 0 P 0
L 29.53294322 41.56430854 29.78694322 41.05630854 0 P 0
L 29.53294322 41.56430854 29.78694322 42.07230854 0 P 0
L 29.54723326 62.9420382 29.80123326 63.4500382 0 P 0
L 29.54723326 62.9420382 30.05523326 63.1960382 0 P 0
L 29.54723326 63.9580382 29.80123326 63.4500382 0 P 0
L 29.54723326 63.9580382 30.05523326 63.7040382 0 P 0
L 29.55116772 56.11706836 29.80516772 55.60906836 0 P 0
L 29.55116772 56.11706836 29.80516772 56.62506836 0 P 0
L 29.56436302 61.81658452 29.81836302 62.32458452 0 P 0
L 29.56436302 61.81658452 30.07236302 62.07058452 0 P 0
L 29.56436302 62.83258452 29.81836302 62.32458452 0 P 0
L 29.56436302 62.83258452 30.07236302 62.57858452 0 P 0
L 29.59963092 60.51025998 30.10763092 60.25625998 0 P 0
L 29.59963092 61.01825998 30.10763092 61.27225998 0 P 0
L 29.61127682 20.357719 29.86527682 19.849719 0 P 0
L 29.61127682 20.357719 29.86527682 20.865719 0 P 0
L 29.61191944 59.31266014 29.86591944 58.80466014 0 P 0
L 29.61191944 59.31266014 29.86591944 59.82066014 0 P 0
L 29.69065182 63.66234156 29.94465182 63.15434156 0 P 0
L 29.69065182 63.66234156 29.94465182 64.17034156 0 P 0
L 29.69154844 62.4818283 29.94554844 61.9738283 0 P 0
L 29.69154844 62.4818283 29.94554844 62.9898283 0 P 0
L 29.7087036 14.99482904 29.9627036 14.48682904 0 P 0
L 29.7087036 14.99482904 29.9627036 15.50282904 0 P 0
L 29.74563012 60.25625998 29.99963012 60.76425998 0 P 0
L 29.74563012 60.25625998 30.25363012 60.51025998 0 P 0
L 29.74563012 61.27225998 29.99963012 60.76425998 0 P 0
L 29.74563012 61.27225998 30.25363012 61.01825998 0 P 0
L 29.76442612 41.74850934 30.27242612 41.49450934 0 P 0
L 29.76442612 42.25650934 30.27242612 42.51050934 0 P 0
L 29.78587134 42.85110048 30.29387134 42.59710048 0 P 0
L 29.78587134 43.35910048 30.29387134 43.61310048 0 P 0
L 29.81324238 15.2877901 30.32124238 15.0337901 0 P 0
L 29.81324238 15.7957901 30.32124238 16.0497901 0 P 0
L 29.83085474 57.20984748 30.33885474 56.95584748 0 P 0
L 29.83085474 57.71784748 30.33885474 57.97184748 0 P 0
L 29.85363092 60.76425998 30.10763092 60.25625998 0 P 0
L 29.85363092 60.76425998 30.10763092 61.27225998 0 P 0
L 29.8633261 41.2508192 30.1173261 41.7588192 0 P 0
L 29.8633261 41.2508192 30.3713261 41.5048192 0 P 0
L 29.8633261 42.2668192 30.1173261 41.7588192 0 P 0
L 29.8633261 42.2668192 30.3713261 42.0128192 0 P 0
L 29.89991226 18.79460554 30.15391226 19.30260554 0 P 0
L 29.89991226 18.79460554 30.40791226 19.04860554 0 P 0
L 29.89991226 19.81060554 30.15391226 19.30260554 0 P 0
L 29.89991226 19.81060554 30.40791226 19.55660554 0 P 0
L 29.90431662 56.10614636 30.41231662 55.85214636 0 P 0
L 29.90431662 56.61414636 30.41231662 56.86814636 0 P 0
L 29.92508366 42.5031154 30.17908366 43.0111154 0 P 0
L 29.92508366 42.5031154 30.43308366 42.7571154 0 P 0
L 29.92508366 43.5191154 30.17908366 43.0111154 0 P 0
L 29.92508366 43.5191154 30.43308366 43.2651154 0 P 0
L 29.93281796 20.41431274 30.44081796 20.16031274 0 P 0
L 29.93281796 20.92231274 30.44081796 21.17631274 0 P 0
L 29.96910948 57.05619272 30.22310948 57.56419272 0 P 0
L 29.96910948 57.05619272 30.47710948 57.31019272 0 P 0
L 29.96910948 58.07219272 30.22310948 57.56419272 0 P 0
L 29.96910948 58.07219272 30.47710948 57.81819272 0 P 0
L 29.97355448 15.92183506 30.48155448 15.66783506 0 P 0
L 29.97355448 16.42983506 30.48155448 16.68383506 0 P 0
L 29.99008988 33.41522908 30.24408988 33.92322908 0 P 0
L 29.99008988 33.41522908 30.49808988 33.66922908 0 P 0
L 29.99008988 34.06922828 30.24408988 34.57722828 0 P 0
L 29.99008988 34.06922828 30.49808988 34.32322828 0 P 0
L 29.99008988 34.43122908 30.24408988 33.92322908 0 P 0
L 29.99008988 34.43122908 30.49808988 34.17722908 0 P 0
L 29.99008988 34.72322748 30.24408988 35.23122748 0 P 0
L 29.99008988 34.72322748 30.49808988 34.97722748 0 P 0
L 29.99008988 35.08522828 30.24408988 34.57722828 0 P 0
L 29.99008988 35.08522828 30.49808988 34.83122828 0 P 0
L 29.99008988 35.37722668 30.24408988 35.88522668 0 P 0
L 29.99008988 35.37722668 30.49808988 35.63122668 0 P 0
L 29.99008988 35.73922748 30.24408988 35.23122748 0 P 0
L 29.99008988 35.73922748 30.49808988 35.48522748 0 P 0
L 29.99008988 36.03122588 30.24408988 36.53922588 0 P 0
L 29.99008988 36.03122588 30.49808988 36.28522588 0 P 0
L 29.99008988 36.39322668 30.24408988 35.88522668 0 P 0
L 29.99008988 36.39322668 30.49808988 36.13922668 0 P 0
L 29.99008988 36.68522508 30.24408988 37.19322508 0 P 0
L 29.99008988 36.68522508 30.49808988 36.93922508 0 P 0
L 29.99008988 37.04722588 30.24408988 36.53922588 0 P 0
L 29.99008988 37.04722588 30.49808988 36.79322588 0 P 0
L 29.99008988 37.33922428 30.24408988 37.84722428 0 P 0
L 29.99008988 37.33922428 30.49808988 37.59322428 0 P 0
L 29.99008988 37.70122508 30.24408988 37.19322508 0 P 0
L 29.99008988 37.70122508 30.49808988 37.44722508 0 P 0
L 29.99008988 37.99322348 30.24408988 38.50122348 0 P 0
L 29.99008988 37.99322348 30.49808988 38.24722348 0 P 0
L 29.99008988 38.35522428 30.24408988 37.84722428 0 P 0
L 29.99008988 38.35522428 30.49808988 38.10122428 0 P 0
L 29.99008988 38.64722268 30.24408988 39.15522268 0 P 0
L 29.99008988 38.64722268 30.49808988 38.90122268 0 P 0
L 29.99008988 39.00922348 30.24408988 38.50122348 0 P 0
L 29.99008988 39.00922348 30.49808988 38.75522348 0 P 0
L 29.99008988 39.30122188 30.24408988 39.80922188 0 P 0
L 29.99008988 39.30122188 30.49808988 39.55522188 0 P 0
L 29.99008988 39.66322268 30.24408988 39.15522268 0 P 0
L 29.99008988 39.66322268 30.49808988 39.40922268 0 P 0
L 29.99008988 39.95522108 30.24408988 40.46322108 0 P 0
L 29.99008988 39.95522108 30.49808988 40.20922108 0 P 0
L 29.99008988 40.31722188 30.24408988 39.80922188 0 P 0
L 29.99008988 40.31722188 30.49808988 40.06322188 0 P 0
L 29.99008988 40.60922028 30.24408988 41.11722028 0 P 0
L 29.99008988 40.60922028 30.49808988 40.86322028 0 P 0
L 29.99008988 40.97122108 30.24408988 40.46322108 0 P 0
L 29.99008988 40.97122108 30.49808988 40.71722108 0 P 0
L 29.99008988 41.62522028 30.24408988 41.11722028 0 P 0
L 29.99008988 41.62522028 30.49808988 41.37122028 0 P 0
L 29.99275434 16.57555232 30.50075434 16.32155232 0 P 0
L 29.99275434 17.08355232 30.50075434 17.33755232 0 P 0
L 29.99275434 17.22955152 30.50075434 16.97555152 0 P 0
L 29.99275434 17.73755152 30.50075434 17.99155152 0 P 0
L 29.99275434 17.88355072 30.50075434 17.62955072 0 P 0
L 29.99275434 18.39155072 30.50075434 18.64555072 0 P 0
L 29.99986888 18.53751182 30.50786888 18.28351182 0 P 0
L 29.99986888 19.04551182 30.50786888 19.29951182 0 P 0
L 30.01191864 59.05866014 30.51991864 58.80466014 0 P 0
L 30.01191864 59.56666014 30.51991864 59.82066014 0 P 0
L 30.01842612 42.00250934 30.27242612 41.49450934 0 P 0
L 30.01842612 42.00250934 30.27242612 42.51050934 0 P 0
L 30.03037174 32.76247194 30.28437174 33.27047194 0 P 0
L 30.03037174 32.76247194 30.53837174 33.01647194 0 P 0
L 30.03037174 33.77847194 30.28437174 33.27047194 0 P 0
L 30.03037174 33.77847194 30.53837174 33.52447194 0 P 0
L 30.03987134 43.10510048 30.29387134 42.59710048 0 P 0
L 30.03987134 43.10510048 30.29387134 43.61310048 0 P 0
L 30.03996278 55.96804402 30.29396278 56.47604402 0 P 0
L 30.03996278 55.96804402 30.54796278 56.22204402 0 P 0
L 30.03996278 56.98404402 30.29396278 56.47604402 0 P 0
L 30.03996278 56.98404402 30.54796278 56.73004402 0 P 0
L 30.05523326 63.1960382 30.56323326 62.9420382 0 P 0
L 30.05523326 63.7040382 30.56323326 63.9580382 0 P 0
L 30.06724238 15.5417901 30.32124238 15.0337901 0 P 0
L 30.06724238 15.5417901 30.32124238 16.0497901 0 P 0
L 30.06795612 20.2790044 30.32195612 20.7870044 0 P 0
L 30.06795612 20.2790044 30.57595612 20.5330044 0 P 0
L 30.06795612 21.2950044 30.32195612 20.7870044 0 P 0
L 30.06795612 21.2950044 30.57595612 21.0410044 0 P 0
L 30.07236302 62.07058452 30.58036302 61.81658452 0 P 0
L 30.07236302 62.57858452 30.58036302 62.83258452 0 P 0
L 30.08485474 57.46384748 30.33885474 56.95584748 0 P 0
L 30.08485474 57.46384748 30.33885474 57.97184748 0 P 0
L 30.15791784 58.80466014 30.41191784 59.31266014 0 P 0
L 30.15791784 58.80466014 30.66591784 59.05866014 0 P 0
L 30.15791784 59.82066014 30.41191784 59.31266014 0 P 0
L 30.15791784 59.82066014 30.66591784 59.56666014 0 P 0
L 30.15831662 56.36014636 30.41231662 55.85214636 0 P 0
L 30.15831662 56.36014636 30.41231662 56.86814636 0 P 0
L 30.18681796 20.66831274 30.44081796 20.16031274 0 P 0
L 30.18681796 20.66831274 30.44081796 21.17631274 0 P 0
L 30.19490532 62.851284 30.44890532 63.359284 0 P 0
L 30.19490532 62.851284 30.70290532 63.105284 0 P 0
L 30.19490532 63.867284 30.44890532 63.359284 0 P 0
L 30.19490532 63.867284 30.70290532 63.613284 0 P 0
L 30.21554536 61.7559344 30.46954536 62.2639344 0 P 0
L 30.21554536 61.7559344 30.72354536 62.0099344 0 P 0
L 30.21554536 62.7719344 30.46954536 62.2639344 0 P 0
L 30.21554536 62.7719344 30.72354536 62.5179344 0 P 0
L 30.22755448 16.17583506 30.48155448 15.66783506 0 P 0
L 30.22755448 16.17583506 30.48155448 16.68383506 0 P 0
L 30.24675434 16.82955232 30.50075434 16.32155232 0 P 0
L 30.24675434 16.82955232 30.50075434 17.33755232 0 P 0
L 30.24675434 17.48355152 30.50075434 16.97555152 0 P 0
L 30.24675434 17.48355152 30.50075434 17.99155152 0 P 0
L 30.24675434 18.13755072 30.50075434 17.62955072 0 P 0
L 30.24675434 18.13755072 30.50075434 18.64555072 0 P 0
L 30.25363012 60.51025998 30.76163012 60.25625998 0 P 0
L 30.25363012 61.01825998 30.76163012 61.27225998 0 P 0
L 30.25386888 18.79151182 30.50786888 18.28351182 0 P 0
L 30.25386888 18.79151182 30.50786888 19.29951182 0 P 0
L 30.26591864 59.31266014 30.51991864 58.80466014 0 P 0
L 30.26591864 59.31266014 30.51991864 59.82066014 0 P 0
L 30.30663738 32.16968928 30.56063738 32.67768928 0 P 0
L 30.30663738 32.16968928 30.81463738 32.42368928 0 P 0
L 30.30663738 33.18568928 30.56063738 32.67768928 0 P 0
L 30.30663738 33.18568928 30.81463738 32.93168928 0 P 0
L 30.30923326 63.4500382 30.56323326 62.9420382 0 P 0
L 30.30923326 63.4500382 30.56323326 63.9580382 0 P 0
L 30.32636302 62.32458452 30.58036302 61.81658452 0 P 0
L 30.32636302 62.32458452 30.58036302 62.83258452 0 P 0
L 30.3713261 41.5048192 30.8793261 41.2508192 0 P 0
L 30.3713261 42.0128192 30.8793261 42.2668192 0 P 0
L 30.39962932 60.25625998 30.65362932 60.76425998 0 P 0
L 30.39962932 60.25625998 30.90762932 60.51025998 0 P 0
L 30.39962932 61.27225998 30.65362932 60.76425998 0 P 0
L 30.39962932 61.27225998 30.90762932 61.01825998 0 P 0
L 30.40791226 19.04860554 30.91591226 18.79460554 0 P 0
L 30.40791226 19.55660554 30.91591226 19.81060554 0 P 0
L 30.43308366 42.7571154 30.94108366 42.5031154 0 P 0
L 30.43308366 43.2651154 30.94108366 43.5191154 0 P 0
L 30.47710948 57.31019272 30.98510948 57.05619272 0 P 0
L 30.47710948 57.81819272 30.98510948 58.07219272 0 P 0
L 30.49092708 42.17519124 30.74492708 42.68319124 0 P 0
L 30.49092708 42.17519124 30.99892708 42.42919124 0 P 0
L 30.49092708 43.19119124 30.74492708 42.68319124 0 P 0
L 30.49092708 43.19119124 30.99892708 42.93719124 0 P 0
L 30.49808988 33.66922908 31.00608988 33.41522908 0 P 0
L 30.49808988 34.17722908 31.00608988 34.43122908 0 P 0
L 30.49808988 34.32322828 31.00608988 34.06922828 0 P 0
L 30.49808988 34.83122828 31.00608988 35.08522828 0 P 0
L 30.49808988 34.97722748 31.00608988 34.72322748 0 P 0
L 30.49808988 35.48522748 31.00608988 35.73922748 0 P 0
L 30.49808988 35.63122668 31.00608988 35.37722668 0 P 0
L 30.49808988 36.13922668 31.00608988 36.39322668 0 P 0
L 30.49808988 36.28522588 31.00608988 36.03122588 0 P 0
L 30.49808988 36.79322588 31.00608988 37.04722588 0 P 0
L 30.49808988 36.93922508 31.00608988 36.68522508 0 P 0
L 30.49808988 37.44722508 31.00608988 37.70122508 0 P 0
L 30.49808988 37.59322428 31.00608988 37.33922428 0 P 0
L 30.49808988 38.10122428 31.00608988 38.35522428 0 P 0
L 30.49808988 38.24722348 31.00608988 37.99322348 0 P 0
L 30.49808988 38.75522348 31.00608988 39.00922348 0 P 0
L 30.49808988 38.90122268 31.00608988 38.64722268 0 P 0
L 30.49808988 39.40922268 31.00608988 39.66322268 0 P 0
L 30.49808988 39.55522188 31.00608988 39.30122188 0 P 0
L 30.49808988 40.06322188 31.00608988 40.31722188 0 P 0
L 30.49808988 40.20922108 31.00608988 39.95522108 0 P 0
L 30.49808988 40.71722108 31.00608988 40.97122108 0 P 0
L 30.49808988 40.86322028 31.00608988 40.60922028 0 P 0
L 30.49808988 41.37122028 31.00608988 41.62522028 0 P 0
L 30.50763012 60.76425998 30.76163012 60.25625998 0 P 0
L 30.50763012 60.76425998 30.76163012 61.27225998 0 P 0
L 30.53834634 18.6527694 30.79234634 19.1607694 0 P 0
L 30.53834634 18.6527694 31.04634634 18.9067694 0 P 0
L 30.53834634 19.6687694 30.79234634 19.1607694 0 P 0
L 30.53834634 19.6687694 31.04634634 19.4147694 0 P 0
L 30.53837174 33.01647194 31.04637174 32.76247194 0 P 0
L 30.53837174 33.52447194 31.04637174 33.77847194 0 P 0
L 30.54796278 56.22204402 31.05596278 55.96804402 0 P 0
L 30.54796278 56.73004402 31.05596278 56.98404402 0 P 0
L 30.57595612 20.5330044 31.08395612 20.2790044 0 P 0
L 30.57595612 21.0410044 31.08395612 21.2950044 0 P 0
L 30.62289786 57.07277892 30.87689786 57.58077892 0 P 0
L 30.62289786 57.07277892 31.13089786 57.32677892 0 P 0
L 30.62289786 58.08877892 30.87689786 57.58077892 0 P 0
L 30.62289786 58.08877892 31.13089786 57.83477892 0 P 0
L 30.6253261 41.7588192 30.8793261 41.2508192 0 P 0
L 30.6253261 41.7588192 30.8793261 42.2668192 0 P 0
L 30.66191226 19.30260554 30.91591226 18.79460554 0 P 0
L 30.66191226 19.30260554 30.91591226 19.81060554 0 P 0
L 30.66591784 59.05866014 31.17391784 58.80466014 0 P 0
L 30.66591784 59.56666014 31.17391784 59.82066014 0 P 0
L 30.68708366 43.0111154 30.94108366 42.5031154 0 P 0
L 30.68708366 43.0111154 30.94108366 43.5191154 0 P 0
L 30.69362924 55.98895076 30.94762924 56.49695076 0 P 0
L 30.69362924 55.98895076 31.20162924 56.24295076 0 P 0
L 30.69362924 57.00495076 30.94762924 56.49695076 0 P 0
L 30.69362924 57.00495076 31.20162924 56.75095076 0 P 0
L 30.70290532 63.105284 31.21090532 62.851284 0 P 0
L 30.70290532 63.613284 31.21090532 63.867284 0 P 0
L 30.71440644 20.1799317 30.96840644 20.6879317 0 P 0
L 30.71440644 20.1799317 31.22240644 20.4339317 0 P 0
L 30.71440644 21.1959317 30.96840644 20.6879317 0 P 0
L 30.71440644 21.1959317 31.22240644 20.9419317 0 P 0
L 30.71914862 11.4842671 30.97314862 11.9922671 0 P 0
L 30.71914862 11.4842671 31.22714862 11.7382671 0 P 0
L 30.71914862 12.1382663 30.97314862 12.6462663 0 P 0
L 30.71914862 12.1382663 31.22714862 12.3922663 0 P 0
L 30.71914862 12.5002671 30.97314862 11.9922671 0 P 0
L 30.71914862 12.5002671 31.22714862 12.2462671 0 P 0
L 30.71914862 12.7922655 30.97314862 13.3002655 0 P 0
L 30.71914862 12.7922655 31.22714862 13.0462655 0 P 0
L 30.71914862 13.1542663 30.97314862 12.6462663 0 P 0
L 30.71914862 13.1542663 31.22714862 12.9002663 0 P 0
L 30.71914862 13.4462647 30.97314862 13.9542647 0 P 0
L 30.71914862 13.4462647 31.22714862 13.7002647 0 P 0
L 30.71914862 13.8082655 30.97314862 13.3002655 0 P 0
L 30.71914862 13.8082655 31.22714862 13.5542655 0 P 0
L 30.71914862 14.1002639 30.97314862 14.6082639 0 P 0
L 30.71914862 14.1002639 31.22714862 14.3542639 0 P 0
L 30.71914862 14.4622647 30.97314862 13.9542647 0 P 0
L 30.71914862 14.4622647 31.22714862 14.2082647 0 P 0
L 30.71914862 14.7542631 30.97314862 15.2622631 0 P 0
L 30.71914862 14.7542631 31.22714862 15.0082631 0 P 0
L 30.71914862 15.1162639 30.97314862 14.6082639 0 P 0
L 30.71914862 15.1162639 31.22714862 14.8622639 0 P 0
L 30.71914862 15.4082623 30.97314862 15.9162623 0 P 0
L 30.71914862 15.4082623 31.22714862 15.6622623 0 P 0
L 30.71914862 15.7702631 30.97314862 15.2622631 0 P 0
L 30.71914862 15.7702631 31.22714862 15.5162631 0 P 0
L 30.71914862 16.0622615 30.97314862 16.5702615 0 P 0
L 30.71914862 16.0622615 31.22714862 16.3162615 0 P 0
L 30.71914862 16.4242623 30.97314862 15.9162623 0 P 0
L 30.71914862 16.4242623 31.22714862 16.1702623 0 P 0
L 30.71914862 16.7162607 30.97314862 17.2242607 0 P 0
L 30.71914862 16.7162607 31.22714862 16.9702607 0 P 0
L 30.71914862 17.0782615 30.97314862 16.5702615 0 P 0
L 30.71914862 17.0782615 31.22714862 16.8242615 0 P 0
L 30.71914862 17.3702599 30.97314862 17.8782599 0 P 0
L 30.71914862 17.3702599 31.22714862 17.6242599 0 P 0
L 30.71914862 17.7322607 30.97314862 17.2242607 0 P 0
L 30.71914862 17.7322607 31.22714862 17.4782607 0 P 0
L 30.71914862 18.0242591 30.97314862 18.5322591 0 P 0
L 30.71914862 18.0242591 31.22714862 18.2782591 0 P 0
L 30.71914862 18.3862599 30.97314862 17.8782599 0 P 0
L 30.71914862 18.3862599 31.22714862 18.1322599 0 P 0
L 30.71914862 19.0402591 30.97314862 18.5322591 0 P 0
L 30.71914862 19.0402591 31.22714862 18.7862591 0 P 0
L 30.7202332 10.8302679 30.9742332 11.3382679 0 P 0
L 30.7202332 10.8302679 31.2282332 11.0842679 0 P 0
L 30.7202332 11.8462679 30.9742332 11.3382679 0 P 0
L 30.7202332 11.8462679 31.2282332 11.5922679 0 P 0
L 30.72354536 62.0099344 31.23154536 61.7559344 0 P 0
L 30.72354536 62.5179344 31.23154536 62.7719344 0 P 0
L 30.73110948 57.56419272 30.98510948 57.05619272 0 P 0
L 30.73110948 57.56419272 30.98510948 58.07219272 0 P 0
L 30.75208988 33.92322908 31.00608988 33.41522908 0 P 0
L 30.75208988 33.92322908 31.00608988 34.43122908 0 P 0
L 30.75208988 34.57722828 31.00608988 34.06922828 0 P 0
L 30.75208988 34.57722828 31.00608988 35.08522828 0 P 0
L 30.75208988 35.23122748 31.00608988 34.72322748 0 P 0
L 30.75208988 35.23122748 31.00608988 35.73922748 0 P 0
L 30.75208988 35.88522668 31.00608988 35.37722668 0 P 0
L 30.75208988 35.88522668 31.00608988 36.39322668 0 P 0
L 30.75208988 36.53922588 31.00608988 36.03122588 0 P 0
L 30.75208988 36.53922588 31.00608988 37.04722588 0 P 0
L 30.75208988 37.19322508 31.00608988 36.68522508 0 P 0
L 30.75208988 37.19322508 31.00608988 37.70122508 0 P 0
L 30.75208988 37.84722428 31.00608988 37.33922428 0 P 0
L 30.75208988 37.84722428 31.00608988 38.35522428 0 P 0
L 30.75208988 38.50122348 31.00608988 37.99322348 0 P 0
L 30.75208988 38.50122348 31.00608988 39.00922348 0 P 0
L 30.75208988 39.15522268 31.00608988 38.64722268 0 P 0
L 30.75208988 39.15522268 31.00608988 39.66322268 0 P 0
L 30.75208988 39.80922188 31.00608988 39.30122188 0 P 0
L 30.75208988 39.80922188 31.00608988 40.31722188 0 P 0
L 30.75208988 40.46322108 31.00608988 39.95522108 0 P 0
L 30.75208988 40.46322108 31.00608988 40.97122108 0 P 0
L 30.75208988 41.11722028 31.00608988 40.60922028 0 P 0
L 30.75208988 41.11722028 31.00608988 41.62522028 0 P 0
L 30.77673042 31.71501658 31.03073042 32.22301658 0 P 0
L 30.77673042 31.71501658 31.28473042 31.96901658 0 P 0
L 30.77673042 32.73101658 31.03073042 32.22301658 0 P 0
L 30.77673042 32.73101658 31.28473042 32.47701658 0 P 0
L 30.79237174 33.27047194 31.04637174 32.76247194 0 P 0
L 30.79237174 33.27047194 31.04637174 33.77847194 0 P 0
L 30.80196278 56.47604402 31.05596278 55.96804402 0 P 0
L 30.80196278 56.47604402 31.05596278 56.98404402 0 P 0
L 30.81191704 58.80466014 31.06591704 59.31266014 0 P 0
L 30.81191704 58.80466014 31.31991704 59.05866014 0 P 0
L 30.81191704 59.82066014 31.06591704 59.31266014 0 P 0
L 30.81191704 59.82066014 31.31991704 59.56666014 0 P 0
L 30.81463738 32.42368928 31.32263738 32.16968928 0 P 0
L 30.81463738 32.93168928 31.32263738 33.18568928 0 P 0
L 30.82995612 20.7870044 31.08395612 20.2790044 0 P 0
L 30.82995612 20.7870044 31.08395612 21.2950044 0 P 0
L 30.8330346 10.18607056 31.0870346 10.69407056 0 P 0
L 30.8330346 10.18607056 31.3410346 10.44007056 0 P 0
L 30.8330346 11.20207056 31.0870346 10.69407056 0 P 0
L 30.8330346 11.20207056 31.3410346 10.94807056 0 P 0
L 30.84885118 62.8430798 31.10285118 63.3510798 0 P 0
L 30.84885118 62.8430798 31.35685118 63.0970798 0 P 0
L 30.84885118 63.8590798 31.10285118 63.3510798 0 P 0
L 30.84885118 63.8590798 31.35685118 63.6050798 0 P 0
L 30.8695344 61.75925164 31.1235344 62.26725164 0 P 0
L 30.8695344 61.75925164 31.3775344 62.01325164 0 P 0
L 30.8695344 62.77525164 31.1235344 62.26725164 0 P 0
L 30.8695344 62.77525164 31.3775344 62.52125164 0 P 0
L 30.89258744 41.65906578 31.14658744 42.16706578 0 P 0
L 30.89258744 41.65906578 31.40058744 41.91306578 0 P 0
L 30.89258744 42.67506578 31.14658744 42.16706578 0 P 0
L 30.89258744 42.67506578 31.40058744 42.42106578 0 P 0
L 30.90762932 60.51025998 31.41562932 60.25625998 0 P 0
L 30.90762932 61.01825998 31.41562932 61.27225998 0 P 0
L 30.91991784 59.31266014 31.17391784 58.80466014 0 P 0
L 30.91991784 59.31266014 31.17391784 59.82066014 0 P 0
L 30.95690532 63.359284 31.21090532 62.851284 0 P 0
L 30.95690532 63.359284 31.21090532 63.867284 0 P 0
L 30.97754536 62.2639344 31.23154536 61.7559344 0 P 0
L 30.97754536 62.2639344 31.23154536 62.7719344 0 P 0
L 30.99892708 42.42919124 31.50692708 42.17519124 0 P 0
L 30.99892708 42.93719124 31.50692708 43.19119124 0 P 0
L 31.04634634 18.9067694 31.55434634 18.6527694 0 P 0
L 31.04634634 19.4147694 31.55434634 19.6687694 0 P 0
L 31.05362852 60.25625998 31.30762852 60.76425998 0 P 0
L 31.05362852 60.25625998 31.56162852 60.51025998 0 P 0
L 31.05362852 61.27225998 31.30762852 60.76425998 0 P 0
L 31.05362852 61.27225998 31.56162852 61.01825998 0 P 0
L 31.06723022 41.02881558 31.32123022 41.53681558 0 P 0
L 31.06723022 41.02881558 31.57523022 41.28281558 0 P 0
L 31.06723022 42.04481558 31.32123022 41.53681558 0 P 0
L 31.06723022 42.04481558 31.57523022 41.79081558 0 P 0
L 31.06863738 32.67768928 31.32263738 32.16968928 0 P 0
L 31.06863738 32.67768928 31.32263738 33.18568928 0 P 0
L 31.07391804 33.83485994 31.32791804 34.34285994 0 P 0
L 31.07391804 33.83485994 31.58191804 34.08885994 0 P 0
L 31.07391804 34.48885914 31.32791804 34.99685914 0 P 0
L 31.07391804 34.48885914 31.58191804 34.74285914 0 P 0
L 31.07391804 34.85085994 31.32791804 34.34285994 0 P 0
L 31.07391804 34.85085994 31.58191804 34.59685994 0 P 0
L 31.07391804 35.14285834 31.32791804 35.65085834 0 P 0
L 31.07391804 35.14285834 31.58191804 35.39685834 0 P 0
L 31.07391804 35.50485914 31.32791804 34.99685914 0 P 0
L 31.07391804 35.50485914 31.58191804 35.25085914 0 P 0
L 31.07391804 35.79685754 31.32791804 36.30485754 0 P 0
L 31.07391804 35.79685754 31.58191804 36.05085754 0 P 0
L 31.07391804 36.15885834 31.32791804 35.65085834 0 P 0
L 31.07391804 36.15885834 31.58191804 35.90485834 0 P 0
L 31.07391804 36.45085674 31.32791804 36.95885674 0 P 0
L 31.07391804 36.45085674 31.58191804 36.70485674 0 P 0
L 31.07391804 36.81285754 31.32791804 36.30485754 0 P 0
L 31.07391804 36.81285754 31.58191804 36.55885754 0 P 0
L 31.07391804 37.10485594 31.32791804 37.61285594 0 P 0
L 31.07391804 37.10485594 31.58191804 37.35885594 0 P 0
L 31.07391804 37.46685674 31.32791804 36.95885674 0 P 0
L 31.07391804 37.46685674 31.58191804 37.21285674 0 P 0
L 31.07391804 37.75885514 31.32791804 38.26685514 0 P 0
L 31.07391804 37.75885514 31.58191804 38.01285514 0 P 0
L 31.07391804 38.12085594 31.32791804 37.61285594 0 P 0
L 31.07391804 38.12085594 31.58191804 37.86685594 0 P 0
L 31.07391804 38.41285434 31.32791804 38.92085434 0 P 0
L 31.07391804 38.41285434 31.58191804 38.66685434 0 P 0
L 31.07391804 38.77485514 31.32791804 38.26685514 0 P 0
L 31.07391804 38.77485514 31.58191804 38.52085514 0 P 0
L 31.07391804 39.06685354 31.32791804 39.57485354 0 P 0
L 31.07391804 39.06685354 31.58191804 39.32085354 0 P 0
L 31.07391804 39.42885434 31.32791804 38.92085434 0 P 0
L 31.07391804 39.42885434 31.58191804 39.17485434 0 P 0
L 31.07391804 39.72085274 31.32791804 40.22885274 0 P 0
L 31.07391804 39.72085274 31.58191804 39.97485274 0 P 0
L 31.07391804 40.08285354 31.32791804 39.57485354 0 P 0
L 31.07391804 40.08285354 31.58191804 39.82885354 0 P 0
L 31.07391804 40.37485194 31.32791804 40.88285194 0 P 0
L 31.07391804 40.37485194 31.58191804 40.62885194 0 P 0
L 31.07391804 40.73685274 31.32791804 40.22885274 0 P 0
L 31.07391804 40.73685274 31.58191804 40.48285274 0 P 0
L 31.07391804 41.39085194 31.32791804 40.88285194 0 P 0
L 31.07391804 41.39085194 31.58191804 41.13685194 0 P 0
L 31.0750585 33.18086074 31.3290585 33.68886074 0 P 0
L 31.0750585 33.18086074 31.5830585 33.43486074 0 P 0
L 31.0750585 34.19686074 31.3290585 33.68886074 0 P 0
L 31.0750585 34.19686074 31.5830585 33.94286074 0 P 0
L 31.13089786 57.32677892 31.63889786 57.07277892 0 P 0
L 31.13089786 57.83477892 31.63889786 58.08877892 0 P 0
L 31.13371726 9.60529194 31.38771726 10.11329194 0 P 0
L 31.13371726 9.60529194 31.64171726 9.85929194 0 P 0
L 31.13371726 10.62129194 31.38771726 10.11329194 0 P 0
L 31.13371726 10.62129194 31.64171726 10.36729194 0 P 0
L 31.16162932 60.76425998 31.41562932 60.25625998 0 P 0
L 31.16162932 60.76425998 31.41562932 61.27225998 0 P 0
L 31.20162924 56.24295076 31.70962924 55.98895076 0 P 0
L 31.20162924 56.75095076 31.70962924 57.00495076 0 P 0
L 31.22240644 20.4339317 31.73040644 20.1799317 0 P 0
L 31.22240644 20.9419317 31.73040644 21.1959317 0 P 0
L 31.22714862 11.7382671 31.73514862 11.4842671 0 P 0
L 31.22714862 12.2462671 31.73514862 12.5002671 0 P 0
L 31.22714862 12.3922663 31.73514862 12.1382663 0 P 0
L 31.22714862 12.9002663 31.73514862 13.1542663 0 P 0
L 31.22714862 13.0462655 31.73514862 12.7922655 0 P 0
L 31.22714862 13.5542655 31.73514862 13.8082655 0 P 0
L 31.22714862 13.7002647 31.73514862 13.4462647 0 P 0
L 31.22714862 14.2082647 31.73514862 14.4622647 0 P 0
L 31.22714862 14.3542639 31.73514862 14.1002639 0 P 0
L 31.22714862 14.8622639 31.73514862 15.1162639 0 P 0
L 31.22714862 15.0082631 31.73514862 14.7542631 0 P 0
L 31.22714862 15.5162631 31.73514862 15.7702631 0 P 0
L 31.22714862 15.6622623 31.73514862 15.4082623 0 P 0
L 31.22714862 16.1702623 31.73514862 16.4242623 0 P 0
L 31.22714862 16.3162615 31.73514862 16.0622615 0 P 0
L 31.22714862 16.8242615 31.73514862 17.0782615 0 P 0
L 31.22714862 16.9702607 31.73514862 16.7162607 0 P 0
L 31.22714862 17.4782607 31.73514862 17.7322607 0 P 0
L 31.22714862 17.6242599 31.73514862 17.3702599 0 P 0
L 31.22714862 18.1322599 31.73514862 18.3862599 0 P 0
L 31.22714862 18.2782591 31.73514862 18.0242591 0 P 0
L 31.22714862 18.7862591 31.73514862 19.0402591 0 P 0
L 31.2282332 11.0842679 31.7362332 10.8302679 0 P 0
L 31.2282332 11.5922679 31.7362332 11.8462679 0 P 0
L 31.25292708 42.68319124 31.50692708 42.17519124 0 P 0
L 31.25292708 42.68319124 31.50692708 43.19119124 0 P 0
L 31.27689706 57.07277892 31.53089706 57.58077892 0 P 0
L 31.27689706 57.07277892 31.78489706 57.32677892 0 P 0
L 31.27689706 58.08877892 31.53089706 57.58077892 0 P 0
L 31.27689706 58.08877892 31.78489706 57.83477892 0 P 0
L 31.28473042 31.96901658 31.79273042 31.71501658 0 P 0
L 31.28473042 32.47701658 31.79273042 32.73101658 0 P 0
L 31.30034634 19.1607694 31.55434634 18.6527694 0 P 0
L 31.30034634 19.1607694 31.55434634 19.6687694 0 P 0
L 31.30204052 19.8928736 31.55604052 20.4008736 0 P 0
L 31.30204052 19.8928736 31.81004052 20.1468736 0 P 0
L 31.30204052 20.9088736 31.55604052 20.4008736 0 P 0
L 31.30204052 20.9088736 31.81004052 20.6548736 0 P 0
L 31.31991704 59.05866014 31.82791704 58.80466014 0 P 0
L 31.31991704 59.56666014 31.82791704 59.82066014 0 P 0
L 31.3410346 10.44007056 31.8490346 10.18607056 0 P 0
L 31.3410346 10.94807056 31.8490346 11.20207056 0 P 0
L 31.34762844 55.98895076 31.60162844 56.49695076 0 P 0
L 31.34762844 55.98895076 31.85562844 56.24295076 0 P 0
L 31.34762844 57.00495076 31.60162844 56.49695076 0 P 0
L 31.34762844 57.00495076 31.85562844 56.75095076 0 P 0
L 31.35685118 63.0970798 31.86485118 62.8430798 0 P 0
L 31.35685118 63.6050798 31.86485118 63.8590798 0 P 0
L 31.3775344 62.01325164 31.8855344 61.75925164 0 P 0
L 31.3775344 62.52125164 31.8855344 62.77525164 0 P 0
L 31.38489786 57.58077892 31.63889786 57.07277892 0 P 0
L 31.38489786 57.58077892 31.63889786 58.08877892 0 P 0
L 31.38652346 31.47864926 31.64052346 31.98664926 0 P 0
L 31.38652346 31.47864926 31.89452346 31.73264926 0 P 0
L 31.38652346 32.49464926 31.64052346 31.98664926 0 P 0
L 31.38652346 32.49464926 31.89452346 32.24064926 0 P 0
L 31.40058744 41.91306578 31.90858744 41.65906578 0 P 0
L 31.40058744 42.42106578 31.90858744 42.67506578 0 P 0
L 31.40214446 32.61452964 31.65614446 33.12252964 0 P 0
L 31.40214446 32.61452964 31.91014446 32.86852964 0 P 0
L 31.40214446 33.63052964 31.65614446 33.12252964 0 P 0
L 31.40214446 33.63052964 31.91014446 33.37652964 0 P 0
L 31.45562924 56.49695076 31.70962924 55.98895076 0 P 0
L 31.45562924 56.49695076 31.70962924 57.00495076 0 P 0
L 31.46591624 58.80466014 31.71991624 59.31266014 0 P 0
L 31.46591624 58.80466014 31.97391624 59.05866014 0 P 0
L 31.46591624 59.82066014 31.71991624 59.31266014 0 P 0
L 31.46591624 59.82066014 31.97391624 59.56666014 0 P 0
L 31.47640644 20.6879317 31.73040644 20.1799317 0 P 0
L 31.47640644 20.6879317 31.73040644 21.1959317 0 P 0
L 31.48114862 11.9922671 31.73514862 11.4842671 0 P 0
L 31.48114862 11.9922671 31.73514862 12.5002671 0 P 0
L 31.48114862 12.6462663 31.73514862 12.1382663 0 P 0
L 31.48114862 12.6462663 31.73514862 13.1542663 0 P 0
L 31.48114862 13.3002655 31.73514862 12.7922655 0 P 0
L 31.48114862 13.3002655 31.73514862 13.8082655 0 P 0
L 31.48114862 13.9542647 31.73514862 13.4462647 0 P 0
L 31.48114862 13.9542647 31.73514862 14.4622647 0 P 0
L 31.48114862 14.6082639 31.73514862 14.1002639 0 P 0
L 31.48114862 14.6082639 31.73514862 15.1162639 0 P 0
L 31.48114862 15.2622631 31.73514862 14.7542631 0 P 0
L 31.48114862 15.2622631 31.73514862 15.7702631 0 P 0
L 31.48114862 15.9162623 31.73514862 15.4082623 0 P 0
L 31.48114862 15.9162623 31.73514862 16.4242623 0 P 0
L 31.48114862 16.5702615 31.73514862 16.0622615 0 P 0
L 31.48114862 16.5702615 31.73514862 17.0782615 0 P 0
L 31.48114862 17.2242607 31.73514862 16.7162607 0 P 0
L 31.48114862 17.2242607 31.73514862 17.7322607 0 P 0
L 31.48114862 17.8782599 31.73514862 17.3702599 0 P 0
L 31.48114862 17.8782599 31.73514862 18.3862599 0 P 0
L 31.48114862 18.5322591 31.73514862 18.0242591 0 P 0
L 31.48114862 18.5322591 31.73514862 19.0402591 0 P 0
L 31.4822332 11.3382679 31.7362332 10.8302679 0 P 0
L 31.4822332 11.3382679 31.7362332 11.8462679 0 P 0
L 31.50285038 62.8430798 31.75685038 63.3510798 0 P 0
L 31.50285038 62.8430798 32.01085038 63.0970798 0 P 0
L 31.50285038 63.8590798 31.75685038 63.3510798 0 P 0
L 31.50285038 63.8590798 32.01085038 63.6050798 0 P 0
L 31.5235336 61.75925164 31.7775336 62.26725164 0 P 0
L 31.5235336 61.75925164 32.0315336 62.01325164 0 P 0
L 31.5235336 62.77525164 31.7775336 62.26725164 0 P 0
L 31.5235336 62.77525164 32.0315336 62.52125164 0 P 0
L 31.53873042 32.22301658 31.79273042 31.71501658 0 P 0
L 31.53873042 32.22301658 31.79273042 32.73101658 0 P 0
L 31.56162852 60.51025998 32.06962852 60.25625998 0 P 0
L 31.56162852 61.01825998 32.06962852 61.27225998 0 P 0
L 31.57391704 59.31266014 31.82791704 58.80466014 0 P 0
L 31.57391704 59.31266014 31.82791704 59.82066014 0 P 0
L 31.57523022 41.28281558 32.08323022 41.02881558 0 P 0
L 31.57523022 41.79081558 32.08323022 42.04481558 0 P 0
L 31.58191804 34.08885994 32.08991804 33.83485994 0 P 0
L 31.58191804 34.59685994 32.08991804 34.85085994 0 P 0
L 31.58191804 34.74285914 32.08991804 34.48885914 0 P 0
L 31.58191804 35.25085914 32.08991804 35.50485914 0 P 0
L 31.58191804 35.39685834 32.08991804 35.14285834 0 P 0
L 31.58191804 35.90485834 32.08991804 36.15885834 0 P 0
L 31.58191804 36.05085754 32.08991804 35.79685754 0 P 0
L 31.58191804 36.55885754 32.08991804 36.81285754 0 P 0
L 31.58191804 36.70485674 32.08991804 36.45085674 0 P 0
L 31.58191804 37.21285674 32.08991804 37.46685674 0 P 0
L 31.58191804 37.35885594 32.08991804 37.10485594 0 P 0
L 31.58191804 37.86685594 32.08991804 38.12085594 0 P 0
L 31.58191804 38.01285514 32.08991804 37.75885514 0 P 0
L 31.58191804 38.52085514 32.08991804 38.77485514 0 P 0
L 31.58191804 38.66685434 32.08991804 38.41285434 0 P 0
L 31.58191804 39.17485434 32.08991804 39.42885434 0 P 0
L 31.58191804 39.32085354 32.08991804 39.06685354 0 P 0
L 31.58191804 39.82885354 32.08991804 40.08285354 0 P 0
L 31.58191804 39.97485274 32.08991804 39.72085274 0 P 0
L 31.58191804 40.48285274 32.08991804 40.73685274 0 P 0
L 31.58191804 40.62885194 32.08991804 40.37485194 0 P 0
L 31.58191804 41.13685194 32.08991804 41.39085194 0 P 0
L 31.5830585 33.43486074 32.0910585 33.18086074 0 P 0
L 31.5830585 33.94286074 32.0910585 34.19686074 0 P 0
L 31.5950346 10.69407056 31.8490346 10.18607056 0 P 0
L 31.5950346 10.69407056 31.8490346 11.20207056 0 P 0
L 31.59995458 9.146667 31.85395458 9.654667 0 P 0
L 31.59995458 9.146667 32.10795458 9.400667 0 P 0
L 31.59995458 10.162667 31.85395458 9.654667 0 P 0
L 31.59995458 10.162667 32.10795458 9.908667 0 P 0
L 31.61085118 63.3510798 31.86485118 62.8430798 0 P 0
L 31.61085118 63.3510798 31.86485118 63.8590798 0 P 0
L 31.6315344 62.26725164 31.8855344 61.75925164 0 P 0
L 31.6315344 62.26725164 31.8855344 62.77525164 0 P 0
L 31.64171726 9.85929194 32.14971726 9.60529194 0 P 0
L 31.64171726 10.36729194 32.14971726 10.62129194 0 P 0
L 31.65458744 42.16706578 31.90858744 41.65906578 0 P 0
L 31.65458744 42.16706578 31.90858744 42.67506578 0 P 0
L 31.70762772 60.25625998 31.96162772 60.76425998 0 P 0
L 31.70762772 60.25625998 32.21562772 60.51025998 0 P 0
L 31.70762772 61.27225998 31.96162772 60.76425998 0 P 0
L 31.70762772 61.27225998 32.21562772 61.01825998 0 P 0
L 31.76611884 19.43206426 32.02011884 19.94006426 0 P 0
L 31.76611884 19.43206426 32.27411884 19.68606426 0 P 0
L 31.76611884 20.44806426 32.02011884 19.94006426 0 P 0
L 31.76611884 20.44806426 32.27411884 20.19406426 0 P 0
L 31.78489706 57.32677892 32.29289706 57.07277892 0 P 0
L 31.78489706 57.83477892 32.29289706 58.08877892 0 P 0
L 31.81004052 20.1468736 32.31804052 19.8928736 0 P 0
L 31.81004052 20.6548736 32.31804052 20.9088736 0 P 0
L 31.81562852 60.76425998 32.06962852 60.25625998 0 P 0
L 31.81562852 60.76425998 32.06962852 61.27225998 0 P 0
L 31.82923022 41.53681558 32.08323022 41.02881558 0 P 0
L 31.82923022 41.53681558 32.08323022 42.04481558 0 P 0
L 31.83591804 34.34285994 32.08991804 33.83485994 0 P 0
L 31.83591804 34.34285994 32.08991804 34.85085994 0 P 0
L 31.83591804 34.99685914 32.08991804 34.48885914 0 P 0
L 31.83591804 34.99685914 32.08991804 35.50485914 0 P 0
L 31.83591804 35.65085834 32.08991804 35.14285834 0 P 0
L 31.83591804 35.65085834 32.08991804 36.15885834 0 P 0
L 31.83591804 36.30485754 32.08991804 35.79685754 0 P 0
L 31.83591804 36.30485754 32.08991804 36.81285754 0 P 0
L 31.83591804 36.95885674 32.08991804 36.45085674 0 P 0
L 31.83591804 36.95885674 32.08991804 37.46685674 0 P 0
L 31.83591804 37.61285594 32.08991804 37.10485594 0 P 0
L 31.83591804 37.61285594 32.08991804 38.12085594 0 P 0
L 31.83591804 38.26685514 32.08991804 37.75885514 0 P 0
L 31.83591804 38.26685514 32.08991804 38.77485514 0 P 0
L 31.83591804 38.92085434 32.08991804 38.41285434 0 P 0
L 31.83591804 38.92085434 32.08991804 39.42885434 0 P 0
L 31.83591804 39.57485354 32.08991804 39.06685354 0 P 0
L 31.83591804 39.57485354 32.08991804 40.08285354 0 P 0
L 31.83591804 40.22885274 32.08991804 39.72085274 0 P 0
L 31.83591804 40.22885274 32.08991804 40.73685274 0 P 0
L 31.83591804 40.88285194 32.08991804 40.37485194 0 P 0
L 31.83591804 40.88285194 32.08991804 41.39085194 0 P 0
L 31.8370585 33.68886074 32.0910585 33.18086074 0 P 0
L 31.8370585 33.68886074 32.0910585 34.19686074 0 P 0
L 31.85562844 56.24295076 32.36362844 55.98895076 0 P 0
L 31.85562844 56.75095076 32.36362844 57.00495076 0 P 0
L 31.89452346 31.73264926 32.40252346 31.47864926 0 P 0
L 31.89452346 32.24064926 32.40252346 32.49464926 0 P 0
L 31.89571726 10.11329194 32.14971726 9.60529194 0 P 0
L 31.89571726 10.11329194 32.14971726 10.62129194 0 P 0
L 31.91014446 32.86852964 32.41814446 32.61452964 0 P 0
L 31.91014446 33.37652964 32.41814446 33.63052964 0 P 0
L 31.93089626 57.07277892 32.18489626 57.58077892 0 P 0
L 31.93089626 57.07277892 32.43889626 57.32677892 0 P 0
L 31.93089626 58.08877892 32.18489626 57.58077892 0 P 0
L 31.93089626 58.08877892 32.43889626 57.83477892 0 P 0
L 31.97391624 59.05866014 32.48191624 58.80466014 0 P 0
L 31.97391624 59.56666014 32.48191624 59.82066014 0 P 0
L 32.00162764 55.98895076 32.25562764 56.49695076 0 P 0
L 32.00162764 55.98895076 32.50962764 56.24295076 0 P 0
L 32.00162764 57.00495076 32.25562764 56.49695076 0 P 0
L 32.00162764 57.00495076 32.50962764 56.75095076 0 P 0
L 32.01085038 63.0970798 32.51885038 62.8430798 0 P 0
L 32.01085038 63.6050798 32.51885038 63.8590798 0 P 0
L 32.0315336 62.01325164 32.5395336 61.75925164 0 P 0
L 32.0315336 62.52125164 32.5395336 62.77525164 0 P 0
L 32.03889706 57.58077892 32.29289706 57.07277892 0 P 0
L 32.03889706 57.58077892 32.29289706 58.08877892 0 P 0
L 32.04050742 31.48286566 32.29450742 31.99086566 0 P 0
L 32.04050742 31.48286566 32.54850742 31.73686566 0 P 0
L 32.04050742 32.49886566 32.29450742 31.99086566 0 P 0
L 32.04050742 32.49886566 32.54850742 32.24486566 0 P 0
L 32.0547619 32.65698828 32.3087619 33.16498828 0 P 0
L 32.0547619 32.65698828 32.5627619 32.91098828 0 P 0
L 32.0547619 33.67298828 32.3087619 33.16498828 0 P 0
L 32.0547619 33.67298828 32.5627619 33.41898828 0 P 0
L 32.0613786 18.84850688 32.3153786 19.35650688 0 P 0
L 32.0613786 18.84850688 32.5693786 19.10250688 0 P 0
L 32.0613786 19.86450688 32.3153786 19.35650688 0 P 0
L 32.0613786 19.86450688 32.5693786 19.61050688 0 P 0
L 32.06404052 20.4008736 32.31804052 19.8928736 0 P 0
L 32.06404052 20.4008736 32.31804052 20.9088736 0 P 0
L 32.10795458 9.400667 32.61595458 9.146667 0 P 0
L 32.10795458 9.908667 32.61595458 10.162667 0 P 0
L 32.10962844 56.49695076 32.36362844 55.98895076 0 P 0
L 32.10962844 56.49695076 32.36362844 57.00495076 0 P 0
L 32.11991544 58.80466014 32.37391544 59.31266014 0 P 0
L 32.11991544 58.80466014 32.62791544 59.05866014 0 P 0
L 32.11991544 59.82066014 32.37391544 59.31266014 0 P 0
L 32.11991544 59.82066014 32.62791544 59.56666014 0 P 0
L 32.14852346 31.98664926 32.40252346 31.47864926 0 P 0
L 32.14852346 31.98664926 32.40252346 32.49464926 0 P 0
L 32.15684958 62.8430798 32.41084958 63.3510798 0 P 0
L 32.15684958 62.8430798 32.66484958 63.0970798 0 P 0
L 32.15684958 63.8590798 32.41084958 63.3510798 0 P 0
L 32.15684958 63.8590798 32.66484958 63.6050798 0 P 0
L 32.16414446 33.12252964 32.41814446 32.61452964 0 P 0
L 32.16414446 33.12252964 32.41814446 33.63052964 0 P 0
L 32.17074846 11.00972652 32.42474846 11.51772652 0 P 0
L 32.17074846 11.00972652 32.67874846 11.26372652 0 P 0
L 32.17074846 11.66372572 32.42474846 12.17172572 0 P 0
L 32.17074846 11.66372572 32.67874846 11.91772572 0 P 0
L 32.17074846 12.02572652 32.42474846 11.51772652 0 P 0
L 32.17074846 12.02572652 32.67874846 11.77172652 0 P 0
L 32.17074846 12.31772492 32.42474846 12.82572492 0 P 0
L 32.17074846 12.31772492 32.67874846 12.57172492 0 P 0
L 32.17074846 12.67972572 32.42474846 12.17172572 0 P 0
L 32.17074846 12.67972572 32.67874846 12.42572572 0 P 0
L 32.17074846 12.97172412 32.42474846 13.47972412 0 P 0
L 32.17074846 12.97172412 32.67874846 13.22572412 0 P 0
L 32.17074846 13.33372492 32.42474846 12.82572492 0 P 0
L 32.17074846 13.33372492 32.67874846 13.07972492 0 P 0
L 32.17074846 13.62572332 32.42474846 14.13372332 0 P 0
L 32.17074846 13.62572332 32.67874846 13.87972332 0 P 0
L 32.17074846 13.98772412 32.42474846 13.47972412 0 P 0
L 32.17074846 13.98772412 32.67874846 13.73372412 0 P 0
L 32.17074846 14.27972252 32.42474846 14.78772252 0 P 0
L 32.17074846 14.27972252 32.67874846 14.53372252 0 P 0
L 32.17074846 14.64172332 32.42474846 14.13372332 0 P 0
L 32.17074846 14.64172332 32.67874846 14.38772332 0 P 0
L 32.17074846 14.93372172 32.42474846 15.44172172 0 P 0
L 32.17074846 14.93372172 32.67874846 15.18772172 0 P 0
L 32.17074846 15.29572252 32.42474846 14.78772252 0 P 0
L 32.17074846 15.29572252 32.67874846 15.04172252 0 P 0
L 32.17074846 15.58772092 32.42474846 16.09572092 0 P 0
L 32.17074846 15.58772092 32.67874846 15.84172092 0 P 0
L 32.17074846 15.94972172 32.42474846 15.44172172 0 P 0
L 32.17074846 15.94972172 32.67874846 15.69572172 0 P 0
L 32.17074846 16.24172012 32.42474846 16.74972012 0 P 0
L 32.17074846 16.24172012 32.67874846 16.49572012 0 P 0
L 32.17074846 16.60372092 32.42474846 16.09572092 0 P 0
L 32.17074846 16.60372092 32.67874846 16.34972092 0 P 0
L 32.17074846 16.89571932 32.42474846 17.40371932 0 P 0
L 32.17074846 16.89571932 32.67874846 17.14971932 0 P 0
L 32.17074846 17.25772012 32.42474846 16.74972012 0 P 0
L 32.17074846 17.25772012 32.67874846 17.00372012 0 P 0
L 32.17074846 17.54971852 32.42474846 18.05771852 0 P 0
L 32.17074846 17.54971852 32.67874846 17.80371852 0 P 0
L 32.17074846 17.91171932 32.42474846 17.40371932 0 P 0
L 32.17074846 17.91171932 32.67874846 17.65771932 0 P 0
L 32.17074846 18.20371772 32.42474846 18.71171772 0 P 0
L 32.17074846 18.20371772 32.67874846 18.45771772 0 P 0
L 32.17074846 18.56571852 32.42474846 18.05771852 0 P 0
L 32.17074846 18.56571852 32.67874846 18.31171852 0 P 0
L 32.17074846 19.21971772 32.42474846 18.71171772 0 P 0
L 32.17074846 19.21971772 32.67874846 18.96571772 0 P 0
L 32.1775328 61.75925164 32.4315328 62.26725164 0 P 0
L 32.1775328 61.75925164 32.6855328 62.01325164 0 P 0
L 32.1775328 62.77525164 32.4315328 62.26725164 0 P 0
L 32.1775328 62.77525164 32.6855328 62.52125164 0 P 0
L 32.19022264 8.86506736 32.44422264 9.37306736 0 P 0
L 32.19022264 8.86506736 32.69822264 9.11906736 0 P 0
L 32.19022264 9.88106736 32.44422264 9.37306736 0 P 0
L 32.19022264 9.88106736 32.69822264 9.62706736 0 P 0
L 32.21562772 60.51025998 32.72362772 60.25625998 0 P 0
L 32.21562772 61.01825998 32.72362772 61.27225998 0 P 0
L 32.22791624 59.31266014 32.48191624 58.80466014 0 P 0
L 32.22791624 59.31266014 32.48191624 59.82066014 0 P 0
L 32.26485038 63.3510798 32.51885038 62.8430798 0 P 0
L 32.26485038 63.3510798 32.51885038 63.8590798 0 P 0
L 32.27411884 19.68606426 32.78211884 19.43206426 0 P 0
L 32.27411884 20.19406426 32.78211884 20.44806426 0 P 0
L 32.2855336 62.26725164 32.5395336 61.75925164 0 P 0
L 32.2855336 62.26725164 32.5395336 62.77525164 0 P 0
L 32.31524906 35.8702737 32.56924906 36.3782737 0 P 0
L 32.31524906 35.8702737 32.82324906 36.1242737 0 P 0
L 32.31524906 36.8862737 32.56924906 36.3782737 0 P 0
L 32.31524906 36.8862737 32.82324906 36.6322737 0 P 0
L 32.32108852 33.2543023 32.57508852 33.7623023 0 P 0
L 32.32108852 33.2543023 32.82908852 33.5083023 0 P 0
L 32.32108852 33.9083015 32.57508852 34.4163015 0 P 0
L 32.32108852 33.9083015 32.82908852 34.1623015 0 P 0
L 32.32108852 34.2703023 32.57508852 33.7623023 0 P 0
L 32.32108852 34.2703023 32.82908852 34.0163023 0 P 0
L 32.32108852 34.5623007 32.57508852 35.0703007 0 P 0
L 32.32108852 34.5623007 32.82908852 34.8163007 0 P 0
L 32.32108852 34.9243015 32.57508852 34.4163015 0 P 0
L 32.32108852 34.9243015 32.82908852 34.6703015 0 P 0
L 32.32108852 35.2162999 32.57508852 35.7242999 0 P 0
L 32.32108852 35.2162999 32.82908852 35.4702999 0 P 0
L 32.32108852 35.5783007 32.57508852 35.0703007 0 P 0
L 32.32108852 35.5783007 32.82908852 35.3243007 0 P 0
L 32.32108852 36.2322999 32.57508852 35.7242999 0 P 0
L 32.32108852 36.2322999 32.82908852 35.9782999 0 P 0
L 32.36162692 60.25625998 32.61562692 60.76425998 0 P 0
L 32.36162692 60.25625998 32.86962692 60.51025998 0 P 0
L 32.36162692 61.27225998 32.61562692 60.76425998 0 P 0
L 32.36162692 61.27225998 32.86962692 61.01825998 0 P 0
L 32.36195458 9.654667 32.61595458 9.146667 0 P 0
L 32.36195458 9.654667 32.61595458 10.162667 0 P 0
L 32.3660516 10.38556978 32.6200516 10.89356978 0 P 0
L 32.3660516 10.38556978 32.8740516 10.63956978 0 P 0
L 32.3660516 11.40156978 32.6200516 10.89356978 0 P 0
L 32.3660516 11.40156978 32.8740516 11.14756978 0 P 0
L 32.43889626 57.32677892 32.94689626 57.07277892 0 P 0
L 32.43889626 57.83477892 32.94689626 58.08877892 0 P 0
L 32.45369684 36.509452 32.70769684 37.017452 0 P 0
L 32.45369684 36.509452 32.96169684 36.763452 0 P 0
L 32.45369684 37.525452 32.70769684 37.017452 0 P 0
L 32.45369684 37.525452 32.96169684 37.271452 0 P 0
L 32.46962772 60.76425998 32.72362772 60.25625998 0 P 0
L 32.46962772 60.76425998 32.72362772 61.27225998 0 P 0
L 32.50962764 56.24295076 33.01762764 55.98895076 0 P 0
L 32.50962764 56.75095076 33.01762764 57.00495076 0 P 0
L 32.52811884 19.94006426 32.78211884 19.43206426 0 P 0
L 32.52811884 19.94006426 32.78211884 20.44806426 0 P 0
L 32.54850742 31.73686566 33.05650742 31.48286566 0 P 0
L 32.54850742 32.24486566 33.05650742 32.49886566 0 P 0
L 32.5627619 32.91098828 33.0707619 32.65698828 0 P 0
L 32.5627619 33.41898828 33.0707619 33.67298828 0 P 0
L 32.5693786 19.10250688 33.0773786 18.84850688 0 P 0
L 32.5693786 19.61050688 33.0773786 19.86450688 0 P 0
L 32.58489546 57.07277892 32.83889546 57.58077892 0 P 0
L 32.58489546 57.07277892 33.09289546 57.32677892 0 P 0
L 32.58489546 58.08877892 32.83889546 57.58077892 0 P 0
L 32.58489546 58.08877892 33.09289546 57.83477892 0 P 0
L 32.62791544 59.05866014 33.13591544 58.80466014 0 P 0
L 32.62791544 59.56666014 33.13591544 59.82066014 0 P 0
L 32.64403936 31.73478794 32.89803936 32.24278794 0 P 0
L 32.64403936 31.73478794 33.15203936 31.98878794 0 P 0
L 32.64403936 32.75078794 32.89803936 32.24278794 0 P 0
L 32.64403936 32.75078794 33.15203936 32.49678794 0 P 0
L 32.65562684 55.98895076 32.90962684 56.49695076 0 P 0
L 32.65562684 55.98895076 33.16362684 56.24295076 0 P 0
L 32.65562684 57.00495076 32.90962684 56.49695076 0 P 0
L 32.65562684 57.00495076 33.16362684 56.75095076 0 P 0
L 32.66484958 63.0970798 33.17284958 62.8430798 0 P 0
L 32.66484958 63.6050798 33.17284958 63.8590798 0 P 0
L 32.67874846 11.26372652 33.18674846 11.00972652 0 P 0
L 32.67874846 11.77172652 33.18674846 12.02572652 0 P 0
L 32.67874846 11.91772572 33.18674846 11.66372572 0 P 0
L 32.67874846 12.42572572 33.18674846 12.67972572 0 P 0
L 32.67874846 12.57172492 33.18674846 12.31772492 0 P 0
L 32.67874846 13.07972492 33.18674846 13.33372492 0 P 0
L 32.67874846 13.22572412 33.18674846 12.97172412 0 P 0
L 32.67874846 13.73372412 33.18674846 13.98772412 0 P 0
L 32.67874846 13.87972332 33.18674846 13.62572332 0 P 0
L 32.67874846 14.38772332 33.18674846 14.64172332 0 P 0
L 32.67874846 14.53372252 33.18674846 14.27972252 0 P 0
L 32.67874846 15.04172252 33.18674846 15.29572252 0 P 0
L 32.67874846 15.18772172 33.18674846 14.93372172 0 P 0
L 32.67874846 15.69572172 33.18674846 15.94972172 0 P 0
L 32.67874846 15.84172092 33.18674846 15.58772092 0 P 0
L 32.67874846 16.34972092 33.18674846 16.60372092 0 P 0
L 32.67874846 16.49572012 33.18674846 16.24172012 0 P 0
L 32.67874846 17.00372012 33.18674846 17.25772012 0 P 0
L 32.67874846 17.14971932 33.18674846 16.89571932 0 P 0
L 32.67874846 17.65771932 33.18674846 17.91171932 0 P 0
L 32.67874846 17.80371852 33.18674846 17.54971852 0 P 0
L 32.67874846 18.31171852 33.18674846 18.56571852 0 P 0
L 32.67874846 18.45771772 33.18674846 18.20371772 0 P 0
L 32.67874846 18.96571772 33.18674846 19.21971772 0 P 0
L 32.6855328 62.01325164 33.1935328 61.75925164 0 P 0
L 32.6855328 62.52125164 33.1935328 62.77525164 0 P 0
L 32.69289626 57.58077892 32.94689626 57.07277892 0 P 0
L 32.69289626 57.58077892 32.94689626 58.08877892 0 P 0
L 32.69822264 9.11906736 33.20622264 8.86506736 0 P 0
L 32.69822264 9.62706736 33.20622264 9.88106736 0 P 0
L 32.76362764 56.49695076 33.01762764 55.98895076 0 P 0
L 32.76362764 56.49695076 33.01762764 57.00495076 0 P 0
L 32.77391464 58.80466014 33.02791464 59.31266014 0 P 0
L 32.77391464 58.80466014 33.28191464 59.05866014 0 P 0
L 32.77391464 59.82066014 33.02791464 59.31266014 0 P 0
L 32.77391464 59.82066014 33.28191464 59.56666014 0 P 0
L 32.80250742 31.99086566 33.05650742 31.48286566 0 P 0
L 32.80250742 31.99086566 33.05650742 32.49886566 0 P 0
L 32.81013758 37.05777958 33.06413758 37.56577958 0 P 0
L 32.81013758 37.05777958 33.31813758 37.31177958 0 P 0
L 32.81013758 38.07377958 33.06413758 37.56577958 0 P 0
L 32.81013758 38.07377958 33.31813758 37.81977958 0 P 0
L 32.81084878 62.8430798 33.06484878 63.3510798 0 P 0
L 32.81084878 62.8430798 33.31884878 63.0970798 0 P 0
L 32.81084878 63.8590798 33.06484878 63.3510798 0 P 0
L 32.81084878 63.8590798 33.31884878 63.6050798 0 P 0
L 32.8167619 33.16498828 33.0707619 32.65698828 0 P 0
L 32.8167619 33.16498828 33.0707619 33.67298828 0 P 0
L 32.82324906 36.1242737 33.33124906 35.8702737 0 P 0
L 32.82324906 36.6322737 33.33124906 36.8862737 0 P 0
L 32.8233786 19.35650688 33.0773786 18.84850688 0 P 0
L 32.8233786 19.35650688 33.0773786 19.86450688 0 P 0
L 32.82908852 33.5083023 33.33708852 33.2543023 0 P 0
L 32.82908852 34.0163023 33.33708852 34.2703023 0 P 0
L 32.82908852 34.1623015 33.33708852 33.9083015 0 P 0
L 32.82908852 34.6703015 33.33708852 34.9243015 0 P 0
L 32.82908852 34.8163007 33.33708852 34.5623007 0 P 0
L 32.82908852 35.3243007 33.33708852 35.5783007 0 P 0
L 32.82908852 35.4702999 33.33708852 35.2162999 0 P 0
L 32.82908852 35.9782999 33.33708852 36.2322999 0 P 0
L 32.831532 61.75925164 33.085532 62.26725164 0 P 0
L 32.831532 61.75925164 33.339532 62.01325164 0 P 0
L 32.831532 62.77525164 33.085532 62.26725164 0 P 0
L 32.831532 62.77525164 33.339532 62.52125164 0 P 0
L 32.83747052 8.77132866 33.09147052 9.27932866 0 P 0
L 32.83747052 8.77132866 33.34547052 9.02532866 0 P 0
L 32.83747052 9.78732866 33.09147052 9.27932866 0 P 0
L 32.83747052 9.78732866 33.34547052 9.53332866 0 P 0
L 32.86962692 60.51025998 33.37762692 60.25625998 0 P 0
L 32.86962692 61.01825998 33.37762692 61.27225998 0 P 0
L 32.8740516 10.63956978 33.3820516 10.38556978 0 P 0
L 32.8740516 11.14756978 33.3820516 11.40156978 0 P 0
L 32.88191544 59.31266014 33.13591544 58.80466014 0 P 0
L 32.88191544 59.31266014 33.13591544 59.82066014 0 P 0
L 32.91884958 63.3510798 33.17284958 62.8430798 0 P 0
L 32.91884958 63.3510798 33.17284958 63.8590798 0 P 0
L 32.93274846 11.51772652 33.18674846 11.00972652 0 P 0
L 32.93274846 11.51772652 33.18674846 12.02572652 0 P 0
L 32.93274846 12.17172572 33.18674846 11.66372572 0 P 0
L 32.93274846 12.17172572 33.18674846 12.67972572 0 P 0
L 32.93274846 12.82572492 33.18674846 12.31772492 0 P 0
L 32.93274846 12.82572492 33.18674846 13.33372492 0 P 0
L 32.93274846 13.47972412 33.18674846 12.97172412 0 P 0
L 32.93274846 13.47972412 33.18674846 13.98772412 0 P 0
L 32.93274846 14.13372332 33.18674846 13.62572332 0 P 0
L 32.93274846 14.13372332 33.18674846 14.64172332 0 P 0
L 32.93274846 14.78772252 33.18674846 14.27972252 0 P 0
L 32.93274846 14.78772252 33.18674846 15.29572252 0 P 0
L 32.93274846 15.44172172 33.18674846 14.93372172 0 P 0
L 32.93274846 15.44172172 33.18674846 15.94972172 0 P 0
L 32.93274846 16.09572092 33.18674846 15.58772092 0 P 0
L 32.93274846 16.09572092 33.18674846 16.60372092 0 P 0
L 32.93274846 16.74972012 33.18674846 16.24172012 0 P 0
L 32.93274846 16.74972012 33.18674846 17.25772012 0 P 0
L 32.93274846 17.40371932 33.18674846 16.89571932 0 P 0
L 32.93274846 17.40371932 33.18674846 17.91171932 0 P 0
L 32.93274846 18.05771852 33.18674846 17.54971852 0 P 0
L 32.93274846 18.05771852 33.18674846 18.56571852 0 P 0
L 32.93274846 18.71171772 33.18674846 18.20371772 0 P 0
L 32.93274846 18.71171772 33.18674846 19.21971772 0 P 0
L 32.9395328 62.26725164 33.1935328 61.75925164 0 P 0
L 32.9395328 62.26725164 33.1935328 62.77525164 0 P 0
L 32.95222264 9.37306736 33.20622264 8.86506736 0 P 0
L 32.95222264 9.37306736 33.20622264 9.88106736 0 P 0
L 32.96169684 36.763452 33.46969684 36.509452 0 P 0
L 32.96169684 37.271452 33.46969684 37.525452 0 P 0
L 33.00836172 10.26247884 33.26236172 10.77047884 0 P 0
L 33.00836172 10.26247884 33.51636172 10.51647884 0 P 0
L 33.00836172 11.27847884 33.26236172 10.77047884 0 P 0
L 33.00836172 11.27847884 33.51636172 11.02447884 0 P 0
L 33.01562612 60.25625998 33.26962612 60.76425998 0 P 0
L 33.01562612 60.25625998 33.52362612 60.51025998 0 P 0
L 33.01562612 61.27225998 33.26962612 60.76425998 0 P 0
L 33.01562612 61.27225998 33.52362612 61.01825998 0 P 0
L 33.07724906 36.3782737 33.33124906 35.8702737 0 P 0
L 33.07724906 36.3782737 33.33124906 36.8862737 0 P 0
L 33.08308852 33.7623023 33.33708852 33.2543023 0 P 0
L 33.08308852 33.7623023 33.33708852 34.2703023 0 P 0
L 33.08308852 34.4163015 33.33708852 33.9083015 0 P 0
L 33.08308852 34.4163015 33.33708852 34.9243015 0 P 0
L 33.08308852 35.0703007 33.33708852 34.5623007 0 P 0
L 33.08308852 35.0703007 33.33708852 35.5783007 0 P 0
L 33.08308852 35.7242999 33.33708852 35.2162999 0 P 0
L 33.08308852 35.7242999 33.33708852 36.2322999 0 P 0
L 33.09289546 57.32677892 33.60089546 57.07277892 0 P 0
L 33.09289546 57.83477892 33.60089546 58.08877892 0 P 0
L 33.10819134 32.19552362 33.36219134 32.70352362 0 P 0
L 33.10819134 32.19552362 33.61619134 32.44952362 0 P 0
L 33.10819134 33.21152362 33.36219134 32.70352362 0 P 0
L 33.10819134 33.21152362 33.61619134 32.95752362 0 P 0
L 33.12362692 60.76425998 33.37762692 60.25625998 0 P 0
L 33.12362692 60.76425998 33.37762692 61.27225998 0 P 0
L 33.1280516 10.89356978 33.3820516 10.38556978 0 P 0
L 33.1280516 10.89356978 33.3820516 11.40156978 0 P 0
L 33.15203936 31.98878794 33.66003936 31.73478794 0 P 0
L 33.15203936 32.49678794 33.66003936 32.75078794 0 P 0
L 33.16362684 56.24295076 33.67162684 55.98895076 0 P 0
L 33.16362684 56.75095076 33.67162684 57.00495076 0 P 0
L 33.21569684 37.017452 33.46969684 36.509452 0 P 0
L 33.21569684 37.017452 33.46969684 37.525452 0 P 0
L 33.23889466 57.07277892 33.49289466 57.58077892 0 P 0
L 33.23889466 57.07277892 33.74689466 57.32677892 0 P 0
L 33.23889466 58.08877892 33.49289466 57.58077892 0 P 0
L 33.23889466 58.08877892 33.74689466 57.83477892 0 P 0
L 33.28191464 59.05866014 33.78991464 58.80466014 0 P 0
L 33.28191464 59.56666014 33.78991464 59.82066014 0 P 0
L 33.30962604 55.98895076 33.56362604 56.49695076 0 P 0
L 33.30962604 55.98895076 33.81762604 56.24295076 0 P 0
L 33.30962604 57.00495076 33.56362604 56.49695076 0 P 0
L 33.30962604 57.00495076 33.81762604 56.75095076 0 P 0
L 33.31813758 37.31177958 33.82613758 37.05777958 0 P 0
L 33.31813758 37.81977958 33.82613758 38.07377958 0 P 0
L 33.31884878 63.0970798 33.82684878 62.8430798 0 P 0
L 33.31884878 63.6050798 33.82684878 63.8590798 0 P 0
L 33.339532 62.01325164 33.847532 61.75925164 0 P 0
L 33.339532 62.52125164 33.847532 62.77525164 0 P 0
L 33.34547052 9.02532866 33.85347052 8.77132866 0 P 0
L 33.34547052 9.53332866 33.85347052 9.78732866 0 P 0
L 33.34689546 57.58077892 33.60089546 57.07277892 0 P 0
L 33.34689546 57.58077892 33.60089546 58.08877892 0 P 0
L 33.35289748 37.42264804 33.60689748 37.93064804 0 P 0
L 33.35289748 37.42264804 33.86089748 37.67664804 0 P 0
L 33.35289748 38.43864804 33.60689748 37.93064804 0 P 0
L 33.35289748 38.43864804 33.86089748 38.18464804 0 P 0
L 33.36895282 32.79529128 33.62295282 33.30329128 0 P 0
L 33.36895282 32.79529128 33.87695282 33.04929128 0 P 0
L 33.36895282 33.81129128 33.62295282 33.30329128 0 P 0
L 33.36895282 33.81129128 33.87695282 33.55729128 0 P 0
L 33.40063424 10.78577218 33.65463424 11.29377218 0 P 0
L 33.40063424 10.78577218 33.90863424 11.03977218 0 P 0
L 33.40063424 11.80177218 33.65463424 11.29377218 0 P 0
L 33.40063424 11.80177218 33.90863424 11.54777218 0 P 0
L 33.40491668 33.44829988 33.65891668 33.95629988 0 P 0
L 33.40491668 33.44829988 33.91291668 33.70229988 0 P 0
L 33.40491668 34.10229908 33.65891668 34.61029908 0 P 0
L 33.40491668 34.10229908 33.91291668 34.35629908 0 P 0
L 33.40491668 34.46429988 33.65891668 33.95629988 0 P 0
L 33.40491668 34.46429988 33.91291668 34.21029988 0 P 0
L 33.40491668 34.75629828 33.65891668 35.26429828 0 P 0
L 33.40491668 34.75629828 33.91291668 35.01029828 0 P 0
L 33.40491668 35.11829908 33.65891668 34.61029908 0 P 0
L 33.40491668 35.11829908 33.91291668 34.86429908 0 P 0
L 33.40491668 35.41029748 33.65891668 35.91829748 0 P 0
L 33.40491668 35.41029748 33.91291668 35.66429748 0 P 0
L 33.40491668 35.77229828 33.65891668 35.26429828 0 P 0
L 33.40491668 35.77229828 33.91291668 35.51829828 0 P 0
L 33.40491668 36.42629748 33.65891668 35.91829748 0 P 0
L 33.40491668 36.42629748 33.91291668 36.17229748 0 P 0
L 33.40514274 11.43975614 33.65914274 11.94775614 0 P 0
L 33.40514274 11.43975614 33.91314274 11.69375614 0 P 0
L 33.40514274 12.09375534 33.65914274 12.60175534 0 P 0
L 33.40514274 12.09375534 33.91314274 12.34775534 0 P 0
L 33.40514274 12.45575614 33.65914274 11.94775614 0 P 0
L 33.40514274 12.45575614 33.91314274 12.20175614 0 P 0
L 33.40514274 12.74775454 33.65914274 13.25575454 0 P 0
L 33.40514274 12.74775454 33.91314274 13.00175454 0 P 0
L 33.40514274 13.10975534 33.65914274 12.60175534 0 P 0
L 33.40514274 13.10975534 33.91314274 12.85575534 0 P 0
L 33.40514274 13.40175374 33.65914274 13.90975374 0 P 0
L 33.40514274 13.40175374 33.91314274 13.65575374 0 P 0
L 33.40514274 13.76375454 33.65914274 13.25575454 0 P 0
L 33.40514274 13.76375454 33.91314274 13.50975454 0 P 0
L 33.40514274 14.05575294 33.65914274 14.56375294 0 P 0
L 33.40514274 14.05575294 33.91314274 14.30975294 0 P 0
L 33.40514274 14.41775374 33.65914274 13.90975374 0 P 0
L 33.40514274 14.41775374 33.91314274 14.16375374 0 P 0
L 33.40514274 14.70975214 33.65914274 15.21775214 0 P 0
L 33.40514274 14.70975214 33.91314274 14.96375214 0 P 0
L 33.40514274 15.07175294 33.65914274 14.56375294 0 P 0
L 33.40514274 15.07175294 33.91314274 14.81775294 0 P 0
L 33.40514274 15.36375134 33.65914274 15.87175134 0 P 0
L 33.40514274 15.36375134 33.91314274 15.61775134 0 P 0
L 33.40514274 15.72575214 33.65914274 15.21775214 0 P 0
L 33.40514274 15.72575214 33.91314274 15.47175214 0 P 0
L 33.40514274 16.01775054 33.65914274 16.52575054 0 P 0
L 33.40514274 16.01775054 33.91314274 16.27175054 0 P 0
L 33.40514274 16.37975134 33.65914274 15.87175134 0 P 0
L 33.40514274 16.37975134 33.91314274 16.12575134 0 P 0
L 33.40514274 16.67174974 33.65914274 17.17974974 0 P 0
L 33.40514274 16.67174974 33.91314274 16.92574974 0 P 0
L 33.40514274 17.03375054 33.65914274 16.52575054 0 P 0
L 33.40514274 17.03375054 33.91314274 16.77975054 0 P 0
L 33.40514274 17.32574894 33.65914274 17.83374894 0 P 0
L 33.40514274 17.32574894 33.91314274 17.57974894 0 P 0
L 33.40514274 17.68774974 33.65914274 17.17974974 0 P 0
L 33.40514274 17.68774974 33.91314274 17.43374974 0 P 0
L 33.40514274 17.97974814 33.65914274 18.48774814 0 P 0
L 33.40514274 17.97974814 33.91314274 18.23374814 0 P 0
L 33.40514274 18.34174894 33.65914274 17.83374894 0 P 0
L 33.40514274 18.34174894 33.91314274 18.08774894 0 P 0
L 33.40514274 18.99574814 33.65914274 18.48774814 0 P 0
L 33.40514274 18.99574814 33.91314274 18.74174814 0 P 0
L 33.40603936 32.24278794 33.66003936 31.73478794 0 P 0
L 33.40603936 32.24278794 33.66003936 32.75078794 0 P 0
L 33.41762684 56.49695076 33.67162684 55.98895076 0 P 0
L 33.41762684 56.49695076 33.67162684 57.00495076 0 P 0
L 33.42791384 58.80466014 33.68191384 59.31266014 0 P 0
L 33.42791384 58.80466014 33.93591384 59.05866014 0 P 0
L 33.42791384 59.82066014 33.68191384 59.31266014 0 P 0
L 33.42791384 59.82066014 33.93591384 59.56666014 0 P 0
L 33.44888916 36.06281586 33.70288916 36.57081586 0 P 0
L 33.44888916 36.06281586 33.95688916 36.31681586 0 P 0
L 33.44888916 37.07881586 33.70288916 36.57081586 0 P 0
L 33.44888916 37.07881586 33.95688916 36.82481586 0 P 0
L 33.4532097 18.6319795 33.7072097 19.1399795 0 P 0
L 33.4532097 18.6319795 33.9612097 18.8859795 0 P 0
L 33.4532097 19.6479795 33.7072097 19.1399795 0 P 0
L 33.4532097 19.6479795 33.9612097 19.3939795 0 P 0
L 33.46484798 62.8430798 33.71884798 63.3510798 0 P 0
L 33.46484798 62.8430798 33.97284798 63.0970798 0 P 0
L 33.46484798 63.8590798 33.71884798 63.3510798 0 P 0
L 33.46484798 63.8590798 33.97284798 63.6050798 0 P 0
L 33.47992542 8.89366268 33.73392542 9.40166268 0 P 0
L 33.47992542 8.89366268 33.98792542 9.14766268 0 P 0
L 33.47992542 9.90966268 33.73392542 9.40166268 0 P 0
L 33.47992542 9.90966268 33.98792542 9.65566268 0 P 0
L 33.4855312 61.75925164 33.7395312 62.26725164 0 P 0
L 33.4855312 61.75925164 33.9935312 62.01325164 0 P 0
L 33.4855312 62.77525164 33.7395312 62.26725164 0 P 0
L 33.4855312 62.77525164 33.9935312 62.52125164 0 P 0
L 33.51636172 10.51647884 34.02436172 10.26247884 0 P 0
L 33.51636172 11.02447884 34.02436172 11.27847884 0 P 0
L 33.52362612 60.51025998 34.03162612 60.25625998 0 P 0
L 33.52362612 61.01825998 34.03162612 61.27225998 0 P 0
L 33.53591464 59.31266014 33.78991464 58.80466014 0 P 0
L 33.53591464 59.31266014 33.78991464 59.82066014 0 P 0
L 33.57213758 37.56577958 33.82613758 37.05777958 0 P 0
L 33.57213758 37.56577958 33.82613758 38.07377958 0 P 0
L 33.57284878 63.3510798 33.82684878 62.8430798 0 P 0
L 33.57284878 63.3510798 33.82684878 63.8590798 0 P 0
L 33.593532 62.26725164 33.847532 61.75925164 0 P 0
L 33.593532 62.26725164 33.847532 62.77525164 0 P 0
L 33.59947052 9.27932866 33.85347052 8.77132866 0 P 0
L 33.59947052 9.27932866 33.85347052 9.78732866 0 P 0
L 33.61619134 32.44952362 34.12419134 32.19552362 0 P 0
L 33.61619134 32.95752362 34.12419134 33.21152362 0 P 0
L 33.66962532 60.25625998 33.92362532 60.76425998 0 P 0
L 33.66962532 60.25625998 34.17762532 60.51025998 0 P 0
L 33.66962532 61.27225998 33.92362532 60.76425998 0 P 0
L 33.66962532 61.27225998 34.17762532 61.01825998 0 P 0
L 33.68859912 19.24214846 33.94259912 19.75014846 0 P 0
L 33.68859912 19.24214846 34.19659912 19.49614846 0 P 0
L 33.68859912 20.25814846 33.94259912 19.75014846 0 P 0
L 33.68859912 20.25814846 34.19659912 20.00414846 0 P 0
L 33.74689466 57.32677892 34.25489466 57.07277892 0 P 0
L 33.74689466 57.83477892 34.25489466 58.08877892 0 P 0
L 33.77036172 10.77047884 34.02436172 10.26247884 0 P 0
L 33.77036172 10.77047884 34.02436172 11.27847884 0 P 0
L 33.77762612 60.76425998 34.03162612 60.25625998 0 P 0
L 33.77762612 60.76425998 34.03162612 61.27225998 0 P 0
L 33.81762604 56.24295076 34.32562604 55.98895076 0 P 0
L 33.81762604 56.75095076 34.32562604 57.00495076 0 P 0
L 33.86089748 37.67664804 34.36889748 37.42264804 0 P 0
L 33.86089748 38.18464804 34.36889748 38.43864804 0 P 0
L 33.87019134 32.70352362 34.12419134 32.19552362 0 P 0
L 33.87019134 32.70352362 34.12419134 33.21152362 0 P 0
L 33.87695282 33.04929128 34.38495282 32.79529128 0 P 0
L 33.87695282 33.55729128 34.38495282 33.81129128 0 P 0
L 33.90863424 11.03977218 34.41663424 10.78577218 0 P 0
L 33.90863424 11.54777218 34.41663424 11.80177218 0 P 0
L 33.91291668 33.70229988 34.42091668 33.44829988 0 P 0
L 33.91291668 34.21029988 34.42091668 34.46429988 0 P 0
L 33.91291668 34.35629908 34.42091668 34.10229908 0 P 0
L 33.91291668 34.86429908 34.42091668 35.11829908 0 P 0
L 33.91291668 35.01029828 34.42091668 34.75629828 0 P 0
L 33.91291668 35.51829828 34.42091668 35.77229828 0 P 0
L 33.91291668 35.66429748 34.42091668 35.41029748 0 P 0
L 33.91291668 36.17229748 34.42091668 36.42629748 0 P 0
L 33.91314274 11.69375614 34.42114274 11.43975614 0 P 0
L 33.91314274 12.20175614 34.42114274 12.45575614 0 P 0
L 33.91314274 12.34775534 34.42114274 12.09375534 0 P 0
L 33.91314274 12.85575534 34.42114274 13.10975534 0 P 0
L 33.91314274 13.00175454 34.42114274 12.74775454 0 P 0
L 33.91314274 13.50975454 34.42114274 13.76375454 0 P 0
L 33.91314274 13.65575374 34.42114274 13.40175374 0 P 0
L 33.91314274 14.16375374 34.42114274 14.41775374 0 P 0
L 33.91314274 14.30975294 34.42114274 14.05575294 0 P 0
L 33.91314274 14.81775294 34.42114274 15.07175294 0 P 0
L 33.91314274 14.96375214 34.42114274 14.70975214 0 P 0
L 33.91314274 15.47175214 34.42114274 15.72575214 0 P 0
L 33.91314274 15.61775134 34.42114274 15.36375134 0 P 0
L 33.91314274 16.12575134 34.42114274 16.37975134 0 P 0
L 33.91314274 16.27175054 34.42114274 16.01775054 0 P 0
L 33.91314274 16.77975054 34.42114274 17.03375054 0 P 0
L 33.91314274 16.92574974 34.42114274 16.67174974 0 P 0
L 33.91314274 17.43374974 34.42114274 17.68774974 0 P 0
L 33.91314274 17.57974894 34.42114274 17.32574894 0 P 0
L 33.91314274 18.08774894 34.42114274 18.34174894 0 P 0
L 33.91314274 18.23374814 34.42114274 17.97974814 0 P 0
L 33.91314274 18.74174814 34.42114274 18.99574814 0 P 0
L 33.93591384 59.05866014 34.44391384 58.80466014 0 P 0
L 33.93591384 59.56666014 34.44391384 59.82066014 0 P 0
L 33.95688916 36.31681586 34.46488916 36.06281586 0 P 0
L 33.95688916 36.82481586 34.46488916 37.07881586 0 P 0
L 33.9612097 18.8859795 34.4692097 18.6319795 0 P 0
L 33.9612097 19.3939795 34.4692097 19.6479795 0 P 0
L 33.9620479 36.46825828 34.2160479 36.97625828 0 P 0
L 33.9620479 36.46825828 34.4700479 36.72225828 0 P 0
L 33.9620479 37.48425828 34.2160479 36.97625828 0 P 0
L 33.9620479 37.48425828 34.4700479 37.23025828 0 P 0
L 33.97284798 63.0970798 34.48084798 62.8430798 0 P 0
L 33.97284798 63.6050798 34.48084798 63.8590798 0 P 0
L 33.98792542 9.14766268 34.49592542 8.89366268 0 P 0
L 33.98792542 9.65566268 34.49592542 9.90966268 0 P 0
L 33.99020126 37.5694702 34.24420126 38.0774702 0 P 0
L 33.99020126 37.5694702 34.49820126 37.8234702 0 P 0
L 33.99020126 38.5854702 34.24420126 38.0774702 0 P 0
L 33.99020126 38.5854702 34.49820126 38.3314702 0 P 0
L 33.9935312 62.01325164 34.5015312 61.75925164 0 P 0
L 33.9935312 62.52125164 34.5015312 62.77525164 0 P 0
L 34.00089466 57.58077892 34.25489466 57.07277892 0 P 0
L 34.00089466 57.58077892 34.25489466 58.08877892 0 P 0
L 34.05257096 9.20956248 34.30657096 9.71756248 0 P 0
L 34.05257096 9.20956248 34.56057096 9.46356248 0 P 0
L 34.05257096 10.22556248 34.30657096 9.71756248 0 P 0
L 34.05257096 10.22556248 34.56057096 9.97156248 0 P 0
L 34.07162604 56.49695076 34.32562604 55.98895076 0 P 0
L 34.07162604 56.49695076 34.32562604 57.00495076 0 P 0
L 34.1002112 19.75037198 34.3542112 20.25837198 0 P 0
L 34.1002112 19.75037198 34.6082112 20.00437198 0 P 0
L 34.1002112 20.76637198 34.3542112 20.25837198 0 P 0
L 34.1002112 20.76637198 34.6082112 20.51237198 0 P 0
L 34.11489748 37.93064804 34.36889748 37.42264804 0 P 0
L 34.11489748 37.93064804 34.36889748 38.43864804 0 P 0
L 34.13095282 33.30329128 34.38495282 32.79529128 0 P 0
L 34.13095282 33.30329128 34.38495282 33.81129128 0 P 0
L 34.16263424 11.29377218 34.41663424 10.78577218 0 P 0
L 34.16263424 11.29377218 34.41663424 11.80177218 0 P 0
L 34.16691668 33.95629988 34.42091668 33.44829988 0 P 0
L 34.16691668 33.95629988 34.42091668 34.46429988 0 P 0
L 34.16691668 34.61029908 34.42091668 34.10229908 0 P 0
L 34.16691668 34.61029908 34.42091668 35.11829908 0 P 0
L 34.16691668 35.26429828 34.42091668 34.75629828 0 P 0
L 34.16691668 35.26429828 34.42091668 35.77229828 0 P 0
L 34.16691668 35.91829748 34.42091668 35.41029748 0 P 0
L 34.16691668 35.91829748 34.42091668 36.42629748 0 P 0
L 34.16714274 11.94775614 34.42114274 11.43975614 0 P 0
L 34.16714274 11.94775614 34.42114274 12.45575614 0 P 0
L 34.16714274 12.60175534 34.42114274 12.09375534 0 P 0
L 34.16714274 12.60175534 34.42114274 13.10975534 0 P 0
L 34.16714274 13.25575454 34.42114274 12.74775454 0 P 0
L 34.16714274 13.25575454 34.42114274 13.76375454 0 P 0
L 34.16714274 13.90975374 34.42114274 13.40175374 0 P 0
L 34.16714274 13.90975374 34.42114274 14.41775374 0 P 0
L 34.16714274 14.56375294 34.42114274 14.05575294 0 P 0
L 34.16714274 14.56375294 34.42114274 15.07175294 0 P 0
L 34.16714274 15.21775214 34.42114274 14.70975214 0 P 0
L 34.16714274 15.21775214 34.42114274 15.72575214 0 P 0
L 34.16714274 15.87175134 34.42114274 15.36375134 0 P 0
L 34.16714274 15.87175134 34.42114274 16.37975134 0 P 0
L 34.16714274 16.52575054 34.42114274 16.01775054 0 P 0
L 34.16714274 16.52575054 34.42114274 17.03375054 0 P 0
L 34.16714274 17.17974974 34.42114274 16.67174974 0 P 0
L 34.16714274 17.17974974 34.42114274 17.68774974 0 P 0
L 34.16714274 17.83374894 34.42114274 17.32574894 0 P 0
L 34.16714274 17.83374894 34.42114274 18.34174894 0 P 0
L 34.16714274 18.48774814 34.42114274 17.97974814 0 P 0
L 34.16714274 18.48774814 34.42114274 18.99574814 0 P 0
L 34.17762532 60.51025998 34.68562532 60.25625998 0 P 0
L 34.17762532 61.01825998 34.68562532 61.27225998 0 P 0
L 34.18991384 59.31266014 34.44391384 58.80466014 0 P 0
L 34.18991384 59.31266014 34.44391384 59.82066014 0 P 0
L 34.19659912 19.49614846 34.70459912 19.24214846 0 P 0
L 34.19659912 20.00414846 34.70459912 20.25814846 0 P 0
L 34.21088916 36.57081586 34.46488916 36.06281586 0 P 0
L 34.21088916 36.57081586 34.46488916 37.07881586 0 P 0
L 34.2152097 19.1399795 34.4692097 18.6319795 0 P 0
L 34.2152097 19.1399795 34.4692097 19.6479795 0 P 0
L 34.22684798 63.3510798 34.48084798 62.8430798 0 P 0
L 34.22684798 63.3510798 34.48084798 63.8590798 0 P 0
L 34.24192542 9.40166268 34.49592542 8.89366268 0 P 0
L 34.24192542 9.40166268 34.49592542 9.90966268 0 P 0
L 34.2475312 62.26725164 34.5015312 61.75925164 0 P 0
L 34.2475312 62.26725164 34.5015312 62.77525164 0 P 0
L 34.31617724 53.9558992 34.57017724 54.4638992 0 P 0
L 34.31617724 53.9558992 34.82417724 54.2098992 0 P 0
L 34.31617724 54.9718992 34.57017724 54.4638992 0 P 0
L 34.31617724 54.9718992 34.82417724 54.7178992 0 P 0
L 34.43162532 60.76425998 34.68562532 60.25625998 0 P 0
L 34.43162532 60.76425998 34.68562532 61.27225998 0 P 0
L 34.45059912 19.75014846 34.70459912 19.24214846 0 P 0
L 34.45059912 19.75014846 34.70459912 20.25814846 0 P 0
L 34.4700479 36.72225828 34.9780479 36.46825828 0 P 0
L 34.4700479 37.23025828 34.9780479 37.48425828 0 P 0
L 34.49820126 37.8234702 35.00620126 37.5694702 0 P 0
L 34.49820126 38.3314702 35.00620126 38.5854702 0 P 0
L 34.50028152 9.68629 34.75428152 10.19429 0 P 0
L 34.50028152 9.68629 35.00828152 9.94029 0 P 0
L 34.50028152 10.70229 34.75428152 10.19429 0 P 0
L 34.50028152 10.70229 35.00828152 10.44829 0 P 0
L 34.56057096 9.46356248 35.06857096 9.20956248 0 P 0
L 34.56057096 9.97156248 35.06857096 10.22556248 0 P 0
L 34.6082112 20.00437198 35.1162112 19.75037198 0 P 0
L 34.6082112 20.51237198 35.1162112 20.76637198 0 P 0
L 34.61591502 36.48132658 34.86991502 36.98932658 0 P 0
L 34.61591502 36.48132658 35.12391502 36.73532658 0 P 0
L 34.61591502 37.49732658 34.86991502 36.98932658 0 P 0
L 34.61591502 37.49732658 35.12391502 37.24332658 0 P 0
L 34.64418776 37.56515474 34.89818776 38.07315474 0 P 0
L 34.64418776 37.56515474 35.15218776 37.81915474 0 P 0
L 34.64418776 38.58115474 34.89818776 38.07315474 0 P 0
L 34.64418776 38.58115474 35.15218776 38.32715474 0 P 0
L 34.6481654 20.10738676 34.9021654 20.61538676 0 P 0
L 34.6481654 20.10738676 35.1561654 20.36138676 0 P 0
L 34.6481654 21.12338676 34.9021654 20.61538676 0 P 0
L 34.6481654 21.12338676 35.1561654 20.86938676 0 P 0
L 34.71617644 55.98895076 34.97017644 56.49695076 0 P 0
L 34.71617644 55.98895076 35.22417644 56.24295076 0 P 0
L 34.71617644 57.00495076 34.97017644 56.49695076 0 P 0
L 34.71617644 57.00495076 35.22417644 56.75095076 0 P 0
L 34.71617644 57.07277892 34.97017644 57.58077892 0 P 0
L 34.71617644 57.07277892 35.22417644 57.32677892 0 P 0
L 34.71617644 58.08877892 34.97017644 57.58077892 0 P 0
L 34.71617644 58.08877892 35.22417644 57.83477892 0 P 0
L 34.7240479 36.97625828 34.9780479 36.46825828 0 P 0
L 34.7240479 36.97625828 34.9780479 37.48425828 0 P 0
L 34.73591224 58.80466014 34.98991224 59.31266014 0 P 0
L 34.73591224 58.80466014 35.24391224 59.05866014 0 P 0
L 34.73591224 59.82066014 34.98991224 59.31266014 0 P 0
L 34.73591224 59.82066014 35.24391224 59.56666014 0 P 0
L 34.75220126 38.0774702 35.00620126 37.5694702 0 P 0
L 34.75220126 38.0774702 35.00620126 38.5854702 0 P 0
L 34.77173894 10.28129008 35.02573894 10.78929008 0 P 0
L 34.77173894 10.28129008 35.27973894 10.53529008 0 P 0
L 34.77173894 11.29729008 35.02573894 10.78929008 0 P 0
L 34.77173894 11.29729008 35.27973894 11.04329008 0 P 0
L 34.77284638 62.8430798 35.02684638 63.3510798 0 P 0
L 34.77284638 62.8430798 35.28084638 63.0970798 0 P 0
L 34.77284638 63.8590798 35.02684638 63.3510798 0 P 0
L 34.77284638 63.8590798 35.28084638 63.6050798 0 P 0
L 34.7935296 61.75925164 35.0475296 62.26725164 0 P 0
L 34.7935296 61.75925164 35.3015296 62.01325164 0 P 0
L 34.7935296 62.77525164 35.0475296 62.26725164 0 P 0
L 34.7935296 62.77525164 35.3015296 62.52125164 0 P 0
L 34.81457096 9.71756248 35.06857096 9.20956248 0 P 0
L 34.81457096 9.71756248 35.06857096 10.22556248 0 P 0
L 34.81916582 60.2987618 35.07316582 60.8067618 0 P 0
L 34.81916582 60.2987618 35.32716582 60.5527618 0 P 0
L 34.81916582 61.3147618 35.07316582 60.8067618 0 P 0
L 34.81916582 61.3147618 35.32716582 61.0607618 0 P 0
L 34.82417724 54.2098992 35.33217724 53.9558992 0 P 0
L 34.82417724 54.7178992 35.33217724 54.9718992 0 P 0
L 34.85674258 10.92974192 35.11074258 11.43774192 0 P 0
L 34.85674258 10.92974192 35.36474258 11.18374192 0 P 0
L 34.85674258 11.58374112 35.11074258 12.09174112 0 P 0
L 34.85674258 11.58374112 35.36474258 11.83774112 0 P 0
L 34.85674258 11.94574192 35.11074258 11.43774192 0 P 0
L 34.85674258 11.94574192 35.36474258 11.69174192 0 P 0
L 34.85674258 12.23774032 35.11074258 12.74574032 0 P 0
L 34.85674258 12.23774032 35.36474258 12.49174032 0 P 0
L 34.85674258 12.59974112 35.11074258 12.09174112 0 P 0
L 34.85674258 12.59974112 35.36474258 12.34574112 0 P 0
L 34.85674258 12.89173952 35.11074258 13.39973952 0 P 0
L 34.85674258 12.89173952 35.36474258 13.14573952 0 P 0
L 34.85674258 13.25374032 35.11074258 12.74574032 0 P 0
L 34.85674258 13.25374032 35.36474258 12.99974032 0 P 0
L 34.85674258 13.54573872 35.11074258 14.05373872 0 P 0
L 34.85674258 13.54573872 35.36474258 13.79973872 0 P 0
L 34.85674258 13.90773952 35.11074258 13.39973952 0 P 0
L 34.85674258 13.90773952 35.36474258 13.65373952 0 P 0
L 34.85674258 14.19973792 35.11074258 14.70773792 0 P 0
L 34.85674258 14.19973792 35.36474258 14.45373792 0 P 0
L 34.85674258 14.56173872 35.11074258 14.05373872 0 P 0
L 34.85674258 14.56173872 35.36474258 14.30773872 0 P 0
L 34.85674258 14.85373712 35.11074258 15.36173712 0 P 0
L 34.85674258 14.85373712 35.36474258 15.10773712 0 P 0
L 34.85674258 15.21573792 35.11074258 14.70773792 0 P 0
L 34.85674258 15.21573792 35.36474258 14.96173792 0 P 0
L 34.85674258 15.50773632 35.11074258 16.01573632 0 P 0
L 34.85674258 15.50773632 35.36474258 15.76173632 0 P 0
L 34.85674258 15.86973712 35.11074258 15.36173712 0 P 0
L 34.85674258 15.86973712 35.36474258 15.61573712 0 P 0
L 34.85674258 16.16173552 35.11074258 16.66973552 0 P 0
L 34.85674258 16.16173552 35.36474258 16.41573552 0 P 0
L 34.85674258 16.52373632 35.11074258 16.01573632 0 P 0
L 34.85674258 16.52373632 35.36474258 16.26973632 0 P 0
L 34.85674258 16.81573472 35.11074258 17.32373472 0 P 0
L 34.85674258 16.81573472 35.36474258 17.06973472 0 P 0
L 34.85674258 17.17773552 35.11074258 16.66973552 0 P 0
L 34.85674258 17.17773552 35.36474258 16.92373552 0 P 0
L 34.85674258 17.46973392 35.11074258 17.97773392 0 P 0
L 34.85674258 17.46973392 35.36474258 17.72373392 0 P 0
L 34.85674258 17.83173472 35.11074258 17.32373472 0 P 0
L 34.85674258 17.83173472 35.36474258 17.57773472 0 P 0
L 34.85674258 18.12373312 35.11074258 18.63173312 0 P 0
L 34.85674258 18.12373312 35.36474258 18.37773312 0 P 0
L 34.85674258 18.48573392 35.11074258 17.97773392 0 P 0
L 34.85674258 18.48573392 35.36474258 18.23173392 0 P 0
L 34.85674258 19.13973312 35.11074258 18.63173312 0 P 0
L 34.85674258 19.13973312 35.36474258 18.88573312 0 P 0
L 34.8622112 20.25837198 35.1162112 19.75037198 0 P 0
L 34.8622112 20.25837198 35.1162112 20.76637198 0 P 0
L 35.00828152 9.94029 35.51628152 9.68629 0 P 0
L 35.00828152 10.44829 35.51628152 10.70229 0 P 0
L 35.07817724 54.4638992 35.33217724 53.9558992 0 P 0
L 35.07817724 54.4638992 35.33217724 54.9718992 0 P 0
L 35.12391502 36.73532658 35.63191502 36.48132658 0 P 0
L 35.12391502 37.24332658 35.63191502 37.49732658 0 P 0
L 35.12525106 18.72006924 35.37925106 19.22806924 0 P 0
L 35.12525106 18.72006924 35.63325106 18.97406924 0 P 0
L 35.12525106 19.73606924 35.37925106 19.22806924 0 P 0
L 35.12525106 19.73606924 35.63325106 19.48206924 0 P 0
L 35.15218776 37.81915474 35.66018776 37.56515474 0 P 0
L 35.15218776 38.32715474 35.66018776 38.58115474 0 P 0
L 35.1561654 20.36138676 35.6641654 20.10738676 0 P 0
L 35.1561654 20.86938676 35.6641654 21.12338676 0 P 0
L 35.22417644 56.24295076 35.73217644 55.98895076 0 P 0
L 35.22417644 56.75095076 35.73217644 57.00495076 0 P 0
L 35.22417644 57.32677892 35.73217644 57.07277892 0 P 0
L 35.22417644 57.83477892 35.73217644 58.08877892 0 P 0
L 35.24391224 59.05866014 35.75191224 58.80466014 0 P 0
L 35.24391224 59.56666014 35.75191224 59.82066014 0 P 0
L 35.26228152 10.19429 35.51628152 9.68629 0 P 0
L 35.26228152 10.19429 35.51628152 10.70229 0 P 0
L 35.26991422 36.48132658 35.52391422 36.98932658 0 P 0
L 35.26991422 36.48132658 35.77791422 36.73532658 0 P 0
L 35.26991422 37.49732658 35.52391422 36.98932658 0 P 0
L 35.26991422 37.49732658 35.77791422 37.24332658 0 P 0
L 35.27199956 89.0080008 35.77999956 87.9920008 0 P 0
L 35.27199956 89.0080008 36.28799956 89.0080008 0 P 0
L 35.27199956 91.5480008 35.77999956 90.5320008 0 P 0
L 35.27199956 91.5480008 36.28799956 91.5480008 0 P 0
L 35.27973894 10.53529008 35.78773894 10.28129008 0 P 0
L 35.27973894 11.04329008 35.78773894 11.29729008 0 P 0
L 35.28084638 63.0970798 35.78884638 62.8430798 0 P 0
L 35.28084638 63.6050798 35.78884638 63.8590798 0 P 0
L 35.28308158 20.2642216 35.53708158 20.7722216 0 P 0
L 35.28308158 20.2642216 35.79108158 20.5182216 0 P 0
L 35.28308158 21.2802216 35.53708158 20.7722216 0 P 0
L 35.28308158 21.2802216 35.79108158 21.0262216 0 P 0
L 35.29818696 37.56515474 35.55218696 38.07315474 0 P 0
L 35.29818696 37.56515474 35.80618696 37.81915474 0 P 0
L 35.29818696 38.58115474 35.55218696 38.07315474 0 P 0
L 35.29818696 38.58115474 35.80618696 38.32715474 0 P 0
L 35.3015296 62.01325164 35.8095296 61.75925164 0 P 0
L 35.3015296 62.52125164 35.8095296 62.77525164 0 P 0
L 35.30604318 56.00078716 35.56004318 56.50878716 0 P 0
L 35.30604318 56.00078716 35.81404318 56.25478716 0 P 0
L 35.30604318 57.01678716 35.56004318 56.50878716 0 P 0
L 35.30604318 57.01678716 35.81404318 56.76278716 0 P 0
L 35.32716582 60.5527618 35.83516582 60.2987618 0 P 0
L 35.32716582 61.0607618 35.83516582 61.3147618 0 P 0
L 35.3429443 57.08572276 35.5969443 57.59372276 0 P 0
L 35.3429443 57.08572276 35.8509443 57.33972276 0 P 0
L 35.3429443 58.10172276 35.5969443 57.59372276 0 P 0
L 35.3429443 58.10172276 35.8509443 57.84772276 0 P 0
L 35.36474258 11.18374192 35.87274258 10.92974192 0 P 0
L 35.36474258 11.69174192 35.87274258 11.94574192 0 P 0
L 35.36474258 11.83774112 35.87274258 11.58374112 0 P 0
L 35.36474258 12.34574112 35.87274258 12.59974112 0 P 0
L 35.36474258 12.49174032 35.87274258 12.23774032 0 P 0
L 35.36474258 12.99974032 35.87274258 13.25374032 0 P 0
L 35.36474258 13.14573952 35.87274258 12.89173952 0 P 0
L 35.36474258 13.65373952 35.87274258 13.90773952 0 P 0
L 35.36474258 13.79973872 35.87274258 13.54573872 0 P 0
L 35.36474258 14.30773872 35.87274258 14.56173872 0 P 0
L 35.36474258 14.45373792 35.87274258 14.19973792 0 P 0
L 35.36474258 14.96173792 35.87274258 15.21573792 0 P 0
L 35.36474258 15.10773712 35.87274258 14.85373712 0 P 0
L 35.36474258 15.61573712 35.87274258 15.86973712 0 P 0
L 35.36474258 15.76173632 35.87274258 15.50773632 0 P 0
L 35.36474258 16.26973632 35.87274258 16.52373632 0 P 0
L 35.36474258 16.41573552 35.87274258 16.16173552 0 P 0
L 35.36474258 16.92373552 35.87274258 17.17773552 0 P 0
L 35.36474258 17.06973472 35.87274258 16.81573472 0 P 0
L 35.36474258 17.57773472 35.87274258 17.83173472 0 P 0
L 35.36474258 17.72373392 35.87274258 17.46973392 0 P 0
L 35.36474258 18.23173392 35.87274258 18.48573392 0 P 0
L 35.36474258 18.37773312 35.87274258 18.12373312 0 P 0
L 35.36474258 18.88573312 35.87274258 19.13973312 0 P 0
L 35.37791502 36.98932658 35.63191502 36.48132658 0 P 0
L 35.37791502 36.98932658 35.63191502 37.49732658 0 P 0
L 35.38991144 58.80466014 35.64391144 59.31266014 0 P 0
L 35.38991144 58.80466014 35.89791144 59.05866014 0 P 0
L 35.38991144 59.82066014 35.64391144 59.31266014 0 P 0
L 35.38991144 59.82066014 35.89791144 59.56666014 0 P 0
L 35.40618776 38.07315474 35.66018776 37.56515474 0 P 0
L 35.40618776 38.07315474 35.66018776 38.58115474 0 P 0
L 35.4101654 20.61538676 35.6641654 20.10738676 0 P 0
L 35.4101654 20.61538676 35.6641654 21.12338676 0 P 0
L 35.42684558 62.8430798 35.68084558 63.3510798 0 P 0
L 35.42684558 62.8430798 35.93484558 63.0970798 0 P 0
L 35.42684558 63.8590798 35.68084558 63.3510798 0 P 0
L 35.42684558 63.8590798 35.93484558 63.6050798 0 P 0
L 35.4475288 61.75925164 35.7015288 62.26725164 0 P 0
L 35.4475288 61.75925164 35.9555288 62.01325164 0 P 0
L 35.4475288 62.77525164 35.7015288 62.26725164 0 P 0
L 35.4475288 62.77525164 35.9555288 62.52125164 0 P 0
L 35.4695379 60.26359804 35.7235379 60.77159804 0 P 0
L 35.4695379 60.26359804 35.9775379 60.51759804 0 P 0
L 35.4695379 61.27959804 35.7235379 60.77159804 0 P 0
L 35.4695379 61.27959804 35.9775379 61.02559804 0 P 0
L 35.47817644 56.49695076 35.73217644 55.98895076 0 P 0
L 35.47817644 56.49695076 35.73217644 57.00495076 0 P 0
L 35.47817644 57.58077892 35.73217644 57.07277892 0 P 0
L 35.47817644 57.58077892 35.73217644 58.08877892 0 P 0
L 35.49791224 59.31266014 35.75191224 58.80466014 0 P 0
L 35.49791224 59.31266014 35.75191224 59.82066014 0 P 0
L 35.53373894 10.78929008 35.78773894 10.28129008 0 P 0
L 35.53373894 10.78929008 35.78773894 11.29729008 0 P 0
L 35.53484638 63.3510798 35.78884638 62.8430798 0 P 0
L 35.53484638 63.3510798 35.78884638 63.8590798 0 P 0
L 35.5555296 62.26725164 35.8095296 61.75925164 0 P 0
L 35.5555296 62.26725164 35.8095296 62.77525164 0 P 0
L 35.58116582 60.8067618 35.83516582 60.2987618 0 P 0
L 35.58116582 60.8067618 35.83516582 61.3147618 0 P 0
L 35.61874258 11.43774192 35.87274258 10.92974192 0 P 0
L 35.61874258 11.43774192 35.87274258 11.94574192 0 P 0
L 35.61874258 12.09174112 35.87274258 11.58374112 0 P 0
L 35.61874258 12.09174112 35.87274258 12.59974112 0 P 0
L 35.61874258 12.74574032 35.87274258 12.23774032 0 P 0
L 35.61874258 12.74574032 35.87274258 13.25374032 0 P 0
L 35.61874258 13.39973952 35.87274258 12.89173952 0 P 0
L 35.61874258 13.39973952 35.87274258 13.90773952 0 P 0
L 35.61874258 14.05373872 35.87274258 13.54573872 0 P 0
L 35.61874258 14.05373872 35.87274258 14.56173872 0 P 0
L 35.61874258 14.70773792 35.87274258 14.19973792 0 P 0
L 35.61874258 14.70773792 35.87274258 15.21573792 0 P 0
L 35.61874258 15.36173712 35.87274258 14.85373712 0 P 0
L 35.61874258 15.36173712 35.87274258 15.86973712 0 P 0
L 35.61874258 16.01573632 35.87274258 15.50773632 0 P 0
L 35.61874258 16.01573632 35.87274258 16.52373632 0 P 0
L 35.61874258 16.66973552 35.87274258 16.16173552 0 P 0
L 35.61874258 16.66973552 35.87274258 17.17773552 0 P 0
L 35.61874258 17.32373472 35.87274258 16.81573472 0 P 0
L 35.61874258 17.32373472 35.87274258 17.83173472 0 P 0
L 35.61874258 17.97773392 35.87274258 17.46973392 0 P 0
L 35.61874258 17.97773392 35.87274258 18.48573392 0 P 0
L 35.61874258 18.63173312 35.87274258 18.12373312 0 P 0
L 35.61874258 18.63173312 35.87274258 19.13973312 0 P 0
L 35.63325106 18.97406924 36.14125106 18.72006924 0 P 0
L 35.63325106 19.48206924 36.14125106 19.73606924 0 P 0
L 35.77791422 36.73532658 36.28591422 36.48132658 0 P 0
L 35.77791422 37.24332658 36.28591422 37.49732658 0 P 0
L 35.77846286 18.75215198 36.03246286 19.26015198 0 P 0
L 35.77846286 18.75215198 36.28646286 19.00615198 0 P 0
L 35.77846286 19.76815198 36.03246286 19.26015198 0 P 0
L 35.77846286 19.76815198 36.28646286 19.51415198 0 P 0
L 35.77999956 87.9920008 36.28799956 89.0080008 0 P 0
L 35.77999956 90.5320008 36.28799956 91.5480008 0 P 0
L 35.79108158 20.5182216 36.29908158 20.2642216 0 P 0
L 35.79108158 21.0262216 36.29908158 21.2802216 0 P 0
L 35.80618696 37.81915474 36.31418696 37.56515474 0 P 0
L 35.80618696 38.32715474 36.31418696 38.58115474 0 P 0
L 35.81404318 56.25478716 36.32204318 56.00078716 0 P 0
L 35.81404318 56.76278716 36.32204318 57.01678716 0 P 0
L 35.8509443 57.33972276 36.3589443 57.08572276 0 P 0
L 35.8509443 57.84772276 36.3589443 58.10172276 0 P 0
L 35.85107638 57.15346964 36.10507638 57.66146964 0 P 0
L 35.85107638 57.15346964 36.35907638 57.40746964 0 P 0
L 35.85107638 58.16946964 36.10507638 57.66146964 0 P 0
L 35.85107638 58.16946964 36.35907638 57.91546964 0 P 0
L 35.88725106 19.22806924 36.14125106 18.72006924 0 P 0
L 35.88725106 19.22806924 36.14125106 19.73606924 0 P 0
L 35.89791144 59.05866014 36.40591144 58.80466014 0 P 0
L 35.89791144 59.56666014 36.40591144 59.82066014 0 P 0
L 35.9228009 56.056022 36.1768009 56.564022 0 P 0
L 35.9228009 56.056022 36.4308009 56.310022 0 P 0
L 35.9228009 57.072022 36.1768009 56.564022 0 P 0
L 35.9228009 57.072022 36.4308009 56.818022 0 P 0
L 35.92391342 36.48132658 36.17791342 36.98932658 0 P 0
L 35.92391342 36.48132658 36.43191342 36.73532658 0 P 0
L 35.92391342 37.49732658 36.17791342 36.98932658 0 P 0
L 35.92391342 37.49732658 36.43191342 37.24332658 0 P 0
L 35.93484558 63.0970798 36.44284558 62.8430798 0 P 0
L 35.93484558 63.6050798 36.44284558 63.8590798 0 P 0
L 35.93593778 20.22557296 36.18993778 20.73357296 0 P 0
L 35.93593778 20.22557296 36.44393778 20.47957296 0 P 0
L 35.93593778 21.24157296 36.18993778 20.73357296 0 P 0
L 35.93593778 21.24157296 36.44393778 20.98757296 0 P 0
L 35.95218616 37.56515474 36.20618616 38.07315474 0 P 0
L 35.95218616 37.56515474 36.46018616 37.81915474 0 P 0
L 35.95218616 38.58115474 36.20618616 38.07315474 0 P 0
L 35.95218616 38.58115474 36.46018616 38.32715474 0 P 0
L 35.9555288 62.01325164 36.4635288 61.75925164 0 P 0
L 35.9555288 62.52125164 36.4635288 62.77525164 0 P 0
L 35.9775379 60.51759804 36.4855379 60.26359804 0 P 0
L 35.9775379 61.02559804 36.4855379 61.27959804 0 P 0
L 36.03191422 36.98932658 36.28591422 36.48132658 0 P 0
L 36.03191422 36.98932658 36.28591422 37.49732658 0 P 0
L 36.04391064 58.80466014 36.29791064 59.31266014 0 P 0
L 36.04391064 58.80466014 36.55191064 59.05866014 0 P 0
L 36.04391064 59.82066014 36.29791064 59.31266014 0 P 0
L 36.04391064 59.82066014 36.55191064 59.56666014 0 P 0
L 36.04508158 20.7722216 36.29908158 20.2642216 0 P 0
L 36.04508158 20.7722216 36.29908158 21.2802216 0 P 0
L 36.06018696 38.07315474 36.31418696 37.56515474 0 P 0
L 36.06018696 38.07315474 36.31418696 38.58115474 0 P 0
L 36.06804318 56.50878716 36.32204318 56.00078716 0 P 0
L 36.06804318 56.50878716 36.32204318 57.01678716 0 P 0
L 36.08061872 62.82586876 36.33461872 63.33386876 0 P 0
L 36.08061872 62.82586876 36.58861872 63.07986876 0 P 0
L 36.08061872 63.84186876 36.33461872 63.33386876 0 P 0
L 36.08061872 63.84186876 36.58861872 63.58786876 0 P 0
L 36.09113686 16.215741 36.34513686 16.723741 0 P 0
L 36.09113686 16.215741 36.59913686 16.469741 0 P 0
L 36.09113686 16.8697402 36.34513686 17.3777402 0 P 0
L 36.09113686 16.8697402 36.59913686 17.1237402 0 P 0
L 36.09113686 17.231741 36.34513686 16.723741 0 P 0
L 36.09113686 17.231741 36.59913686 16.977741 0 P 0
L 36.09113686 17.5237394 36.34513686 18.0317394 0 P 0
L 36.09113686 17.5237394 36.59913686 17.7777394 0 P 0
L 36.09113686 17.8857402 36.34513686 17.3777402 0 P 0
L 36.09113686 17.8857402 36.59913686 17.6317402 0 P 0
L 36.09113686 18.1777386 36.34513686 18.6857386 0 P 0
L 36.09113686 18.1777386 36.59913686 18.4317386 0 P 0
L 36.09113686 18.5397394 36.34513686 18.0317394 0 P 0
L 36.09113686 18.5397394 36.59913686 18.2857394 0 P 0
L 36.09113686 19.1937386 36.34513686 18.6857386 0 P 0
L 36.09113686 19.1937386 36.59913686 18.9397386 0 P 0
L 36.10095396 61.73183742 36.35495396 62.23983742 0 P 0
L 36.10095396 61.73183742 36.60895396 61.98583742 0 P 0
L 36.10095396 62.74783742 36.35495396 62.23983742 0 P 0
L 36.10095396 62.74783742 36.60895396 62.49383742 0 P 0
L 36.1049443 57.59372276 36.3589443 57.08572276 0 P 0
L 36.1049443 57.59372276 36.3589443 58.10172276 0 P 0
L 36.1207177 15.56241236 36.3747177 16.07041236 0 P 0
L 36.1207177 15.56241236 36.6287177 15.81641236 0 P 0
L 36.1207177 16.57841236 36.3747177 16.07041236 0 P 0
L 36.1207177 16.57841236 36.6287177 16.32441236 0 P 0
L 36.13748678 60.22844444 36.39148678 60.73644444 0 P 0
L 36.13748678 60.22844444 36.64548678 60.48244444 0 P 0
L 36.13748678 61.24444444 36.39148678 60.73644444 0 P 0
L 36.13748678 61.24444444 36.64548678 60.99044444 0 P 0
L 36.15191144 59.31266014 36.40591144 58.80466014 0 P 0
L 36.15191144 59.31266014 36.40591144 59.82066014 0 P 0
L 36.18884558 63.3510798 36.44284558 62.8430798 0 P 0
L 36.18884558 63.3510798 36.44284558 63.8590798 0 P 0
L 36.2095288 62.26725164 36.4635288 61.75925164 0 P 0
L 36.2095288 62.26725164 36.4635288 62.77525164 0 P 0
L 36.2315379 60.77159804 36.4855379 60.26359804 0 P 0
L 36.2315379 60.77159804 36.4855379 61.27959804 0 P 0
L 36.28646286 19.00615198 36.79446286 18.75215198 0 P 0
L 36.28646286 19.51415198 36.79446286 19.76815198 0 P 0
L 36.32088494 14.9397974 36.57488494 15.4477974 0 P 0
L 36.32088494 14.9397974 36.82888494 15.1937974 0 P 0
L 36.32088494 15.9557974 36.57488494 15.4477974 0 P 0
L 36.32088494 15.9557974 36.82888494 15.7017974 0 P 0
L 36.35907638 57.40746964 36.86707638 57.15346964 0 P 0
L 36.35907638 57.91546964 36.86707638 58.16946964 0 P 0
L 36.3813471 56.18715966 36.6353471 56.69515966 0 P 0
L 36.3813471 56.18715966 36.8893471 56.44115966 0 P 0
L 36.3813471 57.20315966 36.6353471 56.69515966 0 P 0
L 36.3813471 57.20315966 36.8893471 56.94915966 0 P 0
L 36.3813471 57.31110458 36.6353471 57.81910458 0 P 0
L 36.3813471 57.31110458 36.8893471 57.56510458 0 P 0
L 36.3813471 58.32710458 36.6353471 57.81910458 0 P 0
L 36.3813471 58.32710458 36.8893471 58.07310458 0 P 0
L 36.4308009 56.310022 36.9388009 56.056022 0 P 0
L 36.4308009 56.818022 36.9388009 57.072022 0 P 0
L 36.43191342 36.73532658 36.93991342 36.48132658 0 P 0
L 36.43191342 37.24332658 36.93991342 37.49732658 0 P 0
L 36.44393778 20.47957296 36.95193778 20.22557296 0 P 0
L 36.44393778 20.98757296 36.95193778 21.24157296 0 P 0
L 36.46018616 37.81915474 36.96818616 37.56515474 0 P 0
L 36.46018616 38.32715474 36.96818616 38.58115474 0 P 0
L 36.54046286 19.26015198 36.79446286 18.75215198 0 P 0
L 36.54046286 19.26015198 36.79446286 19.76815198 0 P 0
L 36.54135694 19.97822522 36.79535694 20.48622522 0 P 0
L 36.54135694 19.97822522 37.04935694 20.23222522 0 P 0
L 36.54135694 20.99422522 36.79535694 20.48622522 0 P 0
L 36.54135694 20.99422522 37.04935694 20.74022522 0 P 0
L 36.55191064 59.05866014 37.05991064 58.80466014 0 P 0
L 36.55191064 59.56666014 37.05991064 59.82066014 0 P 0
L 36.57791262 36.48132658 36.83191262 36.98932658 0 P 0
L 36.57791262 36.48132658 37.08591262 36.73532658 0 P 0
L 36.57791262 37.49732658 36.83191262 36.98932658 0 P 0
L 36.57791262 37.49732658 37.08591262 37.24332658 0 P 0
L 36.58861872 63.07986876 37.09661872 62.82586876 0 P 0
L 36.58861872 63.58786876 37.09661872 63.84186876 0 P 0
L 36.59913686 16.469741 37.10713686 16.215741 0 P 0
L 36.59913686 16.977741 37.10713686 17.231741 0 P 0
L 36.59913686 17.1237402 37.10713686 16.8697402 0 P 0
L 36.59913686 17.6317402 37.10713686 17.8857402 0 P 0
L 36.59913686 17.7777394 37.10713686 17.5237394 0 P 0
L 36.59913686 18.2857394 37.10713686 18.5397394 0 P 0
L 36.59913686 18.4317386 37.10713686 18.1777386 0 P 0
L 36.59913686 18.9397386 37.10713686 19.1937386 0 P 0
L 36.60618536 37.56515474 36.86018536 38.07315474 0 P 0
L 36.60618536 37.56515474 37.11418536 37.81915474 0 P 0
L 36.60618536 38.58115474 36.86018536 38.07315474 0 P 0
L 36.60618536 38.58115474 37.11418536 38.32715474 0 P 0
L 36.60895396 61.98583742 37.11695396 61.73183742 0 P 0
L 36.60895396 62.49383742 37.11695396 62.74783742 0 P 0
L 36.61307638 57.66146964 36.86707638 57.15346964 0 P 0
L 36.61307638 57.66146964 36.86707638 58.16946964 0 P 0
L 36.6287177 15.81641236 37.1367177 15.56241236 0 P 0
L 36.6287177 16.32441236 37.1367177 16.57841236 0 P 0
L 36.64548678 60.48244444 37.15348678 60.22844444 0 P 0
L 36.64548678 60.99044444 37.15348678 61.24444444 0 P 0
L 36.6848009 56.564022 36.9388009 56.056022 0 P 0
L 36.6848009 56.564022 36.9388009 57.072022 0 P 0
L 36.68591342 36.98932658 36.93991342 36.48132658 0 P 0
L 36.68591342 36.98932658 36.93991342 37.49732658 0 P 0
L 36.69793778 20.73357296 36.95193778 20.22557296 0 P 0
L 36.69793778 20.73357296 36.95193778 21.24157296 0 P 0
L 36.70268758 14.40881548 36.95668758 14.91681548 0 P 0
L 36.70268758 14.40881548 37.21068758 14.66281548 0 P 0
L 36.70268758 15.42481548 36.95668758 14.91681548 0 P 0
L 36.70268758 15.42481548 37.21068758 15.17081548 0 P 0
L 36.71418616 38.07315474 36.96818616 37.56515474 0 P 0
L 36.71418616 38.07315474 36.96818616 38.58115474 0 P 0
L 36.80591064 59.31266014 37.05991064 58.80466014 0 P 0
L 36.80591064 59.31266014 37.05991064 59.82066014 0 P 0
L 36.82888494 15.1937974 37.33688494 14.9397974 0 P 0
L 36.82888494 15.7017974 37.33688494 15.9557974 0 P 0
L 36.84261872 63.33386876 37.09661872 62.82586876 0 P 0
L 36.84261872 63.33386876 37.09661872 63.84186876 0 P 0
L 36.85313686 16.723741 37.10713686 16.215741 0 P 0
L 36.85313686 16.723741 37.10713686 17.231741 0 P 0
L 36.85313686 17.3777402 37.10713686 16.8697402 0 P 0
L 36.85313686 17.3777402 37.10713686 17.8857402 0 P 0
L 36.85313686 18.0317394 37.10713686 17.5237394 0 P 0
L 36.85313686 18.0317394 37.10713686 18.5397394 0 P 0
L 36.85313686 18.6857386 37.10713686 18.1777386 0 P 0
L 36.85313686 18.6857386 37.10713686 19.1937386 0 P 0
L 36.86295396 62.23983742 37.11695396 61.73183742 0 P 0
L 36.86295396 62.23983742 37.11695396 62.74783742 0 P 0
L 36.8827177 16.07041236 37.1367177 15.56241236 0 P 0
L 36.8827177 16.07041236 37.1367177 16.57841236 0 P 0
L 36.8893471 56.44115966 37.3973471 56.18715966 0 P 0
L 36.8893471 56.94915966 37.3973471 57.20315966 0 P 0
L 36.8893471 57.56510458 37.3973471 57.31110458 0 P 0
L 36.8893471 58.07310458 37.3973471 58.32710458 0 P 0
L 36.89948678 60.73644444 37.15348678 60.22844444 0 P 0
L 36.89948678 60.73644444 37.15348678 61.24444444 0 P 0
L 37.0357781 51.5562977 37.2897781 52.0642977 0 P 0
L 37.0357781 51.5562977 37.5437781 51.8102977 0 P 0
L 37.0357781 52.5722977 37.2897781 52.0642977 0 P 0
L 37.0357781 52.5722977 37.5437781 52.3182977 0 P 0
L 37.0385594 19.5533645 37.2925594 20.0613645 0 P 0
L 37.0385594 19.5533645 37.5465594 19.8073645 0 P 0
L 37.0385594 20.5693645 37.2925594 20.0613645 0 P 0
L 37.0385594 20.5693645 37.5465594 20.3153645 0 P 0
L 37.04935694 20.23222522 37.55735694 19.97822522 0 P 0
L 37.04935694 20.74022522 37.55735694 20.99422522 0 P 0
L 37.08288494 15.4477974 37.33688494 14.9397974 0 P 0
L 37.08288494 15.4477974 37.33688494 15.9557974 0 P 0
L 37.08591262 36.73532658 37.59391262 36.48132658 0 P 0
L 37.08591262 37.24332658 37.59391262 37.49732658 0 P 0
L 37.11418536 37.81915474 37.62218536 37.56515474 0 P 0
L 37.11418536 38.32715474 37.62218536 38.58115474 0 P 0
L 37.1433471 56.69515966 37.3973471 56.18715966 0 P 0
L 37.1433471 56.69515966 37.3973471 57.20315966 0 P 0
L 37.1433471 57.81910458 37.3973471 57.31110458 0 P 0
L 37.1433471 57.81910458 37.3973471 58.32710458 0 P 0
L 37.21068758 14.66281548 37.71868758 14.40881548 0 P 0
L 37.21068758 15.17081548 37.71868758 15.42481548 0 P 0
L 37.23191182 36.48132658 37.48591182 36.98932658 0 P 0
L 37.23191182 36.48132658 37.73991182 36.73532658 0 P 0
L 37.23191182 37.49732658 37.48591182 36.98932658 0 P 0
L 37.23191182 37.49732658 37.73991182 37.24332658 0 P 0
L 37.23407336 14.02757672 37.48807336 14.53557672 0 P 0
L 37.23407336 14.02757672 37.74207336 14.28157672 0 P 0
L 37.23407336 15.04357672 37.48807336 14.53557672 0 P 0
L 37.23407336 15.04357672 37.74207336 14.78957672 0 P 0
L 37.26018456 37.56515474 37.51418456 38.07315474 0 P 0
L 37.26018456 37.56515474 37.76818456 37.81915474 0 P 0
L 37.26018456 38.58115474 37.51418456 38.07315474 0 P 0
L 37.26018456 38.58115474 37.76818456 38.32715474 0 P 0
L 37.30335694 20.48622522 37.55735694 19.97822522 0 P 0
L 37.30335694 20.48622522 37.55735694 20.99422522 0 P 0
L 37.33991262 36.98932658 37.59391262 36.48132658 0 P 0
L 37.33991262 36.98932658 37.59391262 37.49732658 0 P 0
L 37.36818536 38.07315474 37.62218536 37.56515474 0 P 0
L 37.36818536 38.07315474 37.62218536 38.58115474 0 P 0
L 37.38208424 18.99685304 37.63608424 19.50485304 0 P 0
L 37.38208424 18.99685304 37.89008424 19.25085304 0 P 0
L 37.38208424 20.01285304 37.63608424 19.50485304 0 P 0
L 37.38208424 20.01285304 37.89008424 19.75885304 0 P 0
L 37.4357773 56.39636168 37.6897773 56.90436168 0 P 0
L 37.4357773 56.39636168 37.9437773 56.65036168 0 P 0
L 37.4357773 57.41236168 37.6897773 56.90436168 0 P 0
L 37.4357773 57.41236168 37.9437773 57.15836168 0 P 0
L 37.4357773 58.80466014 37.6897773 59.31266014 0 P 0
L 37.4357773 58.80466014 37.9437773 59.05866014 0 P 0
L 37.4357773 59.82066014 37.6897773 59.31266014 0 P 0
L 37.4357773 59.82066014 37.9437773 59.56666014 0 P 0
L 37.4357773 61.413263 37.6897773 61.921263 0 P 0
L 37.4357773 61.413263 37.9437773 61.667263 0 P 0
L 37.4357773 62.429263 37.6897773 61.921263 0 P 0
L 37.4357773 62.429263 37.9437773 62.175263 0 P 0
L 37.4357773 62.57246566 37.6897773 63.08046566 0 P 0
L 37.4357773 62.57246566 37.9437773 62.82646566 0 P 0
L 37.4357773 63.58846566 37.6897773 63.08046566 0 P 0
L 37.4357773 63.58846566 37.9437773 63.33446566 0 P 0
L 37.46468758 14.91681548 37.71868758 14.40881548 0 P 0
L 37.46468758 14.91681548 37.71868758 15.42481548 0 P 0
L 37.52886322 18.35953656 37.78286322 18.86753656 0 P 0
L 37.52886322 18.35953656 38.03686322 18.61353656 0 P 0
L 37.52886322 19.37553656 37.78286322 18.86753656 0 P 0
L 37.52886322 19.37553656 38.03686322 19.12153656 0 P 0
L 37.5427367 16.39768628 37.7967367 16.90568628 0 P 0
L 37.5427367 16.39768628 38.0507367 16.65168628 0 P 0
L 37.5427367 17.05168548 37.7967367 17.55968548 0 P 0
L 37.5427367 17.05168548 38.0507367 17.30568548 0 P 0
L 37.5427367 17.41368628 37.7967367 16.90568628 0 P 0
L 37.5427367 17.41368628 38.0507367 17.15968628 0 P 0
L 37.5427367 17.70568468 37.7967367 18.21368468 0 P 0
L 37.5427367 17.70568468 38.0507367 17.95968468 0 P 0
L 37.5427367 18.06768548 37.7967367 17.55968548 0 P 0
L 37.5427367 18.06768548 38.0507367 17.81368548 0 P 0
L 37.5427367 18.72168468 37.7967367 18.21368468 0 P 0
L 37.5427367 18.72168468 38.0507367 18.46768468 0 P 0
L 37.5437781 51.8102977 38.0517781 51.5562977 0 P 0
L 37.5437781 52.3182977 38.0517781 52.5722977 0 P 0
L 37.5465594 19.8073645 38.0545594 19.5533645 0 P 0
L 37.5465594 20.3153645 38.0545594 20.5693645 0 P 0
L 37.55697594 15.74384202 37.81097594 16.25184202 0 P 0
L 37.55697594 15.74384202 38.06497594 15.99784202 0 P 0
L 37.55697594 16.75984202 37.81097594 16.25184202 0 P 0
L 37.55697594 16.75984202 38.06497594 16.50584202 0 P 0
L 37.57185526 57.8311518 37.82585526 58.3391518 0 P 0
L 37.57185526 57.8311518 38.07985526 58.0851518 0 P 0
L 37.57185526 58.8471518 37.82585526 58.3391518 0 P 0
L 37.57185526 58.8471518 38.07985526 58.5931518 0 P 0
L 37.59362052 60.25625998 37.84762052 60.76425998 0 P 0
L 37.59362052 60.25625998 38.10162052 60.51025998 0 P 0
L 37.59362052 61.27225998 37.84762052 60.76425998 0 P 0
L 37.59362052 61.27225998 38.10162052 61.01825998 0 P 0
L 37.73991182 36.73532658 38.24791182 36.48132658 0 P 0
L 37.73991182 37.24332658 38.24791182 37.49732658 0 P 0
L 37.74207336 14.28157672 38.25007336 14.02757672 0 P 0
L 37.74207336 14.78957672 38.25007336 15.04357672 0 P 0
L 37.76818456 37.81915474 38.27618456 37.56515474 0 P 0
L 37.76818456 38.32715474 38.27618456 38.58115474 0 P 0
L 37.7977781 52.0642977 38.0517781 51.5562977 0 P 0
L 37.7977781 52.0642977 38.0517781 52.5722977 0 P 0
L 37.8005594 20.0613645 38.0545594 19.5533645 0 P 0
L 37.8005594 20.0613645 38.0545594 20.5693645 0 P 0
L 37.81199956 89.0080008 38.31999956 87.9920008 0 P 0
L 37.81199956 89.0080008 38.82799956 89.0080008 0 P 0
L 37.81199956 91.5480008 38.31999956 90.5320008 0 P 0
L 37.81199956 91.5480008 38.82799956 91.5480008 0 P 0
L 37.85696772 13.82828578 38.11096772 14.33628578 0 P 0
L 37.85696772 13.82828578 38.36496772 14.08228578 0 P 0
L 37.85696772 14.84428578 38.11096772 14.33628578 0 P 0
L 37.85696772 14.84428578 38.36496772 14.59028578 0 P 0
L 37.88591102 36.48132658 38.13991102 36.98932658 0 P 0
L 37.88591102 36.48132658 38.39391102 36.73532658 0 P 0
L 37.88591102 37.49732658 38.13991102 36.98932658 0 P 0
L 37.88591102 37.49732658 38.39391102 37.24332658 0 P 0
L 37.88922318 56.72407756 38.14322318 57.23207756 0 P 0
L 37.88922318 56.72407756 38.39722318 56.97807756 0 P 0
L 37.88922318 57.74007756 38.14322318 57.23207756 0 P 0
L 37.88922318 57.74007756 38.39722318 57.48607756 0 P 0
L 37.89008424 19.25085304 38.39808424 18.99685304 0 P 0
L 37.89008424 19.75885304 38.39808424 20.01285304 0 P 0
L 37.91418376 37.56515474 38.16818376 38.07315474 0 P 0
L 37.91418376 37.56515474 38.42218376 37.81915474 0 P 0
L 37.91418376 38.58115474 38.16818376 38.07315474 0 P 0
L 37.91418376 38.58115474 38.42218376 38.32715474 0 P 0
L 37.9433328 61.10737334 38.1973328 61.61537334 0 P 0
L 37.9433328 61.10737334 38.4513328 61.36137334 0 P 0
L 37.9433328 62.12337334 38.1973328 61.61537334 0 P 0
L 37.9433328 62.12337334 38.4513328 61.86937334 0 P 0
L 37.9437773 56.65036168 38.4517773 56.39636168 0 P 0
L 37.9437773 57.15836168 38.4517773 57.41236168 0 P 0
L 37.9437773 59.05866014 38.4517773 58.80466014 0 P 0
L 37.9437773 59.56666014 38.4517773 59.82066014 0 P 0
L 37.9437773 61.667263 38.4517773 61.413263 0 P 0
L 37.9437773 62.175263 38.4517773 62.429263 0 P 0
L 37.9437773 62.82646566 38.4517773 62.57246566 0 P 0
L 37.9437773 63.33446566 38.4517773 63.58846566 0 P 0
L 37.96922302 62.33116312 38.22322302 62.83916312 0 P 0
L 37.96922302 62.33116312 38.47722302 62.58516312 0 P 0
L 37.96922302 63.34716312 38.22322302 62.83916312 0 P 0
L 37.96922302 63.34716312 38.47722302 63.09316312 0 P 0
L 37.99391182 36.98932658 38.24791182 36.48132658 0 P 0
L 37.99391182 36.98932658 38.24791182 37.49732658 0 P 0
L 37.99607336 14.53557672 38.25007336 14.02757672 0 P 0
L 37.99607336 14.53557672 38.25007336 15.04357672 0 P 0
L 38.00590824 58.80466014 38.25990824 59.31266014 0 P 0
L 38.00590824 58.80466014 38.51390824 59.05866014 0 P 0
L 38.00590824 59.82066014 38.25990824 59.31266014 0 P 0
L 38.00590824 59.82066014 38.51390824 59.56666014 0 P 0
L 38.0063502 15.26868422 38.2603502 15.77668422 0 P 0
L 38.0063502 15.26868422 38.5143502 15.52268422 0 P 0
L 38.0063502 16.28468422 38.2603502 15.77668422 0 P 0
L 38.0063502 16.28468422 38.5143502 16.03068422 0 P 0
L 38.02218456 38.07315474 38.27618456 37.56515474 0 P 0
L 38.02218456 38.07315474 38.27618456 38.58115474 0 P 0
L 38.03686322 18.61353656 38.54486322 18.35953656 0 P 0
L 38.03686322 19.12153656 38.54486322 19.37553656 0 P 0
L 38.0507367 16.65168628 38.5587367 16.39768628 0 P 0
L 38.0507367 17.15968628 38.5587367 17.41368628 0 P 0
L 38.0507367 17.30568548 38.5587367 17.05168548 0 P 0
L 38.0507367 17.81368548 38.5587367 18.06768548 0 P 0
L 38.0507367 17.95968468 38.5587367 17.70568468 0 P 0
L 38.0507367 18.46768468 38.5587367 18.72168468 0 P 0
L 38.06497594 15.99784202 38.57297594 15.74384202 0 P 0
L 38.06497594 16.50584202 38.57297594 16.75984202 0 P 0
L 38.07985526 58.0851518 38.58785526 57.8311518 0 P 0
L 38.07985526 58.5931518 38.58785526 58.8471518 0 P 0
L 38.10162052 60.51025998 38.60962052 60.25625998 0 P 0
L 38.10162052 61.01825998 38.60962052 61.27225998 0 P 0
L 38.14408424 19.50485304 38.39808424 18.99685304 0 P 0
L 38.14408424 19.50485304 38.39808424 20.01285304 0 P 0
L 38.1809498 58.27451388 38.4349498 58.78251388 0 P 0
L 38.1809498 58.27451388 38.6889498 58.52851388 0 P 0
L 38.1809498 59.29051388 38.4349498 58.78251388 0 P 0
L 38.1809498 59.29051388 38.6889498 59.03651388 0 P 0
L 38.1977773 56.90436168 38.4517773 56.39636168 0 P 0
L 38.1977773 56.90436168 38.4517773 57.41236168 0 P 0
L 38.1977773 59.31266014 38.4517773 58.80466014 0 P 0
L 38.1977773 59.31266014 38.4517773 59.82066014 0 P 0
L 38.1977773 61.921263 38.4517773 61.413263 0 P 0
L 38.1977773 61.921263 38.4517773 62.429263 0 P 0
L 38.1977773 63.08046566 38.4517773 62.57246566 0 P 0
L 38.1977773 63.08046566 38.4517773 63.58846566 0 P 0
L 38.24761972 60.25625998 38.50161972 60.76425998 0 P 0
L 38.24761972 60.25625998 38.75561972 60.51025998 0 P 0
L 38.24761972 61.27225998 38.50161972 60.76425998 0 P 0
L 38.24761972 61.27225998 38.75561972 61.01825998 0 P 0
L 38.29086322 18.86753656 38.54486322 18.35953656 0 P 0
L 38.29086322 18.86753656 38.54486322 19.37553656 0 P 0
L 38.3047367 16.90568628 38.5587367 16.39768628 0 P 0
L 38.3047367 16.90568628 38.5587367 17.41368628 0 P 0
L 38.3047367 17.55968548 38.5587367 17.05168548 0 P 0
L 38.3047367 17.55968548 38.5587367 18.06768548 0 P 0
L 38.3047367 18.21368468 38.5587367 17.70568468 0 P 0
L 38.3047367 18.21368468 38.5587367 18.72168468 0 P 0
L 38.31897594 16.25184202 38.57297594 15.74384202 0 P 0
L 38.31897594 16.25184202 38.57297594 16.75984202 0 P 0
L 38.31999956 87.9920008 38.82799956 89.0080008 0 P 0
L 38.31999956 90.5320008 38.82799956 91.5480008 0 P 0
L 38.33385526 58.3391518 38.58785526 57.8311518 0 P 0
L 38.33385526 58.3391518 38.58785526 58.8471518 0 P 0
L 38.35562052 60.76425998 38.60962052 60.25625998 0 P 0
L 38.35562052 60.76425998 38.60962052 61.27225998 0 P 0
L 38.36496772 14.08228578 38.87296772 13.82828578 0 P 0
L 38.36496772 14.59028578 38.87296772 14.84428578 0 P 0
L 38.39391102 36.73532658 38.90191102 36.48132658 0 P 0
L 38.39391102 37.24332658 38.90191102 37.49732658 0 P 0
L 38.39722318 56.97807756 38.90522318 56.72407756 0 P 0
L 38.39722318 57.48607756 38.90522318 57.74007756 0 P 0
L 38.42218376 37.81915474 38.93018376 37.56515474 0 P 0
L 38.42218376 38.32715474 38.93018376 38.58115474 0 P 0
L 38.4427603 57.14476252 38.6967603 57.65276252 0 P 0
L 38.4427603 57.14476252 38.9507603 57.39876252 0 P 0
L 38.4427603 58.16076252 38.6967603 57.65276252 0 P 0
L 38.4427603 58.16076252 38.9507603 57.90676252 0 P 0
L 38.4513328 61.36137334 38.9593328 61.10737334 0 P 0
L 38.4513328 61.86937334 38.9593328 62.12337334 0 P 0
L 38.46908486 60.71840282 38.72308486 61.22640282 0 P 0
L 38.46908486 60.71840282 38.97708486 60.97240282 0 P 0
L 38.46908486 61.73440282 38.72308486 61.22640282 0 P 0
L 38.46908486 61.73440282 38.97708486 61.48040282 0 P 0
L 38.47722302 62.58516312 38.98522302 62.33116312 0 P 0
L 38.47722302 63.09316312 38.98522302 63.34716312 0 P 0
L 38.51030906 13.79893608 38.76430906 14.30693608 0 P 0
L 38.51030906 13.79893608 39.01830906 14.05293608 0 P 0
L 38.51030906 14.81493608 38.76430906 14.30693608 0 P 0
L 38.51030906 14.81493608 39.01830906 14.56093608 0 P 0
L 38.51390824 59.05866014 39.02190824 58.80466014 0 P 0
L 38.51390824 59.56666014 39.02190824 59.82066014 0 P 0
L 38.5143502 15.52268422 39.0223502 15.26868422 0 P 0
L 38.5143502 16.03068422 39.0223502 16.28468422 0 P 0
L 38.53991022 36.48132658 38.79391022 36.98932658 0 P 0
L 38.53991022 36.48132658 39.04791022 36.73532658 0 P 0
L 38.53991022 37.49732658 38.79391022 36.98932658 0 P 0
L 38.53991022 37.49732658 39.04791022 37.24332658 0 P 0
L 38.54329096 62.01785666 38.79729096 62.52585666 0 P 0
L 38.54329096 62.01785666 39.05129096 62.27185666 0 P 0
L 38.54329096 63.03385666 38.79729096 62.52585666 0 P 0
L 38.54329096 63.03385666 39.05129096 62.77985666 0 P 0
L 38.56818296 37.56515474 38.82218296 38.07315474 0 P 0
L 38.56818296 37.56515474 39.07618296 37.81915474 0 P 0
L 38.56818296 38.58115474 38.82218296 38.07315474 0 P 0
L 38.56818296 38.58115474 39.07618296 38.32715474 0 P 0
L 38.61896772 14.33628578 38.87296772 13.82828578 0 P 0
L 38.61896772 14.33628578 38.87296772 14.84428578 0 P 0
L 38.64791102 36.98932658 38.90191102 36.48132658 0 P 0
L 38.64791102 36.98932658 38.90191102 37.49732658 0 P 0
L 38.65122318 57.23207756 38.90522318 56.72407756 0 P 0
L 38.65122318 57.23207756 38.90522318 57.74007756 0 P 0
L 38.65990744 58.80466014 38.91390744 59.31266014 0 P 0
L 38.65990744 58.80466014 39.16790744 59.05866014 0 P 0
L 38.65990744 59.82066014 38.91390744 59.31266014 0 P 0
L 38.65990744 59.82066014 39.16790744 59.56666014 0 P 0
L 38.66009794 15.25053592 38.91409794 15.75853592 0 P 0
L 38.66009794 15.25053592 39.16809794 15.50453592 0 P 0
L 38.66009794 16.26653592 38.91409794 15.75853592 0 P 0
L 38.66009794 16.26653592 39.16809794 16.01253592 0 P 0
L 38.67618376 38.07315474 38.93018376 37.56515474 0 P 0
L 38.67618376 38.07315474 38.93018376 38.58115474 0 P 0
L 38.6889498 58.52851388 39.1969498 58.27451388 0 P 0
L 38.6889498 59.03651388 39.1969498 59.29051388 0 P 0
L 38.7053328 61.61537334 38.9593328 61.10737334 0 P 0
L 38.7053328 61.61537334 38.9593328 62.12337334 0 P 0
L 38.73122302 62.83916312 38.98522302 62.33116312 0 P 0
L 38.73122302 62.83916312 38.98522302 63.34716312 0 P 0
L 38.75561972 60.51025998 39.26361972 60.25625998 0 P 0
L 38.75561972 61.01825998 39.26361972 61.27225998 0 P 0
L 38.76790824 59.31266014 39.02190824 58.80466014 0 P 0
L 38.76790824 59.31266014 39.02190824 59.82066014 0 P 0
L 38.7683502 15.77668422 39.0223502 15.26868422 0 P 0
L 38.7683502 15.77668422 39.0223502 16.28468422 0 P 0
L 38.8522845 57.41300684 39.1062845 57.92100684 0 P 0
L 38.8522845 57.41300684 39.3602845 57.66700684 0 P 0
L 38.8522845 58.42900684 39.1062845 57.92100684 0 P 0
L 38.8522845 58.42900684 39.3602845 58.17500684 0 P 0
L 38.9429498 58.78251388 39.1969498 58.27451388 0 P 0
L 38.9429498 58.78251388 39.1969498 59.29051388 0 P 0
L 38.9507603 57.39876252 39.4587603 57.14476252 0 P 0
L 38.9507603 57.90676252 39.4587603 58.16076252 0 P 0
L 38.96008718 61.718825 39.21408718 62.226825 0 P 0
L 38.96008718 61.718825 39.46808718 61.972825 0 P 0
L 38.96008718 62.734825 39.21408718 62.226825 0 P 0
L 38.96008718 62.734825 39.46808718 62.480825 0 P 0
L 38.96760304 60.29508642 39.22160304 60.80308642 0 P 0
L 38.96760304 60.29508642 39.47560304 60.54908642 0 P 0
L 38.96760304 61.31108642 39.22160304 60.80308642 0 P 0
L 38.96760304 61.31108642 39.47560304 61.05708642 0 P 0
L 38.97708486 60.97240282 39.48508486 60.71840282 0 P 0
L 38.97708486 61.48040282 39.48508486 61.73440282 0 P 0
L 39.00961972 60.76425998 39.26361972 60.25625998 0 P 0
L 39.00961972 60.76425998 39.26361972 61.27225998 0 P 0
L 39.01830906 14.05293608 39.52630906 13.79893608 0 P 0
L 39.01830906 14.56093608 39.52630906 14.81493608 0 P 0
L 39.04791022 36.73532658 39.55591022 36.48132658 0 P 0
L 39.04791022 37.24332658 39.55591022 37.49732658 0 P 0
L 39.05129096 62.27185666 39.55929096 62.01785666 0 P 0
L 39.05129096 62.77985666 39.55929096 63.03385666 0 P 0
L 39.07618296 37.81915474 39.58418296 37.56515474 0 P 0
L 39.07618296 38.32715474 39.58418296 38.58115474 0 P 0
L 39.16430826 13.79893608 39.41830826 14.30693608 0 P 0
L 39.16430826 13.79893608 39.67230826 14.05293608 0 P 0
L 39.16430826 14.81493608 39.41830826 14.30693608 0 P 0
L 39.16430826 14.81493608 39.67230826 14.56093608 0 P 0
L 39.16790744 59.05866014 39.67590744 58.80466014 0 P 0
L 39.16790744 59.56666014 39.67590744 59.82066014 0 P 0
L 39.16809794 15.50453592 39.67609794 15.25053592 0 P 0
L 39.16809794 16.01253592 39.67609794 16.26653592 0 P 0
L 39.19390942 36.48132658 39.44790942 36.98932658 0 P 0
L 39.19390942 36.48132658 39.70190942 36.73532658 0 P 0
L 39.19390942 37.49732658 39.44790942 36.98932658 0 P 0
L 39.19390942 37.49732658 39.70190942 37.24332658 0 P 0
L 39.2047603 57.65276252 39.4587603 57.14476252 0 P 0
L 39.2047603 57.65276252 39.4587603 58.16076252 0 P 0
L 39.22218216 37.56515474 39.47618216 38.07315474 0 P 0
L 39.22218216 37.56515474 39.73018216 37.81915474 0 P 0
L 39.22218216 38.58115474 39.47618216 38.07315474 0 P 0
L 39.22218216 38.58115474 39.73018216 38.32715474 0 P 0
L 39.23108486 61.22640282 39.48508486 60.71840282 0 P 0
L 39.23108486 61.22640282 39.48508486 61.73440282 0 P 0
L 39.27230906 14.30693608 39.52630906 13.79893608 0 P 0
L 39.27230906 14.30693608 39.52630906 14.81493608 0 P 0
L 39.30191022 36.98932658 39.55591022 36.48132658 0 P 0
L 39.30191022 36.98932658 39.55591022 37.49732658 0 P 0
L 39.30529096 62.52585666 39.55929096 62.01785666 0 P 0
L 39.30529096 62.52585666 39.55929096 63.03385666 0 P 0
L 39.31409714 15.25053592 39.56809714 15.75853592 0 P 0
L 39.31409714 15.25053592 39.82209714 15.50453592 0 P 0
L 39.31409714 16.26653592 39.56809714 15.75853592 0 P 0
L 39.31409714 16.26653592 39.82209714 16.01253592 0 P 0
L 39.33018296 38.07315474 39.58418296 37.56515474 0 P 0
L 39.33018296 38.07315474 39.58418296 38.58115474 0 P 0
L 39.3602845 57.66700684 39.8682845 57.41300684 0 P 0
L 39.3602845 58.17500684 39.8682845 58.42900684 0 P 0
L 39.40577844 51.54629772 39.65977844 52.05429772 0 P 0
L 39.40577844 51.54629772 39.91377844 51.80029772 0 P 0
L 39.40577844 52.56229772 39.65977844 52.05429772 0 P 0
L 39.40577844 52.56229772 39.91377844 52.30829772 0 P 0
L 39.42190744 59.31266014 39.67590744 58.80466014 0 P 0
L 39.42190744 59.31266014 39.67590744 59.82066014 0 P 0
L 39.42209794 15.75853592 39.67609794 15.25053592 0 P 0
L 39.42209794 15.75853592 39.67609794 16.26653592 0 P 0
L 39.46808718 61.972825 39.97608718 61.718825 0 P 0
L 39.46808718 62.480825 39.97608718 62.734825 0 P 0
L 39.47560304 60.54908642 39.98360304 60.29508642 0 P 0
L 39.47560304 61.05708642 39.98360304 61.31108642 0 P 0
L 39.6142845 57.92100684 39.8682845 57.41300684 0 P 0
L 39.6142845 57.92100684 39.8682845 58.42900684 0 P 0
L 39.67230826 14.05293608 40.18030826 13.79893608 0 P 0
L 39.67230826 14.56093608 40.18030826 14.81493608 0 P 0
L 39.70190942 36.73532658 40.20990942 36.48132658 0 P 0
L 39.70190942 37.24332658 40.20990942 37.49732658 0 P 0
L 39.72208718 62.226825 39.97608718 61.718825 0 P 0
L 39.72208718 62.226825 39.97608718 62.734825 0 P 0
L 39.72960304 60.80308642 39.98360304 60.29508642 0 P 0
L 39.72960304 60.80308642 39.98360304 61.31108642 0 P 0
L 39.73018216 37.81915474 40.23818216 37.56515474 0 P 0
L 39.73018216 38.32715474 40.23818216 38.58115474 0 P 0
L 39.80577764 61.20819356 40.05977764 61.71619356 0 P 0
L 39.80577764 61.20819356 40.31377764 61.46219356 0 P 0
L 39.80577764 62.22419356 40.05977764 61.71619356 0 P 0
L 39.80577764 62.22419356 40.31377764 61.97019356 0 P 0
L 39.81830746 13.79893608 40.07230746 14.30693608 0 P 0
L 39.81830746 13.79893608 40.32630746 14.05293608 0 P 0
L 39.81830746 14.81493608 40.07230746 14.30693608 0 P 0
L 39.81830746 14.81493608 40.32630746 14.56093608 0 P 0
L 39.82209714 15.50453592 40.33009714 15.25053592 0 P 0
L 39.82209714 16.01253592 40.33009714 16.26653592 0 P 0
L 39.84790862 36.48132658 40.10190862 36.98932658 0 P 0
L 39.84790862 36.48132658 40.35590862 36.73532658 0 P 0
L 39.84790862 37.49732658 40.10190862 36.98932658 0 P 0
L 39.84790862 37.49732658 40.35590862 37.24332658 0 P 0
L 39.87618136 37.56515474 40.13018136 38.07315474 0 P 0
L 39.87618136 37.56515474 40.38418136 37.81915474 0 P 0
L 39.87618136 38.58115474 40.13018136 38.07315474 0 P 0
L 39.87618136 38.58115474 40.38418136 38.32715474 0 P 0
L 39.91377844 51.80029772 40.42177844 51.54629772 0 P 0
L 39.91377844 52.30829772 40.42177844 52.56229772 0 P 0
L 39.92630826 14.30693608 40.18030826 13.79893608 0 P 0
L 39.92630826 14.30693608 40.18030826 14.81493608 0 P 0
L 39.95590942 36.98932658 40.20990942 36.48132658 0 P 0
L 39.95590942 36.98932658 40.20990942 37.49732658 0 P 0
L 39.96809634 15.25053592 40.22209634 15.75853592 0 P 0
L 39.96809634 15.25053592 40.47609634 15.50453592 0 P 0
L 39.96809634 16.26653592 40.22209634 15.75853592 0 P 0
L 39.96809634 16.26653592 40.47609634 16.01253592 0 P 0
L 39.98418216 38.07315474 40.23818216 37.56515474 0 P 0
L 39.98418216 38.07315474 40.23818216 38.58115474 0 P 0
L 39.99225174 57.97196686 40.24625174 58.47996686 0 P 0
L 39.99225174 57.97196686 40.50025174 58.22596686 0 P 0
L 39.99225174 58.98796686 40.24625174 58.47996686 0 P 0
L 39.99225174 58.98796686 40.50025174 58.73396686 0 P 0
L 40.07609714 15.75853592 40.33009714 15.25053592 0 P 0
L 40.07609714 15.75853592 40.33009714 16.26653592 0 P 0
L 40.16777844 52.05429772 40.42177844 51.54629772 0 P 0
L 40.16777844 52.05429772 40.42177844 52.56229772 0 P 0
L 40.31377764 61.46219356 40.82177764 61.20819356 0 P 0
L 40.31377764 61.97019356 40.82177764 62.22419356 0 P 0
L 40.32630746 14.05293608 40.83430746 13.79893608 0 P 0
L 40.32630746 14.56093608 40.83430746 14.81493608 0 P 0
L 40.35199956 89.0080008 40.85999956 87.9920008 0 P 0
L 40.35199956 89.0080008 41.36799956 89.0080008 0 P 0
L 40.35199956 91.5480008 40.85999956 90.5320008 0 P 0
L 40.35199956 91.5480008 41.36799956 91.5480008 0 P 0
L 40.35590862 36.73532658 40.86390862 36.48132658 0 P 0
L 40.35590862 37.24332658 40.86390862 37.49732658 0 P 0
L 40.38418136 37.81915474 40.89218136 37.56515474 0 P 0
L 40.38418136 38.32715474 40.89218136 38.58115474 0 P 0
L 40.47230666 13.79893608 40.72630666 14.30693608 0 P 0
L 40.47230666 13.79893608 40.98030666 14.05293608 0 P 0
L 40.47230666 14.81493608 40.72630666 14.30693608 0 P 0
L 40.47230666 14.81493608 40.98030666 14.56093608 0 P 0
L 40.47609634 15.50453592 40.98409634 15.25053592 0 P 0
L 40.47609634 16.01253592 40.98409634 16.26653592 0 P 0
L 40.50025174 58.22596686 41.00825174 57.97196686 0 P 0
L 40.50025174 58.73396686 41.00825174 58.98796686 0 P 0
L 40.5018875 36.48651834 40.7558875 36.99451834 0 P 0
L 40.5018875 36.48651834 41.0098875 36.74051834 0 P 0
L 40.5018875 37.50251834 40.7558875 36.99451834 0 P 0
L 40.5018875 37.50251834 41.0098875 37.24851834 0 P 0
L 40.53013738 37.55782684 40.78413738 38.06582684 0 P 0
L 40.53013738 37.55782684 41.03813738 37.81182684 0 P 0
L 40.53013738 38.57382684 40.78413738 38.06582684 0 P 0
L 40.53013738 38.57382684 41.03813738 38.31982684 0 P 0
L 40.56777764 61.71619356 40.82177764 61.20819356 0 P 0
L 40.56777764 61.71619356 40.82177764 62.22419356 0 P 0
L 40.58030746 14.30693608 40.83430746 13.79893608 0 P 0
L 40.58030746 14.30693608 40.83430746 14.81493608 0 P 0
L 40.60990862 36.98932658 40.86390862 36.48132658 0 P 0
L 40.60990862 36.98932658 40.86390862 37.49732658 0 P 0
L 40.62209554 15.25053592 40.87609554 15.75853592 0 P 0
L 40.62209554 15.25053592 41.13009554 15.50453592 0 P 0
L 40.62209554 16.26653592 40.87609554 15.75853592 0 P 0
L 40.62209554 16.26653592 41.13009554 16.01253592 0 P 0
L 40.63818136 38.07315474 40.89218136 37.56515474 0 P 0
L 40.63818136 38.07315474 40.89218136 38.58115474 0 P 0
L 40.73009634 15.75853592 40.98409634 15.25053592 0 P 0
L 40.73009634 15.75853592 40.98409634 16.26653592 0 P 0
L 40.75425174 58.47996686 41.00825174 57.97196686 0 P 0
L 40.75425174 58.47996686 41.00825174 58.98796686 0 P 0
L 40.85999956 87.9920008 41.36799956 89.0080008 0 P 0
L 40.85999956 90.5320008 41.36799956 91.5480008 0 P 0
L 40.98030666 14.05293608 41.48830666 13.79893608 0 P 0
L 40.98030666 14.56093608 41.48830666 14.81493608 0 P 0
L 41.0098875 36.74051834 41.5178875 36.48651834 0 P 0
L 41.0098875 37.24851834 41.5178875 37.50251834 0 P 0
L 41.03813738 37.81182684 41.54613738 37.55782684 0 P 0
L 41.03813738 38.31982684 41.54613738 38.57382684 0 P 0
L 41.12431196 13.84995452 41.37831196 14.35795452 0 P 0
L 41.12431196 13.84995452 41.63231196 14.10395452 0 P 0
L 41.12431196 14.86595452 41.37831196 14.35795452 0 P 0
L 41.12431196 14.86595452 41.63231196 14.61195452 0 P 0
L 41.13009554 15.50453592 41.63809554 15.25053592 0 P 0
L 41.13009554 16.01253592 41.63809554 16.26653592 0 P 0
L 41.1413071 36.62384344 41.3953071 37.13184344 0 P 0
L 41.1413071 36.62384344 41.6493071 36.87784344 0 P 0
L 41.1413071 37.63984344 41.3953071 37.13184344 0 P 0
L 41.1413071 37.63984344 41.6493071 37.38584344 0 P 0
L 41.1757368 37.45334394 41.4297368 37.96134394 0 P 0
L 41.1757368 37.45334394 41.6837368 37.70734394 0 P 0
L 41.1757368 38.46934394 41.4297368 37.96134394 0 P 0
L 41.1757368 38.46934394 41.6837368 38.21534394 0 P 0
L 41.23430666 14.30693608 41.48830666 13.79893608 0 P 0
L 41.23430666 14.30693608 41.48830666 14.81493608 0 P 0
L 41.2638875 36.99451834 41.5178875 36.48651834 0 P 0
L 41.2638875 36.99451834 41.5178875 37.50251834 0 P 0
L 41.27266066 15.183612 41.52666066 15.691612 0 P 0
L 41.27266066 15.183612 41.78066066 15.437612 0 P 0
L 41.27266066 16.199612 41.52666066 15.691612 0 P 0
L 41.27266066 16.199612 41.78066066 15.945612 0 P 0
L 41.29213738 38.06582684 41.54613738 37.55782684 0 P 0
L 41.29213738 38.06582684 41.54613738 38.57382684 0 P 0
L 41.38409554 15.75853592 41.63809554 15.25053592 0 P 0
L 41.38409554 15.75853592 41.63809554 16.26653592 0 P 0
L 41.63231196 14.10395452 42.14031196 13.84995452 0 P 0
L 41.63231196 14.61195452 42.14031196 14.86595452 0 P 0
L 41.6493071 36.87784344 42.1573071 36.62384344 0 P 0
L 41.6493071 37.38584344 42.1573071 37.63984344 0 P 0
L 41.6837368 37.70734394 42.1917368 37.45334394 0 P 0
L 41.6837368 38.21534394 42.1917368 38.46934394 0 P 0
L 41.77831116 13.85071906 42.03231116 14.35871906 0 P 0
L 41.77831116 13.85071906 42.28631116 14.10471906 0 P 0
L 41.77831116 14.86671906 42.03231116 14.35871906 0 P 0
L 41.77831116 14.86671906 42.28631116 14.61271906 0 P 0
L 41.7799774 36.4830741 42.0339774 36.9910741 0 P 0
L 41.7799774 36.4830741 42.2879774 36.7370741 0 P 0
L 41.7799774 37.4990741 42.0339774 36.9910741 0 P 0
L 41.7799774 37.4990741 42.2879774 37.2450741 0 P 0
L 41.78066066 15.437612 42.28866066 15.183612 0 P 0
L 41.78066066 15.945612 42.28866066 16.199612 0 P 0
L 41.81980206 37.56690226 42.07380206 38.07490226 0 P 0
L 41.81980206 37.56690226 42.32780206 37.82090226 0 P 0
L 41.81980206 38.58290226 42.07380206 38.07490226 0 P 0
L 41.81980206 38.58290226 42.32780206 38.32890226 0 P 0
L 41.88631196 14.35795452 42.14031196 13.84995452 0 P 0
L 41.88631196 14.35795452 42.14031196 14.86595452 0 P 0
L 41.9033071 37.13184344 42.1573071 36.62384344 0 P 0
L 41.9033071 37.13184344 42.1573071 37.63984344 0 P 0
L 41.92458976 15.23560834 42.17858976 15.74360834 0 P 0
L 41.92458976 15.23560834 42.43258976 15.48960834 0 P 0
L 41.92458976 16.25160834 42.17858976 15.74360834 0 P 0
L 41.92458976 16.25160834 42.43258976 15.99760834 0 P 0
L 41.9377368 37.96134394 42.1917368 37.45334394 0 P 0
L 41.9377368 37.96134394 42.1917368 38.46934394 0 P 0
L 42.03466066 15.691612 42.28866066 15.183612 0 P 0
L 42.03466066 15.691612 42.28866066 16.199612 0 P 0
L 42.28631116 14.10471906 42.79431116 13.85071906 0 P 0
L 42.28631116 14.61271906 42.79431116 14.86671906 0 P 0
L 42.2879774 36.7370741 42.7959774 36.4830741 0 P 0
L 42.2879774 37.2450741 42.7959774 37.4990741 0 P 0
L 42.32780206 37.82090226 42.83580206 37.56690226 0 P 0
L 42.32780206 38.32890226 42.83580206 38.58290226 0 P 0
L 42.4302555 13.79893354 42.6842555 14.30693354 0 P 0
L 42.4302555 13.79893354 42.9382555 14.05293354 0 P 0
L 42.4302555 14.81493354 42.6842555 14.30693354 0 P 0
L 42.4302555 14.81493354 42.9382555 14.56093354 0 P 0
L 42.43258976 15.48960834 42.94058976 15.23560834 0 P 0
L 42.43258976 15.99760834 42.94058976 16.25160834 0 P 0
L 42.4339766 36.4830741 42.6879766 36.9910741 0 P 0
L 42.4339766 36.4830741 42.9419766 36.7370741 0 P 0
L 42.4339766 37.4990741 42.6879766 36.9910741 0 P 0
L 42.4339766 37.4990741 42.9419766 37.2450741 0 P 0
L 42.47380126 37.56690226 42.72780126 38.07490226 0 P 0
L 42.47380126 37.56690226 42.98180126 37.82090226 0 P 0
L 42.47380126 38.58290226 42.72780126 38.07490226 0 P 0
L 42.47380126 38.58290226 42.98180126 38.32890226 0 P 0
L 42.54031116 14.35871906 42.79431116 13.85071906 0 P 0
L 42.54031116 14.35871906 42.79431116 14.86671906 0 P 0
L 42.5419774 36.9910741 42.7959774 36.4830741 0 P 0
L 42.5419774 36.9910741 42.7959774 37.4990741 0 P 0
L 42.57841878 15.25053592 42.83241878 15.75853592 0 P 0
L 42.57841878 15.25053592 43.08641878 15.50453592 0 P 0
L 42.57841878 16.26653592 42.83241878 15.75853592 0 P 0
L 42.57841878 16.26653592 43.08641878 16.01253592 0 P 0
L 42.58180206 38.07490226 42.83580206 37.56690226 0 P 0
L 42.58180206 38.07490226 42.83580206 38.58290226 0 P 0
L 42.68658976 15.74360834 42.94058976 15.23560834 0 P 0
L 42.68658976 15.74360834 42.94058976 16.25160834 0 P 0
L 42.89199956 89.0080008 43.39999956 87.9920008 0 P 0
L 42.89199956 89.0080008 43.90799956 89.0080008 0 P 0
L 42.89199956 91.5480008 43.39999956 90.5320008 0 P 0
L 42.89199956 91.5480008 43.90799956 91.5480008 0 P 0
L 42.9382555 14.05293354 43.4462555 13.79893354 0 P 0
L 42.9382555 14.56093354 43.4462555 14.81493354 0 P 0
L 42.93872794 61.03387844 43.19272794 61.54187844 0 P 0
L 42.93872794 61.03387844 43.44672794 61.28787844 0 P 0
L 42.93872794 62.04987844 43.19272794 61.54187844 0 P 0
L 42.93872794 62.04987844 43.44672794 61.79587844 0 P 0
L 42.9419766 36.7370741 43.4499766 36.4830741 0 P 0
L 42.9419766 37.2450741 43.4499766 37.4990741 0 P 0
L 42.98180126 37.82090226 43.48980126 37.56690226 0 P 0
L 42.98180126 38.32890226 43.48980126 38.58290226 0 P 0
L 43.0527714 57.93309978 43.3067714 58.44109978 0 P 0
L 43.0527714 57.93309978 43.5607714 58.18709978 0 P 0
L 43.0527714 58.94909978 43.3067714 58.44109978 0 P 0
L 43.0527714 58.94909978 43.5607714 58.69509978 0 P 0
L 43.0842547 13.79893354 43.3382547 14.30693354 0 P 0
L 43.0842547 13.79893354 43.5922547 14.05293354 0 P 0
L 43.0842547 14.81493354 43.3382547 14.30693354 0 P 0
L 43.0842547 14.81493354 43.5922547 14.56093354 0 P 0
L 43.08641878 15.50453592 43.59441878 15.25053592 0 P 0
L 43.08641878 16.01253592 43.59441878 16.26653592 0 P 0
L 43.0879758 36.4830741 43.3419758 36.9910741 0 P 0
L 43.0879758 36.4830741 43.5959758 36.7370741 0 P 0
L 43.0879758 37.4990741 43.3419758 36.9910741 0 P 0
L 43.0879758 37.4990741 43.5959758 37.2450741 0 P 0
L 43.12780046 37.56690226 43.38180046 38.07490226 0 P 0
L 43.12780046 37.56690226 43.63580046 37.82090226 0 P 0
L 43.12780046 38.58290226 43.38180046 38.07490226 0 P 0
L 43.12780046 38.58290226 43.63580046 38.32890226 0 P 0
L 43.1922555 14.30693354 43.4462555 13.79893354 0 P 0
L 43.1922555 14.30693354 43.4462555 14.81493354 0 P 0
L 43.1959766 36.9910741 43.4499766 36.4830741 0 P 0
L 43.1959766 36.9910741 43.4499766 37.4990741 0 P 0
L 43.23241798 15.25053592 43.48641798 15.75853592 0 P 0
L 43.23241798 15.25053592 43.74041798 15.50453592 0 P 0
L 43.23241798 16.26653592 43.48641798 15.75853592 0 P 0
L 43.23241798 16.26653592 43.74041798 16.01253592 0 P 0
L 43.23580126 38.07490226 43.48980126 37.56690226 0 P 0
L 43.23580126 38.07490226 43.48980126 38.58290226 0 P 0
L 43.34041878 15.75853592 43.59441878 15.25053592 0 P 0
L 43.34041878 15.75853592 43.59441878 16.26653592 0 P 0
L 43.39999956 87.9920008 43.90799956 89.0080008 0 P 0
L 43.39999956 90.5320008 43.90799956 91.5480008 0 P 0
L 43.4116607 61.0601395 43.6656607 61.5681395 0 P 0
L 43.4116607 61.0601395 43.9196607 61.3141395 0 P 0
L 43.4116607 62.0761395 43.6656607 61.5681395 0 P 0
L 43.4116607 62.0761395 43.9196607 61.8221395 0 P 0
L 43.44672794 61.28787844 43.95472794 61.03387844 0 P 0
L 43.44672794 61.79587844 43.95472794 62.04987844 0 P 0
L 43.5607714 58.18709978 44.0687714 57.93309978 0 P 0
L 43.5607714 58.69509978 44.0687714 58.94909978 0 P 0
L 43.5922547 14.05293354 44.1002547 13.79893354 0 P 0
L 43.5922547 14.56093354 44.1002547 14.81493354 0 P 0
L 43.5959758 36.7370741 44.1039758 36.4830741 0 P 0
L 43.5959758 37.2450741 44.1039758 37.4990741 0 P 0
L 43.63580046 37.82090226 44.14380046 37.56690226 0 P 0
L 43.63580046 38.32890226 44.14380046 38.58290226 0 P 0
L 43.70072794 61.54187844 43.95472794 61.03387844 0 P 0
L 43.70072794 61.54187844 43.95472794 62.04987844 0 P 0
L 43.7382539 13.79893354 43.9922539 14.30693354 0 P 0
L 43.7382539 13.79893354 44.2462539 14.05293354 0 P 0
L 43.7382539 14.81493354 43.9922539 14.30693354 0 P 0
L 43.7382539 14.81493354 44.2462539 14.56093354 0 P 0
L 43.74041798 15.50453592 44.24841798 15.25053592 0 P 0
L 43.74041798 16.01253592 44.24841798 16.26653592 0 P 0
L 43.741975 36.4830741 43.995975 36.9910741 0 P 0
L 43.741975 36.4830741 44.249975 36.7370741 0 P 0
L 43.741975 37.4990741 43.995975 36.9910741 0 P 0
L 43.741975 37.4990741 44.249975 37.2450741 0 P 0
L 43.78179966 37.56690226 44.03579966 38.07490226 0 P 0
L 43.78179966 37.56690226 44.28979966 37.82090226 0 P 0
L 43.78179966 38.58290226 44.03579966 38.07490226 0 P 0
L 43.78179966 38.58290226 44.28979966 38.32890226 0 P 0
L 43.8147714 58.44109978 44.0687714 57.93309978 0 P 0
L 43.8147714 58.44109978 44.0687714 58.94909978 0 P 0
L 43.8462547 14.30693354 44.1002547 13.79893354 0 P 0
L 43.8462547 14.30693354 44.1002547 14.81493354 0 P 0
L 43.8499758 36.9910741 44.1039758 36.4830741 0 P 0
L 43.8499758 36.9910741 44.1039758 37.4990741 0 P 0
L 43.88577964 51.54629772 44.13977964 52.05429772 0 P 0
L 43.88577964 51.54629772 44.39377964 51.80029772 0 P 0
L 43.88577964 52.56229772 44.13977964 52.05429772 0 P 0
L 43.88577964 52.56229772 44.39377964 52.30829772 0 P 0
L 43.88641718 15.25053592 44.14041718 15.75853592 0 P 0
L 43.88641718 15.25053592 44.39441718 15.50453592 0 P 0
L 43.88641718 16.26653592 44.14041718 15.75853592 0 P 0
L 43.88641718 16.26653592 44.39441718 16.01253592 0 P 0
L 43.88980046 38.07490226 44.14380046 37.56690226 0 P 0
L 43.88980046 38.07490226 44.14380046 38.58290226 0 P 0
L 43.9196607 61.3141395 44.4276607 61.0601395 0 P 0
L 43.9196607 61.8221395 44.4276607 62.0761395 0 P 0
L 43.99441798 15.75853592 44.24841798 15.25053592 0 P 0
L 43.99441798 15.75853592 44.24841798 16.26653592 0 P 0
L 44.1736607 61.5681395 44.4276607 61.0601395 0 P 0
L 44.1736607 61.5681395 44.4276607 62.0761395 0 P 0
L 44.2462539 14.05293354 44.7542539 13.79893354 0 P 0
L 44.2462539 14.56093354 44.7542539 14.81493354 0 P 0
L 44.249975 36.7370741 44.757975 36.4830741 0 P 0
L 44.249975 37.2450741 44.757975 37.4990741 0 P 0
L 44.28979966 37.82090226 44.79779966 37.56690226 0 P 0
L 44.28979966 38.32890226 44.79779966 38.58290226 0 P 0
L 44.32899694 57.25786872 44.58299694 57.76586872 0 P 0
L 44.32899694 57.25786872 44.83699694 57.51186872 0 P 0
L 44.32899694 58.27386872 44.58299694 57.76586872 0 P 0
L 44.32899694 58.27386872 44.83699694 58.01986872 0 P 0
L 44.39224294 13.80273592 44.64624294 14.31073592 0 P 0
L 44.39224294 13.80273592 44.90024294 14.05673592 0 P 0
L 44.39224294 14.81873592 44.64624294 14.31073592 0 P 0
L 44.39224294 14.81873592 44.90024294 14.56473592 0 P 0
L 44.39377964 51.80029772 44.90177964 51.54629772 0 P 0
L 44.39377964 52.30829772 44.90177964 52.56229772 0 P 0
L 44.39441718 15.50453592 44.90241718 15.25053592 0 P 0
L 44.39441718 16.01253592 44.90241718 16.26653592 0 P 0
L 44.3959742 36.4830741 44.6499742 36.9910741 0 P 0
L 44.3959742 36.4830741 44.9039742 36.7370741 0 P 0
L 44.3959742 37.4990741 44.6499742 36.9910741 0 P 0
L 44.3959742 37.4990741 44.9039742 37.2450741 0 P 0
L 44.43579886 37.56690226 44.68979886 38.07490226 0 P 0
L 44.43579886 37.56690226 44.94379886 37.82090226 0 P 0
L 44.43579886 38.58290226 44.68979886 38.07490226 0 P 0
L 44.43579886 38.58290226 44.94379886 38.32890226 0 P 0
L 44.5002539 14.30693354 44.7542539 13.79893354 0 P 0
L 44.5002539 14.30693354 44.7542539 14.81493354 0 P 0
L 44.503975 36.9910741 44.757975 36.4830741 0 P 0
L 44.503975 36.9910741 44.757975 37.4990741 0 P 0
L 44.50707126 58.47103622 44.76107126 58.97903622 0 P 0
L 44.50707126 58.47103622 45.01507126 58.72503622 0 P 0
L 44.50707126 59.48703622 44.76107126 58.97903622 0 P 0
L 44.50707126 59.48703622 45.01507126 59.23303622 0 P 0
L 44.50707126 60.47547722 44.76107126 60.98347722 0 P 0
L 44.50707126 60.47547722 45.01507126 60.72947722 0 P 0
L 44.50707126 61.49147722 44.76107126 60.98347722 0 P 0
L 44.50707126 61.49147722 45.01507126 61.23747722 0 P 0
L 44.53987282 15.2772364 44.79387282 15.7852364 0 P 0
L 44.53987282 15.2772364 45.04787282 15.5312364 0 P 0
L 44.53987282 16.2932364 44.79387282 15.7852364 0 P 0
L 44.53987282 16.2932364 45.04787282 16.0392364 0 P 0
L 44.54379966 38.07490226 44.79779966 37.56690226 0 P 0
L 44.54379966 38.07490226 44.79779966 38.58290226 0 P 0
L 44.56846814 61.9478949 44.82246814 62.4558949 0 P 0
L 44.56846814 61.9478949 45.07646814 62.2018949 0 P 0
L 44.56846814 62.9638949 44.82246814 62.4558949 0 P 0
L 44.56846814 62.9638949 45.07646814 62.7098949 0 P 0
L 44.64777964 52.05429772 44.90177964 51.54629772 0 P 0
L 44.64777964 52.05429772 44.90177964 52.56229772 0 P 0
L 44.64841718 15.75853592 44.90241718 15.25053592 0 P 0
L 44.64841718 15.75853592 44.90241718 16.26653592 0 P 0
L 44.69320246 56.91642414 44.94720246 57.42442414 0 P 0
L 44.69320246 56.91642414 45.20120246 57.17042414 0 P 0
L 44.69320246 57.93242414 44.94720246 57.42442414 0 P 0
L 44.69320246 57.93242414 45.20120246 57.67842414 0 P 0
L 44.83699694 57.51186872 45.34499694 57.25786872 0 P 0
L 44.83699694 58.01986872 45.34499694 58.27386872 0 P 0
L 44.90024294 14.05673592 45.40824294 13.80273592 0 P 0
L 44.90024294 14.56473592 45.40824294 14.81873592 0 P 0
L 44.9039742 36.7370741 45.4119742 36.4830741 0 P 0
L 44.9039742 37.2450741 45.4119742 37.4990741 0 P 0
L 44.94379886 37.82090226 45.45179886 37.56690226 0 P 0
L 44.94379886 38.32890226 45.45179886 38.58290226 0 P 0
L 44.95319432 60.89359932 45.20719432 61.40159932 0 P 0
L 44.95319432 60.89359932 45.46119432 61.14759932 0 P 0
L 44.95319432 61.90959932 45.20719432 61.40159932 0 P 0
L 44.95319432 61.90959932 45.46119432 61.65559932 0 P 0
L 44.96771042 15.771876 45.22171042 16.279876 0 P 0
L 44.96771042 15.771876 45.47571042 16.025876 0 P 0
L 44.96771042 16.787876 45.22171042 16.279876 0 P 0
L 44.96771042 16.787876 45.47571042 16.533876 0 P 0
L 44.97826158 16.42579138 45.23226158 16.93379138 0 P 0
L 44.97826158 16.42579138 45.48626158 16.67979138 0 P 0
L 44.97826158 17.07979058 45.23226158 17.58779058 0 P 0
L 44.97826158 17.07979058 45.48626158 17.33379058 0 P 0
L 44.97826158 17.44179138 45.23226158 16.93379138 0 P 0
L 44.97826158 17.44179138 45.48626158 17.18779138 0 P 0
L 44.97826158 17.73378978 45.23226158 18.24178978 0 P 0
L 44.97826158 17.73378978 45.48626158 17.98778978 0 P 0
L 44.97826158 18.09579058 45.23226158 17.58779058 0 P 0
L 44.97826158 18.09579058 45.48626158 17.84179058 0 P 0
L 44.97826158 18.74978978 45.23226158 18.24178978 0 P 0
L 44.97826158 18.74978978 45.48626158 18.49578978 0 P 0
L 44.9873497 58.04465912 45.2413497 58.55265912 0 P 0
L 44.9873497 58.04465912 45.4953497 58.29865912 0 P 0
L 44.9873497 59.06065912 45.2413497 58.55265912 0 P 0
L 44.9873497 59.06065912 45.4953497 58.80665912 0 P 0
L 44.9948935 18.38757562 45.2488935 18.89557562 0 P 0
L 44.9948935 18.38757562 45.5028935 18.64157562 0 P 0
L 44.9948935 19.40357562 45.2488935 18.89557562 0 P 0
L 44.9948935 19.40357562 45.5028935 19.14957562 0 P 0
L 45.01507126 58.72503622 45.52307126 58.47103622 0 P 0
L 45.01507126 59.23303622 45.52307126 59.48703622 0 P 0
L 45.01507126 60.72947722 45.52307126 60.47547722 0 P 0
L 45.01507126 61.23747722 45.52307126 61.49147722 0 P 0
L 45.03557668 13.92035824 45.28957668 14.42835824 0 P 0
L 45.03557668 13.92035824 45.54357668 14.17435824 0 P 0
L 45.03557668 14.93635824 45.28957668 14.42835824 0 P 0
L 45.03557668 14.93635824 45.54357668 14.68235824 0 P 0
L 45.04787282 15.5312364 45.55587282 15.2772364 0 P 0
L 45.04787282 16.0392364 45.55587282 16.2932364 0 P 0
L 45.0499734 36.4830741 45.3039734 36.9910741 0 P 0
L 45.0499734 36.4830741 45.5579734 36.7370741 0 P 0
L 45.0499734 37.4990741 45.3039734 36.9910741 0 P 0
L 45.0499734 37.4990741 45.5579734 37.2450741 0 P 0
L 45.07646814 62.2018949 45.58446814 61.9478949 0 P 0
L 45.07646814 62.7098949 45.58446814 62.9638949 0 P 0
L 45.08979806 37.56690226 45.34379806 38.07490226 0 P 0
L 45.08979806 37.56690226 45.59779806 37.82090226 0 P 0
L 45.08979806 38.58290226 45.34379806 38.07490226 0 P 0
L 45.08979806 38.58290226 45.59779806 38.32890226 0 P 0
L 45.09099694 57.76586872 45.34499694 57.25786872 0 P 0
L 45.09099694 57.76586872 45.34499694 58.27386872 0 P 0
L 45.13682616 62.27144772 45.39082616 62.77944772 0 P 0
L 45.13682616 62.27144772 45.64482616 62.52544772 0 P 0
L 45.13682616 63.28744772 45.39082616 62.77944772 0 P 0
L 45.13682616 63.28744772 45.64482616 63.03344772 0 P 0
L 45.14831966 19.02332492 45.40231966 19.53132492 0 P 0
L 45.14831966 19.02332492 45.65631966 19.27732492 0 P 0
L 45.14831966 20.03932492 45.40231966 19.53132492 0 P 0
L 45.14831966 20.03932492 45.65631966 19.78532492 0 P 0
L 45.15424294 14.31073592 45.40824294 13.80273592 0 P 0
L 45.15424294 14.31073592 45.40824294 14.81873592 0 P 0
L 45.1579742 36.9910741 45.4119742 36.4830741 0 P 0
L 45.1579742 36.9910741 45.4119742 37.4990741 0 P 0
L 45.17982328 60.22453538 45.43382328 60.73253538 0 P 0
L 45.17982328 60.22453538 45.68782328 60.47853538 0 P 0
L 45.17982328 61.24053538 45.43382328 60.73253538 0 P 0
L 45.17982328 61.24053538 45.68782328 60.98653538 0 P 0
L 45.19779886 38.07490226 45.45179886 37.56690226 0 P 0
L 45.19779886 38.07490226 45.45179886 38.58290226 0 P 0
L 45.20120246 57.17042414 45.70920246 56.91642414 0 P 0
L 45.20120246 57.67842414 45.70920246 57.93242414 0 P 0
L 45.2031735 58.77293554 45.4571735 59.28093554 0 P 0
L 45.2031735 58.77293554 45.7111735 59.02693554 0 P 0
L 45.2031735 59.78893554 45.4571735 59.28093554 0 P 0
L 45.2031735 59.78893554 45.7111735 59.53493554 0 P 0
L 45.25238854 56.57727064 45.50638854 57.08527064 0 P 0
L 45.25238854 56.57727064 45.76038854 56.83127064 0 P 0
L 45.25238854 57.59327064 45.50638854 57.08527064 0 P 0
L 45.25238854 57.59327064 45.76038854 57.33927064 0 P 0
L 45.26907126 58.97903622 45.52307126 58.47103622 0 P 0
L 45.26907126 58.97903622 45.52307126 59.48703622 0 P 0
L 45.26907126 60.98347722 45.52307126 60.47547722 0 P 0
L 45.26907126 60.98347722 45.52307126 61.49147722 0 P 0
L 45.30187282 15.7852364 45.55587282 15.2772364 0 P 0
L 45.30187282 15.7852364 45.55587282 16.2932364 0 P 0
L 45.33046814 62.4558949 45.58446814 61.9478949 0 P 0
L 45.33046814 62.4558949 45.58446814 62.9638949 0 P 0
L 45.43199956 89.0080008 45.93999956 87.9920008 0 P 0
L 45.43199956 89.0080008 46.44799956 89.0080008 0 P 0
L 45.43199956 91.5480008 45.93999956 90.5320008 0 P 0
L 45.43199956 91.5480008 46.44799956 91.5480008 0 P 0
L 45.45520246 57.42442414 45.70920246 56.91642414 0 P 0
L 45.45520246 57.42442414 45.70920246 57.93242414 0 P 0
L 45.46119432 61.14759932 45.96919432 60.89359932 0 P 0
L 45.46119432 61.65559932 45.96919432 61.90959932 0 P 0
L 45.47571042 16.025876 45.98371042 15.771876 0 P 0
L 45.47571042 16.533876 45.98371042 16.787876 0 P 0
L 45.48626158 16.67979138 45.99426158 16.42579138 0 P 0
L 45.48626158 17.18779138 45.99426158 17.44179138 0 P 0
L 45.48626158 17.33379058 45.99426158 17.07979058 0 P 0
L 45.48626158 17.84179058 45.99426158 18.09579058 0 P 0
L 45.48626158 17.98778978 45.99426158 17.73378978 0 P 0
L 45.48626158 18.49578978 45.99426158 18.74978978 0 P 0
L 45.4953497 58.29865912 46.0033497 58.04465912 0 P 0
L 45.4953497 58.80665912 46.0033497 59.06065912 0 P 0
L 45.49997758 19.57473352 45.75397758 20.08273352 0 P 0
L 45.49997758 19.57473352 46.00797758 19.82873352 0 P 0
L 45.49997758 20.59073352 45.75397758 20.08273352 0 P 0
L 45.49997758 20.59073352 46.00797758 20.33673352 0 P 0
L 45.5028935 18.64157562 46.0108935 18.38757562 0 P 0
L 45.5028935 19.14957562 46.0108935 19.40357562 0 P 0
L 45.52504992 57.67238148 45.77904992 58.18038148 0 P 0
L 45.52504992 57.67238148 46.03304992 57.92638148 0 P 0
L 45.52504992 58.68838148 45.77904992 58.18038148 0 P 0
L 45.52504992 58.68838148 46.03304992 58.43438148 0 P 0
L 45.54357668 14.17435824 46.05157668 13.92035824 0 P 0
L 45.54357668 14.68235824 46.05157668 14.93635824 0 P 0
L 45.5579734 36.7370741 46.0659734 36.4830741 0 P 0
L 45.5579734 37.2450741 46.0659734 37.4990741 0 P 0
L 45.59779806 37.82090226 46.10579806 37.56690226 0 P 0
L 45.59779806 38.32890226 46.10579806 38.58290226 0 P 0
L 45.61162328 14.23001218 45.86562328 14.73801218 0 P 0
L 45.61162328 14.23001218 46.11962328 14.48401218 0 P 0
L 45.61162328 15.24601218 45.86562328 14.73801218 0 P 0
L 45.61162328 15.24601218 46.11962328 14.99201218 0 P 0
L 45.6371071 61.329697 45.8911071 61.837697 0 P 0
L 45.6371071 61.329697 46.1451071 61.583697 0 P 0
L 45.6371071 62.345697 45.8911071 61.837697 0 P 0
L 45.6371071 62.345697 46.1451071 62.091697 0 P 0
L 45.64482616 62.52544772 46.15282616 62.27144772 0 P 0
L 45.64482616 63.03344772 46.15282616 63.28744772 0 P 0
L 45.65631966 19.27732492 46.16431966 19.02332492 0 P 0
L 45.65631966 19.78532492 46.16431966 20.03932492 0 P 0
L 45.68782328 60.47853538 46.19582328 60.22453538 0 P 0
L 45.68782328 60.98653538 46.19582328 61.24053538 0 P 0
L 45.7039726 36.4830741 45.9579726 36.9910741 0 P 0
L 45.7039726 36.4830741 46.2119726 36.7370741 0 P 0
L 45.7039726 37.4990741 45.9579726 36.9910741 0 P 0
L 45.7039726 37.4990741 46.2119726 37.2450741 0 P 0
L 45.7111735 59.02693554 46.2191735 58.77293554 0 P 0
L 45.7111735 59.53493554 46.2191735 59.78893554 0 P 0
L 45.71519432 61.40159932 45.96919432 60.89359932 0 P 0
L 45.71519432 61.40159932 45.96919432 61.90959932 0 P 0
L 45.72971042 16.279876 45.98371042 15.771876 0 P 0
L 45.72971042 16.279876 45.98371042 16.787876 0 P 0
L 45.73692148 62.53144466 45.99092148 63.03944466 0 P 0
L 45.73692148 62.53144466 46.24492148 62.78544466 0 P 0
L 45.73692148 63.54744466 45.99092148 63.03944466 0 P 0
L 45.73692148 63.54744466 46.24492148 63.29344466 0 P 0
L 45.74026158 16.93379138 45.99426158 16.42579138 0 P 0
L 45.74026158 16.93379138 45.99426158 17.44179138 0 P 0
L 45.74026158 17.58779058 45.99426158 17.07979058 0 P 0
L 45.74026158 17.58779058 45.99426158 18.09579058 0 P 0
L 45.74026158 18.24178978 45.99426158 17.73378978 0 P 0
L 45.74026158 18.24178978 45.99426158 18.74978978 0 P 0
L 45.74379726 37.56690226 45.99779726 38.07490226 0 P 0
L 45.74379726 37.56690226 46.25179726 37.82090226 0 P 0
L 45.74379726 38.58290226 45.99779726 38.07490226 0 P 0
L 45.74379726 38.58290226 46.25179726 38.32890226 0 P 0
L 45.7493497 58.55265912 46.0033497 58.04465912 0 P 0
L 45.7493497 58.55265912 46.0033497 59.06065912 0 P 0
L 45.7568935 18.89557562 46.0108935 18.38757562 0 P 0
L 45.7568935 18.89557562 46.0108935 19.40357562 0 P 0
L 45.76038854 56.83127064 46.26838854 56.57727064 0 P 0
L 45.76038854 57.33927064 46.26838854 57.59327064 0 P 0
L 45.76578096 56.28603932 46.01978096 56.79403932 0 P 0
L 45.76578096 56.28603932 46.27378096 56.54003932 0 P 0
L 45.76578096 57.30203932 46.01978096 56.79403932 0 P 0
L 45.76578096 57.30203932 46.27378096 57.04803932 0 P 0
L 45.76578096 60.22453538 46.01978096 60.73253538 0 P 0
L 45.76578096 60.22453538 46.27378096 60.47853538 0 P 0
L 45.76578096 61.24053538 46.01978096 60.73253538 0 P 0
L 45.76578096 61.24053538 46.27378096 60.98653538 0 P 0
L 45.79757668 14.42835824 46.05157668 13.92035824 0 P 0
L 45.79757668 14.42835824 46.05157668 14.93635824 0 P 0
L 45.8119734 36.9910741 46.0659734 36.4830741 0 P 0
L 45.8119734 36.9910741 46.0659734 37.4990741 0 P 0
L 45.85179806 38.07490226 46.10579806 37.56690226 0 P 0
L 45.85179806 38.07490226 46.10579806 38.58290226 0 P 0
L 45.89257014 58.7634334 46.14657014 59.2714334 0 P 0
L 45.89257014 58.7634334 46.40057014 59.0174334 0 P 0
L 45.89257014 59.7794334 46.14657014 59.2714334 0 P 0
L 45.89257014 59.7794334 46.40057014 59.5254334 0 P 0
L 45.89882616 62.77944772 46.15282616 62.27144772 0 P 0
L 45.89882616 62.77944772 46.15282616 63.28744772 0 P 0
L 45.91031966 19.53132492 46.16431966 19.02332492 0 P 0
L 45.91031966 19.53132492 46.16431966 20.03932492 0 P 0
L 45.93999956 87.9920008 46.44799956 89.0080008 0 P 0
L 45.93999956 90.5320008 46.44799956 91.5480008 0 P 0
L 45.94182328 60.73253538 46.19582328 60.22453538 0 P 0
L 45.94182328 60.73253538 46.19582328 61.24053538 0 P 0
L 45.9651735 59.28093554 46.2191735 58.77293554 0 P 0
L 45.9651735 59.28093554 46.2191735 59.78893554 0 P 0
L 46.00413456 19.99131384 46.25813456 20.49931384 0 P 0
L 46.00413456 19.99131384 46.51213456 20.24531384 0 P 0
L 46.00413456 21.00731384 46.25813456 20.49931384 0 P 0
L 46.00413456 21.00731384 46.51213456 20.75331384 0 P 0
L 46.00797758 19.82873352 46.51597758 19.57473352 0 P 0
L 46.00797758 20.33673352 46.51597758 20.59073352 0 P 0
L 46.01438854 57.08527064 46.26838854 56.57727064 0 P 0
L 46.01438854 57.08527064 46.26838854 57.59327064 0 P 0
L 46.03304992 57.92638148 46.54104992 57.67238148 0 P 0
L 46.03304992 58.43438148 46.54104992 58.68838148 0 P 0
L 46.06457386 14.70176638 46.31857386 15.20976638 0 P 0
L 46.06457386 14.70176638 46.57257386 14.95576638 0 P 0
L 46.06457386 15.71776638 46.31857386 15.20976638 0 P 0
L 46.06457386 15.71776638 46.57257386 15.46376638 0 P 0
L 46.11962328 14.48401218 46.62762328 14.23001218 0 P 0
L 46.11962328 14.99201218 46.62762328 15.24601218 0 P 0
L 46.1451071 61.583697 46.6531071 61.329697 0 P 0
L 46.1451071 62.091697 46.6531071 62.345697 0 P 0
L 46.16578016 51.46629788 46.41978016 51.97429788 0 P 0
L 46.16578016 51.46629788 46.67378016 51.72029788 0 P 0
L 46.16578016 52.48229788 46.41978016 51.97429788 0 P 0
L 46.16578016 52.48229788 46.67378016 52.22829788 0 P 0
L 46.2119726 36.7370741 46.7199726 36.4830741 0 P 0
L 46.2119726 37.2450741 46.7199726 37.4990741 0 P 0
L 46.24492148 62.78544466 46.75292148 62.53144466 0 P 0
L 46.24492148 63.29344466 46.75292148 63.54744466 0 P 0
L 46.25179726 37.82090226 46.75979726 37.56690226 0 P 0
L 46.25179726 38.32890226 46.75979726 38.58290226 0 P 0
L 46.26197758 20.08273352 46.51597758 19.57473352 0 P 0
L 46.26197758 20.08273352 46.51597758 20.59073352 0 P 0
L 46.27378096 56.54003932 46.78178096 56.28603932 0 P 0
L 46.27378096 57.04803932 46.78178096 57.30203932 0 P 0
L 46.27378096 60.47853538 46.78178096 60.22453538 0 P 0
L 46.27378096 60.98653538 46.78178096 61.24053538 0 P 0
L 46.28704992 58.18038148 46.54104992 57.67238148 0 P 0
L 46.28704992 58.18038148 46.54104992 58.68838148 0 P 0
L 46.33938154 15.29522722 46.59338154 15.80322722 0 P 0
L 46.33938154 15.29522722 46.84738154 15.54922722 0 P 0
L 46.33938154 16.31122722 46.59338154 15.80322722 0 P 0
L 46.33938154 16.31122722 46.84738154 16.05722722 0 P 0
L 46.3579718 36.4830741 46.6119718 36.9910741 0 P 0
L 46.3579718 36.4830741 46.8659718 36.7370741 0 P 0
L 46.3579718 37.4990741 46.6119718 36.9910741 0 P 0
L 46.3579718 37.4990741 46.8659718 37.2450741 0 P 0
L 46.37362328 14.73801218 46.62762328 14.23001218 0 P 0
L 46.37362328 14.73801218 46.62762328 15.24601218 0 P 0
L 46.39779646 37.56690226 46.65179646 38.07490226 0 P 0
L 46.39779646 37.56690226 46.90579646 37.82090226 0 P 0
L 46.39779646 38.58290226 46.65179646 38.07490226 0 P 0
L 46.39779646 38.58290226 46.90579646 38.32890226 0 P 0
L 46.3991071 61.837697 46.6531071 61.329697 0 P 0
L 46.3991071 61.837697 46.6531071 62.345697 0 P 0
L 46.40057014 59.0174334 46.90857014 58.7634334 0 P 0
L 46.40057014 59.5254334 46.90857014 59.7794334 0 P 0
L 46.42986142 15.94293738 46.68386142 16.45093738 0 P 0
L 46.42986142 15.94293738 46.93786142 16.19693738 0 P 0
L 46.42986142 16.59693658 46.68386142 17.10493658 0 P 0
L 46.42986142 16.59693658 46.93786142 16.85093658 0 P 0
L 46.42986142 16.95893738 46.68386142 16.45093738 0 P 0
L 46.42986142 16.95893738 46.93786142 16.70493738 0 P 0
L 46.42986142 17.25093578 46.68386142 17.75893578 0 P 0
L 46.42986142 17.25093578 46.93786142 17.50493578 0 P 0
L 46.42986142 17.61293658 46.68386142 17.10493658 0 P 0
L 46.42986142 17.61293658 46.93786142 17.35893658 0 P 0
L 46.42986142 17.90493498 46.68386142 18.41293498 0 P 0
L 46.42986142 17.90493498 46.93786142 18.15893498 0 P 0
L 46.42986142 18.26693578 46.68386142 17.75893578 0 P 0
L 46.42986142 18.26693578 46.93786142 18.01293578 0 P 0
L 46.42986142 18.92093498 46.68386142 18.41293498 0 P 0
L 46.42986142 18.92093498 46.93786142 18.66693498 0 P 0
L 46.4659726 36.9910741 46.7199726 36.4830741 0 P 0
L 46.4659726 36.9910741 46.7199726 37.4990741 0 P 0
L 46.49892148 63.03944466 46.75292148 62.53144466 0 P 0
L 46.49892148 63.03944466 46.75292148 63.54744466 0 P 0
L 46.50579726 38.07490226 46.75979726 37.56690226 0 P 0
L 46.50579726 38.07490226 46.75979726 38.58290226 0 P 0
L 46.51213456 20.24531384 47.02013456 19.99131384 0 P 0
L 46.51213456 20.75331384 47.02013456 21.00731384 0 P 0
L 46.52778096 56.79403932 46.78178096 56.28603932 0 P 0
L 46.52778096 56.79403932 46.78178096 57.30203932 0 P 0
L 46.52778096 60.73253538 46.78178096 60.22453538 0 P 0
L 46.52778096 60.73253538 46.78178096 61.24053538 0 P 0
L 46.53190338 18.55092302 46.78590338 19.05892302 0 P 0
L 46.53190338 18.55092302 47.03990338 18.80492302 0 P 0
L 46.53190338 19.56692302 46.78590338 19.05892302 0 P 0
L 46.53190338 19.56692302 47.03990338 19.31292302 0 P 0
L 46.57257386 14.95576638 47.08057386 14.70176638 0 P 0
L 46.57257386 15.46376638 47.08057386 15.71776638 0 P 0
L 46.611921 20.23279418 46.865921 20.74079418 0 P 0
L 46.611921 20.23279418 47.119921 20.48679418 0 P 0
L 46.611921 21.24879418 46.865921 20.74079418 0 P 0
L 46.611921 21.24879418 47.119921 20.99479418 0 P 0
L 46.65457014 59.2714334 46.90857014 58.7634334 0 P 0
L 46.65457014 59.2714334 46.90857014 59.7794334 0 P 0
L 46.67378016 51.72029788 47.18178016 51.46629788 0 P 0
L 46.67378016 52.22829788 47.18178016 52.48229788 0 P 0
L 46.76613456 20.49931384 47.02013456 19.99131384 0 P 0
L 46.76613456 20.49931384 47.02013456 21.00731384 0 P 0
L 46.79155996 61.68727058 47.04555996 62.19527058 0 P 0
L 46.79155996 61.68727058 47.29955996 61.94127058 0 P 0
L 46.79155996 62.70327058 47.04555996 62.19527058 0 P 0
L 46.79155996 62.70327058 47.29955996 62.44927058 0 P 0
L 46.79298744 60.22475382 47.04698744 60.73275382 0 P 0
L 46.79298744 60.22475382 47.30098744 60.47875382 0 P 0
L 46.79298744 61.24075382 47.04698744 60.73275382 0 P 0
L 46.79298744 61.24075382 47.30098744 60.98675382 0 P 0
L 46.79440476 58.77315652 47.04840476 59.28115652 0 P 0
L 46.79440476 58.77315652 47.30240476 59.02715652 0 P 0
L 46.79440476 59.78915652 47.04840476 59.28115652 0 P 0
L 46.79440476 59.78915652 47.30240476 59.53515652 0 P 0
L 46.79603036 57.10805952 47.05003036 57.61605952 0 P 0
L 46.79603036 57.10805952 47.30403036 57.36205952 0 P 0
L 46.79603036 58.12405952 47.05003036 57.61605952 0 P 0
L 46.79603036 58.12405952 47.30403036 57.87005952 0 P 0
L 46.79707684 56.0356893 47.05107684 56.5436893 0 P 0
L 46.79707684 56.0356893 47.30507684 56.2896893 0 P 0
L 46.79707684 57.0516893 47.05107684 56.5436893 0 P 0
L 46.79707684 57.0516893 47.30507684 56.7976893 0 P 0
L 46.82657386 15.20976638 47.08057386 14.70176638 0 P 0
L 46.82657386 15.20976638 47.08057386 15.71776638 0 P 0
L 46.84738154 15.54922722 47.35538154 15.29522722 0 P 0
L 46.84738154 16.05722722 47.35538154 16.31122722 0 P 0
L 46.8659718 36.7370741 47.3739718 36.4830741 0 P 0
L 46.8659718 37.2450741 47.3739718 37.4990741 0 P 0
L 46.90579646 37.82090226 47.41379646 37.56690226 0 P 0
L 46.90579646 38.32890226 47.41379646 38.58290226 0 P 0
L 46.92778016 51.97429788 47.18178016 51.46629788 0 P 0
L 46.92778016 51.97429788 47.18178016 52.48229788 0 P 0
L 46.93786142 16.19693738 47.44586142 15.94293738 0 P 0
L 46.93786142 16.70493738 47.44586142 16.95893738 0 P 0
L 46.93786142 16.85093658 47.44586142 16.59693658 0 P 0
L 46.93786142 17.35893658 47.44586142 17.61293658 0 P 0
L 46.93786142 17.50493578 47.44586142 17.25093578 0 P 0
L 46.93786142 18.01293578 47.44586142 18.26693578 0 P 0
L 46.93786142 18.15893498 47.44586142 17.90493498 0 P 0
L 46.93786142 18.66693498 47.44586142 18.92093498 0 P 0
L 47.011971 36.4830741 47.265971 36.9910741 0 P 0
L 47.011971 36.4830741 47.519971 36.7370741 0 P 0
L 47.011971 37.4990741 47.265971 36.9910741 0 P 0
L 47.011971 37.4990741 47.519971 37.2450741 0 P 0
L 47.03990338 18.80492302 47.54790338 18.55092302 0 P 0
L 47.03990338 19.31292302 47.54790338 19.56692302 0 P 0
L 47.05179566 37.56690226 47.30579566 38.07490226 0 P 0
L 47.05179566 37.56690226 47.55979566 37.82090226 0 P 0
L 47.05179566 38.58290226 47.30579566 38.07490226 0 P 0
L 47.05179566 38.58290226 47.55979566 38.32890226 0 P 0
L 47.10138154 15.80322722 47.35538154 15.29522722 0 P 0
L 47.10138154 15.80322722 47.35538154 16.31122722 0 P 0
L 47.119921 20.48679418 47.627921 20.23279418 0 P 0
L 47.119921 20.99479418 47.627921 21.24879418 0 P 0
L 47.1199718 36.9910741 47.3739718 36.4830741 0 P 0
L 47.1199718 36.9910741 47.3739718 37.4990741 0 P 0
L 47.12685266 18.8224922 47.38085266 19.3304922 0 P 0
L 47.12685266 18.8224922 47.63485266 19.0764922 0 P 0
L 47.12685266 19.8384922 47.38085266 19.3304922 0 P 0
L 47.12685266 19.8384922 47.63485266 19.5844922 0 P 0
L 47.14615158 62.80563004 47.40015158 63.31363004 0 P 0
L 47.14615158 62.80563004 47.65415158 63.05963004 0 P 0
L 47.14615158 63.82163004 47.40015158 63.31363004 0 P 0
L 47.14615158 63.82163004 47.65415158 63.56763004 0 P 0
L 47.15979646 38.07490226 47.41379646 37.56690226 0 P 0
L 47.15979646 38.07490226 47.41379646 38.58290226 0 P 0
L 47.19186142 16.45093738 47.44586142 15.94293738 0 P 0
L 47.19186142 16.45093738 47.44586142 16.95893738 0 P 0
L 47.19186142 17.10493658 47.44586142 16.59693658 0 P 0
L 47.19186142 17.10493658 47.44586142 17.61293658 0 P 0
L 47.19186142 17.75893578 47.44586142 17.25093578 0 P 0
L 47.19186142 17.75893578 47.44586142 18.26693578 0 P 0
L 47.19186142 18.41293498 47.44586142 17.90493498 0 P 0
L 47.19186142 18.41293498 47.44586142 18.92093498 0 P 0
L 47.24403302 55.8050446 47.49803302 56.3130446 0 P 0
L 47.24403302 55.8050446 47.75203302 56.0590446 0 P 0
L 47.24403302 56.8210446 47.49803302 56.3130446 0 P 0
L 47.24403302 56.8210446 47.75203302 56.5670446 0 P 0
L 47.26528774 20.26152158 47.51928774 20.76952158 0 P 0
L 47.26528774 20.26152158 47.77328774 20.51552158 0 P 0
L 47.26528774 21.27752158 47.51928774 20.76952158 0 P 0
L 47.26528774 21.27752158 47.77328774 21.02352158 0 P 0
L 47.29390338 19.05892302 47.54790338 18.55092302 0 P 0
L 47.29390338 19.05892302 47.54790338 19.56692302 0 P 0
L 47.29763718 60.22655468 47.55163718 60.73455468 0 P 0
L 47.29763718 60.22655468 47.80563718 60.48055468 0 P 0
L 47.29763718 61.24255468 47.55163718 60.73455468 0 P 0
L 47.29763718 61.24255468 47.80563718 60.98855468 0 P 0
L 47.29955996 61.94127058 47.80755996 61.68727058 0 P 0
L 47.29955996 62.44927058 47.80755996 62.70327058 0 P 0
L 47.30098744 60.47875382 47.80898744 60.22475382 0 P 0
L 47.30098744 60.98675382 47.80898744 61.24075382 0 P 0
L 47.30240476 59.02715652 47.81040476 58.77315652 0 P 0
L 47.30240476 59.53515652 47.81040476 59.78915652 0 P 0
L 47.30403036 57.36205952 47.81203036 57.10805952 0 P 0
L 47.30403036 57.87005952 47.81203036 58.12405952 0 P 0
L 47.30507684 56.2896893 47.81307684 56.0356893 0 P 0
L 47.30507684 56.7976893 47.81307684 57.0516893 0 P 0
L 47.30925006 58.7634334 47.56325006 59.2714334 0 P 0
L 47.30925006 58.7634334 47.81725006 59.0174334 0 P 0
L 47.30925006 59.7794334 47.56325006 59.2714334 0 P 0
L 47.30925006 59.7794334 47.81725006 59.5254334 0 P 0
L 47.3306267 56.92452928 47.5846267 57.43252928 0 P 0
L 47.3306267 56.92452928 47.8386267 57.17852928 0 P 0
L 47.3306267 57.94052928 47.5846267 57.43252928 0 P 0
L 47.3306267 57.94052928 47.8386267 57.68652928 0 P 0
L 47.373921 20.74079418 47.627921 20.23279418 0 P 0
L 47.373921 20.74079418 47.627921 21.24879418 0 P 0
L 47.519971 36.7370741 48.027971 36.4830741 0 P 0
L 47.519971 37.2450741 48.027971 37.4990741 0 P 0
L 47.5431739 61.78898996 47.7971739 62.29698996 0 P 0
L 47.5431739 61.78898996 48.0511739 62.04298996 0 P 0
L 47.5431739 62.80498996 47.7971739 62.29698996 0 P 0
L 47.5431739 62.80498996 48.0511739 62.55098996 0 P 0
L 47.55355996 62.19527058 47.80755996 61.68727058 0 P 0
L 47.55355996 62.19527058 47.80755996 62.70327058 0 P 0
L 47.55498744 60.73275382 47.80898744 60.22475382 0 P 0
L 47.55498744 60.73275382 47.80898744 61.24075382 0 P 0
L 47.55640476 59.28115652 47.81040476 58.77315652 0 P 0
L 47.55640476 59.28115652 47.81040476 59.78915652 0 P 0
L 47.55803036 57.61605952 47.81203036 57.10805952 0 P 0
L 47.55803036 57.61605952 47.81203036 58.12405952 0 P 0
L 47.55907684 56.5436893 47.81307684 56.0356893 0 P 0
L 47.55907684 56.5436893 47.81307684 57.0516893 0 P 0
L 47.55979566 37.82090226 48.06779566 37.56690226 0 P 0
L 47.55979566 38.32890226 48.06779566 38.58290226 0 P 0
L 47.63167766 18.4067196 47.88567766 18.9147196 0 P 0
L 47.63167766 18.4067196 48.13967766 18.6607196 0 P 0
L 47.63167766 19.4227196 47.88567766 18.9147196 0 P 0
L 47.63167766 19.4227196 48.13967766 19.1687196 0 P 0
L 47.63485266 19.0764922 48.14285266 18.8224922 0 P 0
L 47.63485266 19.5844922 48.14285266 19.8384922 0 P 0
L 47.65415158 63.05963004 48.16215158 62.80563004 0 P 0
L 47.65415158 63.56763004 48.16215158 63.82163004 0 P 0
L 47.66425824 11.2135412 47.91825824 11.7215412 0 P 0
L 47.66425824 11.2135412 48.17225824 11.4675412 0 P 0
L 47.66425824 11.8675404 47.91825824 12.3755404 0 P 0
L 47.66425824 11.8675404 48.17225824 12.1215404 0 P 0
L 47.66425824 12.2295412 47.91825824 11.7215412 0 P 0
L 47.66425824 12.2295412 48.17225824 11.9755412 0 P 0
L 47.66425824 12.5215396 47.91825824 13.0295396 0 P 0
L 47.66425824 12.5215396 48.17225824 12.7755396 0 P 0
L 47.66425824 12.8835404 47.91825824 12.3755404 0 P 0
L 47.66425824 12.8835404 48.17225824 12.6295404 0 P 0
L 47.66425824 13.1755388 47.91825824 13.6835388 0 P 0
L 47.66425824 13.1755388 48.17225824 13.4295388 0 P 0
L 47.66425824 13.5375396 47.91825824 13.0295396 0 P 0
L 47.66425824 13.5375396 48.17225824 13.2835396 0 P 0
L 47.66425824 13.829538 47.91825824 14.337538 0 P 0
L 47.66425824 13.829538 48.17225824 14.083538 0 P 0
L 47.66425824 14.1915388 47.91825824 13.6835388 0 P 0
L 47.66425824 14.1915388 48.17225824 13.9375388 0 P 0
L 47.66425824 14.4835372 47.91825824 14.9915372 0 P 0
L 47.66425824 14.4835372 48.17225824 14.7375372 0 P 0
L 47.66425824 14.845538 47.91825824 14.337538 0 P 0
L 47.66425824 14.845538 48.17225824 14.591538 0 P 0
L 47.66425824 15.1375364 47.91825824 15.6455364 0 P 0
L 47.66425824 15.1375364 48.17225824 15.3915364 0 P 0
L 47.66425824 15.4995372 47.91825824 14.9915372 0 P 0
L 47.66425824 15.4995372 48.17225824 15.2455372 0 P 0
L 47.66425824 15.7915356 47.91825824 16.2995356 0 P 0
L 47.66425824 15.7915356 48.17225824 16.0455356 0 P 0
L 47.66425824 16.1535364 47.91825824 15.6455364 0 P 0
L 47.66425824 16.1535364 48.17225824 15.8995364 0 P 0
L 47.66425824 16.4455348 47.91825824 16.9535348 0 P 0
L 47.66425824 16.4455348 48.17225824 16.6995348 0 P 0
L 47.66425824 16.8075356 47.91825824 16.2995356 0 P 0
L 47.66425824 16.8075356 48.17225824 16.5535356 0 P 0
L 47.66425824 17.099534 47.91825824 17.607534 0 P 0
L 47.66425824 17.099534 48.17225824 17.353534 0 P 0
L 47.66425824 17.4615348 47.91825824 16.9535348 0 P 0
L 47.66425824 17.4615348 48.17225824 17.2075348 0 P 0
L 47.66425824 17.7535332 47.91825824 18.2615332 0 P 0
L 47.66425824 17.7535332 48.17225824 18.0075332 0 P 0
L 47.66425824 18.115534 47.91825824 17.607534 0 P 0
L 47.66425824 18.115534 48.17225824 17.861534 0 P 0
L 47.66425824 18.7695332 47.91825824 18.2615332 0 P 0
L 47.66425824 18.7695332 48.17225824 18.5155332 0 P 0
L 47.6659702 36.4830741 47.9199702 36.9910741 0 P 0
L 47.6659702 36.4830741 48.1739702 36.7370741 0 P 0
L 47.6659702 37.4990741 47.9199702 36.9910741 0 P 0
L 47.6659702 37.4990741 48.1739702 37.2450741 0 P 0
L 47.69091808 10.56008556 47.94491808 11.06808556 0 P 0
L 47.69091808 10.56008556 48.19891808 10.81408556 0 P 0
L 47.69091808 11.57608556 47.94491808 11.06808556 0 P 0
L 47.69091808 11.57608556 48.19891808 11.32208556 0 P 0
L 47.70579486 37.56690226 47.95979486 38.07490226 0 P 0
L 47.70579486 37.56690226 48.21379486 37.82090226 0 P 0
L 47.70579486 38.58290226 47.95979486 38.07490226 0 P 0
L 47.70579486 38.58290226 48.21379486 38.32890226 0 P 0
L 47.71743568 55.74521236 47.97143568 56.25321236 0 P 0
L 47.71743568 55.74521236 48.22543568 55.99921236 0 P 0
L 47.71743568 56.76121236 47.97143568 56.25321236 0 P 0
L 47.71743568 56.76121236 48.22543568 56.50721236 0 P 0
L 47.74716638 62.94380604 48.00116638 63.45180604 0 P 0
L 47.74716638 62.94380604 48.25516638 63.19780604 0 P 0
L 47.74716638 63.95980604 48.00116638 63.45180604 0 P 0
L 47.74716638 63.95980604 48.25516638 63.70580604 0 P 0
L 47.75203302 56.0590446 48.26003302 55.8050446 0 P 0
L 47.75203302 56.5670446 48.26003302 56.8210446 0 P 0
L 47.77328774 20.51552158 48.28128774 20.26152158 0 P 0
L 47.77328774 21.02352158 48.28128774 21.27752158 0 P 0
L 47.773971 36.9910741 48.027971 36.4830741 0 P 0
L 47.773971 36.9910741 48.027971 37.4990741 0 P 0
L 47.79582008 60.22453538 48.04982008 60.73253538 0 P 0
L 47.79582008 60.22453538 48.30382008 60.47853538 0 P 0
L 47.79582008 61.24053538 48.04982008 60.73253538 0 P 0
L 47.79582008 61.24053538 48.30382008 60.98653538 0 P 0
L 47.80563718 60.48055468 48.31363718 60.22655468 0 P 0
L 47.80563718 60.98855468 48.31363718 61.24255468 0 P 0
L 47.81379566 38.07490226 48.06779566 37.56690226 0 P 0
L 47.81379566 38.07490226 48.06779566 38.58290226 0 P 0
L 47.81725006 59.0174334 48.32525006 58.7634334 0 P 0
L 47.81725006 59.5254334 48.32525006 59.7794334 0 P 0
L 47.8191703 58.77293554 48.0731703 59.28093554 0 P 0
L 47.8191703 58.77293554 48.3271703 59.02693554 0 P 0
L 47.8191703 59.78893554 48.0731703 59.28093554 0 P 0
L 47.8191703 59.78893554 48.3271703 59.53493554 0 P 0
L 47.8386267 57.17852928 48.3466267 56.92452928 0 P 0
L 47.8386267 57.68652928 48.3466267 57.94052928 0 P 0
L 47.87999568 9.93401366 48.13399568 10.44201366 0 P 0
L 47.87999568 9.93401366 48.38799568 10.18801366 0 P 0
L 47.87999568 10.95001366 48.13399568 10.44201366 0 P 0
L 47.87999568 10.95001366 48.38799568 10.69601366 0 P 0
L 47.88885266 19.3304922 48.14285266 18.8224922 0 P 0
L 47.88885266 19.3304922 48.14285266 19.8384922 0 P 0
L 47.8975166 20.09418892 48.1515166 20.60218892 0 P 0
L 47.8975166 20.09418892 48.4055166 20.34818892 0 P 0
L 47.8975166 21.11018892 48.1515166 20.60218892 0 P 0
L 47.8975166 21.11018892 48.4055166 20.85618892 0 P 0
L 47.90815158 63.31363004 48.16215158 62.80563004 0 P 0
L 47.90815158 63.31363004 48.16215158 63.82163004 0 P 0
L 47.9246819 56.82421452 48.1786819 57.33221452 0 P 0
L 47.9246819 56.82421452 48.4326819 57.07821452 0 P 0
L 47.9246819 57.84021452 48.1786819 57.33221452 0 P 0
L 47.9246819 57.84021452 48.4326819 57.58621452 0 P 0
L 47.97199956 89.0080008 48.47999956 87.9920008 0 P 0
L 47.97199956 89.0080008 48.98799956 89.0080008 0 P 0
L 47.97199956 91.5480008 48.47999956 90.5320008 0 P 0
L 47.97199956 91.5480008 48.98799956 91.5480008 0 P 0
L 48.00603302 56.3130446 48.26003302 55.8050446 0 P 0
L 48.00603302 56.3130446 48.26003302 56.8210446 0 P 0
L 48.02728774 20.76952158 48.28128774 20.26152158 0 P 0
L 48.02728774 20.76952158 48.28128774 21.27752158 0 P 0
L 48.0511739 62.04298996 48.5591739 61.78898996 0 P 0
L 48.0511739 62.55098996 48.5591739 62.80498996 0 P 0
L 48.05963718 60.73455468 48.31363718 60.22655468 0 P 0
L 48.05963718 60.73455468 48.31363718 61.24255468 0 P 0
L 48.07125006 59.2714334 48.32525006 58.7634334 0 P 0
L 48.07125006 59.2714334 48.32525006 59.7794334 0 P 0
L 48.0926267 57.43252928 48.3466267 56.92452928 0 P 0
L 48.0926267 57.43252928 48.3466267 57.94052928 0 P 0
L 48.13967766 18.6607196 48.64767766 18.4067196 0 P 0
L 48.13967766 19.1687196 48.64767766 19.4227196 0 P 0
L 48.17222014 61.77199228 48.42622014 62.27999228 0 P 0
L 48.17222014 61.77199228 48.68022014 62.02599228 0 P 0
L 48.17222014 62.78799228 48.42622014 62.27999228 0 P 0
L 48.17222014 62.78799228 48.68022014 62.53399228 0 P 0
L 48.17225824 11.4675412 48.68025824 11.2135412 0 P 0
L 48.17225824 11.9755412 48.68025824 12.2295412 0 P 0
L 48.17225824 12.1215404 48.68025824 11.8675404 0 P 0
L 48.17225824 12.6295404 48.68025824 12.8835404 0 P 0
L 48.17225824 12.7755396 48.68025824 12.5215396 0 P 0
L 48.17225824 13.2835396 48.68025824 13.5375396 0 P 0
L 48.17225824 13.4295388 48.68025824 13.1755388 0 P 0
L 48.17225824 13.9375388 48.68025824 14.1915388 0 P 0
L 48.17225824 14.083538 48.68025824 13.829538 0 P 0
L 48.17225824 14.591538 48.68025824 14.845538 0 P 0
L 48.17225824 14.7375372 48.68025824 14.4835372 0 P 0
L 48.17225824 15.2455372 48.68025824 15.4995372 0 P 0
L 48.17225824 15.3915364 48.68025824 15.1375364 0 P 0
L 48.17225824 15.8995364 48.68025824 16.1535364 0 P 0
L 48.17225824 16.0455356 48.68025824 15.7915356 0 P 0
L 48.17225824 16.5535356 48.68025824 16.8075356 0 P 0
L 48.17225824 16.6995348 48.68025824 16.4455348 0 P 0
L 48.17225824 17.2075348 48.68025824 17.4615348 0 P 0
L 48.17225824 17.353534 48.68025824 17.099534 0 P 0
L 48.17225824 17.861534 48.68025824 18.115534 0 P 0
L 48.17225824 18.0075332 48.68025824 17.7535332 0 P 0
L 48.17225824 18.5155332 48.68025824 18.7695332 0 P 0
L 48.1739702 36.7370741 48.6819702 36.4830741 0 P 0
L 48.1739702 37.2450741 48.6819702 37.4990741 0 P 0
L 48.19891808 10.81408556 48.70691808 10.56008556 0 P 0
L 48.19891808 11.32208556 48.70691808 11.57608556 0 P 0
L 48.21379486 37.82090226 48.72179486 37.56690226 0 P 0
L 48.21379486 38.32890226 48.72179486 38.58290226 0 P 0
L 48.22543568 55.99921236 48.73343568 55.74521236 0 P 0
L 48.22543568 56.50721236 48.73343568 56.76121236 0 P 0
L 48.2523546 9.39636678 48.5063546 9.90436678 0 P 0
L 48.2523546 9.39636678 48.7603546 9.65036678 0 P 0
L 48.2523546 10.41236678 48.5063546 9.90436678 0 P 0
L 48.2523546 10.41236678 48.7603546 10.15836678 0 P 0
L 48.25516638 63.19780604 48.76316638 62.94380604 0 P 0
L 48.25516638 63.70580604 48.76316638 63.95980604 0 P 0
L 48.30382008 60.47853538 48.81182008 60.22453538 0 P 0
L 48.30382008 60.98653538 48.81182008 61.24053538 0 P 0
L 48.3051739 62.29698996 48.5591739 61.78898996 0 P 0
L 48.3051739 62.29698996 48.5591739 62.80498996 0 P 0
L 48.3199694 36.4830741 48.5739694 36.9910741 0 P 0
L 48.3199694 36.4830741 48.8279694 36.7370741 0 P 0
L 48.3199694 37.4990741 48.5739694 36.9910741 0 P 0
L 48.3199694 37.4990741 48.8279694 37.2450741 0 P 0
L 48.3271703 59.02693554 48.8351703 58.77293554 0 P 0
L 48.3271703 59.53493554 48.8351703 59.78893554 0 P 0
L 48.35757918 62.92371972 48.61157918 63.43171972 0 P 0
L 48.35757918 62.92371972 48.86557918 63.17771972 0 P 0
L 48.35757918 63.93971972 48.61157918 63.43171972 0 P 0
L 48.35757918 63.93971972 48.86557918 63.68571972 0 P 0
L 48.35979406 37.56690226 48.61379406 38.07490226 0 P 0
L 48.35979406 37.56690226 48.86779406 37.82090226 0 P 0
L 48.35979406 38.58290226 48.61379406 38.07490226 0 P 0
L 48.35979406 38.58290226 48.86779406 38.32890226 0 P 0
L 48.36826496 55.6808767 48.62226496 56.1888767 0 P 0
L 48.36826496 55.6808767 48.87626496 55.9348767 0 P 0
L 48.36826496 56.6968767 48.62226496 56.1888767 0 P 0
L 48.36826496 56.6968767 48.87626496 56.4428767 0 P 0
L 48.38799568 10.18801366 48.89599568 9.93401366 0 P 0
L 48.38799568 10.69601366 48.89599568 10.95001366 0 P 0
L 48.39367766 18.9147196 48.64767766 18.4067196 0 P 0
L 48.39367766 18.9147196 48.64767766 19.4227196 0 P 0
L 48.4055166 20.34818892 48.9135166 20.09418892 0 P 0
L 48.4055166 20.85618892 48.9135166 21.11018892 0 P 0
L 48.42625824 11.7215412 48.68025824 11.2135412 0 P 0
L 48.42625824 11.7215412 48.68025824 12.2295412 0 P 0
L 48.42625824 12.3755404 48.68025824 11.8675404 0 P 0
L 48.42625824 12.3755404 48.68025824 12.8835404 0 P 0
L 48.42625824 13.0295396 48.68025824 12.5215396 0 P 0
L 48.42625824 13.0295396 48.68025824 13.5375396 0 P 0
L 48.42625824 13.6835388 48.68025824 13.1755388 0 P 0
L 48.42625824 13.6835388 48.68025824 14.1915388 0 P 0
L 48.42625824 14.337538 48.68025824 13.829538 0 P 0
L 48.42625824 14.337538 48.68025824 14.845538 0 P 0
L 48.42625824 14.9915372 48.68025824 14.4835372 0 P 0
L 48.42625824 14.9915372 48.68025824 15.4995372 0 P 0
L 48.42625824 15.6455364 48.68025824 15.1375364 0 P 0
L 48.42625824 15.6455364 48.68025824 16.1535364 0 P 0
L 48.42625824 16.2995356 48.68025824 15.7915356 0 P 0
L 48.42625824 16.2995356 48.68025824 16.8075356 0 P 0
L 48.42625824 16.9535348 48.68025824 16.4455348 0 P 0
L 48.42625824 16.9535348 48.68025824 17.4615348 0 P 0
L 48.42625824 17.607534 48.68025824 17.099534 0 P 0
L 48.42625824 17.607534 48.68025824 18.115534 0 P 0
L 48.42625824 18.2615332 48.68025824 17.7535332 0 P 0
L 48.42625824 18.2615332 48.68025824 18.7695332 0 P 0
L 48.4279702 36.9910741 48.6819702 36.4830741 0 P 0
L 48.4279702 36.9910741 48.6819702 37.4990741 0 P 0
L 48.4326819 57.07821452 48.9406819 56.82421452 0 P 0
L 48.4326819 57.58621452 48.9406819 57.84021452 0 P 0
L 48.44245582 19.73258436 48.69645582 20.24058436 0 P 0
L 48.44245582 19.73258436 48.95045582 19.98658436 0 P 0
L 48.44245582 20.74858436 48.69645582 20.24058436 0 P 0
L 48.44245582 20.74858436 48.95045582 20.49458436 0 P 0
L 48.44981928 60.22453538 48.70381928 60.73253538 0 P 0
L 48.44981928 60.22453538 48.95781928 60.47853538 0 P 0
L 48.44981928 61.24053538 48.70381928 60.73253538 0 P 0
L 48.44981928 61.24053538 48.95781928 60.98653538 0 P 0
L 48.45291808 11.06808556 48.70691808 10.56008556 0 P 0
L 48.45291808 11.06808556 48.70691808 11.57608556 0 P 0
L 48.46617942 56.75846662 48.72017942 57.26646662 0 P 0
L 48.46617942 56.75846662 48.97417942 57.01246662 0 P 0
L 48.46617942 57.77446662 48.72017942 57.26646662 0 P 0
L 48.46617942 57.77446662 48.97417942 57.52046662 0 P 0
L 48.46617942 58.77293554 48.72017942 59.28093554 0 P 0
L 48.46617942 58.77293554 48.97417942 59.02693554 0 P 0
L 48.46617942 59.78893554 48.72017942 59.28093554 0 P 0
L 48.46617942 59.78893554 48.97417942 59.53493554 0 P 0
L 48.46779486 38.07490226 48.72179486 37.56690226 0 P 0
L 48.46779486 38.07490226 48.72179486 38.58290226 0 P 0
L 48.47943568 56.25321236 48.73343568 55.74521236 0 P 0
L 48.47943568 56.25321236 48.73343568 56.76121236 0 P 0
L 48.47999956 87.9920008 48.98799956 89.0080008 0 P 0
L 48.47999956 90.5320008 48.98799956 91.5480008 0 P 0
L 48.50916638 63.45180604 48.76316638 62.94380604 0 P 0
L 48.50916638 63.45180604 48.76316638 63.95980604 0 P 0
L 48.55782008 60.73253538 48.81182008 60.22453538 0 P 0
L 48.55782008 60.73253538 48.81182008 61.24053538 0 P 0
L 48.5811703 59.28093554 48.8351703 58.77293554 0 P 0
L 48.5811703 59.28093554 48.8351703 59.78893554 0 P 0
L 48.64199568 10.44201366 48.89599568 9.93401366 0 P 0
L 48.64199568 10.44201366 48.89599568 10.95001366 0 P 0
L 48.6595166 20.60218892 48.9135166 20.09418892 0 P 0
L 48.6595166 20.60218892 48.9135166 21.11018892 0 P 0
L 48.68022014 62.02599228 49.18822014 61.77199228 0 P 0
L 48.68022014 62.53399228 49.18822014 62.78799228 0 P 0
L 48.6866819 57.33221452 48.9406819 56.82421452 0 P 0
L 48.6866819 57.33221452 48.9406819 57.84021452 0 P 0
L 48.7603546 9.65036678 49.2683546 9.39636678 0 P 0
L 48.7603546 10.15836678 49.2683546 10.41236678 0 P 0
L 48.7800777 9.01007342 49.0340777 9.51807342 0 P 0
L 48.7800777 9.01007342 49.2880777 9.26407342 0 P 0
L 48.7800777 10.02607342 49.0340777 9.51807342 0 P 0
L 48.7800777 10.02607342 49.2880777 9.77207342 0 P 0
L 48.8279694 36.7370741 49.3359694 36.4830741 0 P 0
L 48.8279694 37.2450741 49.3359694 37.4990741 0 P 0
L 48.84553604 19.21756634 49.09953604 19.72556634 0 P 0
L 48.84553604 19.21756634 49.35353604 19.47156634 0 P 0
L 48.84553604 20.23356634 49.09953604 19.72556634 0 P 0
L 48.84553604 20.23356634 49.35353604 19.97956634 0 P 0
L 48.86557918 63.17771972 49.37357918 62.92371972 0 P 0
L 48.86557918 63.68571972 49.37357918 63.93971972 0 P 0
L 48.86617862 53.9558992 49.12017862 54.4638992 0 P 0
L 48.86617862 53.9558992 49.37417862 54.2098992 0 P 0
L 48.86617862 54.9718992 49.12017862 54.4638992 0 P 0
L 48.86617862 54.9718992 49.37417862 54.7178992 0 P 0
L 48.86779406 37.82090226 49.37579406 37.56690226 0 P 0
L 48.86779406 38.32890226 49.37579406 38.58290226 0 P 0
L 48.87626496 55.9348767 49.38426496 55.6808767 0 P 0
L 48.87626496 56.4428767 49.38426496 56.6968767 0 P 0
L 48.93422014 62.27999228 49.18822014 61.77199228 0 P 0
L 48.93422014 62.27999228 49.18822014 62.78799228 0 P 0
L 48.95045582 19.98658436 49.45845582 19.73258436 0 P 0
L 48.95045582 20.49458436 49.45845582 20.74858436 0 P 0
L 48.95781928 60.47853538 49.46581928 60.22453538 0 P 0
L 48.95781928 60.98653538 49.46581928 61.24053538 0 P 0
L 48.9739686 36.4830741 49.2279686 36.9910741 0 P 0
L 48.9739686 36.4830741 49.4819686 36.7370741 0 P 0
L 48.9739686 37.4990741 49.2279686 36.9910741 0 P 0
L 48.9739686 37.4990741 49.4819686 37.2450741 0 P 0
L 48.97417942 57.01246662 49.48217942 56.75846662 0 P 0
L 48.97417942 57.52046662 49.48217942 57.77446662 0 P 0
L 48.97417942 59.02693554 49.48217942 58.77293554 0 P 0
L 48.97417942 59.53493554 49.48217942 59.78893554 0 P 0
L 49.01379326 37.56690226 49.26779326 38.07490226 0 P 0
L 49.01379326 37.56690226 49.52179326 37.82090226 0 P 0
L 49.01379326 38.58290226 49.26779326 38.07490226 0 P 0
L 49.01379326 38.58290226 49.52179326 38.32890226 0 P 0
L 49.0143546 9.90436678 49.2683546 9.39636678 0 P 0
L 49.0143546 9.90436678 49.2683546 10.41236678 0 P 0
L 49.07289144 18.60435954 49.32689144 19.11235954 0 P 0
L 49.07289144 18.60435954 49.58089144 18.85835954 0 P 0
L 49.07289144 19.62035954 49.32689144 19.11235954 0 P 0
L 49.07289144 19.62035954 49.58089144 19.36635954 0 P 0
L 49.0819694 36.9910741 49.3359694 36.4830741 0 P 0
L 49.0819694 36.9910741 49.3359694 37.4990741 0 P 0
L 49.11585808 11.41178058 49.36985808 11.91978058 0 P 0
L 49.11585808 11.41178058 49.62385808 11.66578058 0 P 0
L 49.11585808 12.06577978 49.36985808 12.57377978 0 P 0
L 49.11585808 12.06577978 49.62385808 12.31977978 0 P 0
L 49.11585808 12.42778058 49.36985808 11.91978058 0 P 0
L 49.11585808 12.42778058 49.62385808 12.17378058 0 P 0
L 49.11585808 12.71977898 49.36985808 13.22777898 0 P 0
L 49.11585808 12.71977898 49.62385808 12.97377898 0 P 0
L 49.11585808 13.08177978 49.36985808 12.57377978 0 P 0
L 49.11585808 13.08177978 49.62385808 12.82777978 0 P 0
L 49.11585808 13.37377818 49.36985808 13.88177818 0 P 0
L 49.11585808 13.37377818 49.62385808 13.62777818 0 P 0
L 49.11585808 13.73577898 49.36985808 13.22777898 0 P 0
L 49.11585808 13.73577898 49.62385808 13.48177898 0 P 0
L 49.11585808 14.02777738 49.36985808 14.53577738 0 P 0
L 49.11585808 14.02777738 49.62385808 14.28177738 0 P 0
L 49.11585808 14.38977818 49.36985808 13.88177818 0 P 0
L 49.11585808 14.38977818 49.62385808 14.13577818 0 P 0
L 49.11585808 14.68177658 49.36985808 15.18977658 0 P 0
L 49.11585808 14.68177658 49.62385808 14.93577658 0 P 0
L 49.11585808 15.04377738 49.36985808 14.53577738 0 P 0
L 49.11585808 15.04377738 49.62385808 14.78977738 0 P 0
L 49.11585808 15.33577578 49.36985808 15.84377578 0 P 0
L 49.11585808 15.33577578 49.62385808 15.58977578 0 P 0
L 49.11585808 15.69777658 49.36985808 15.18977658 0 P 0
L 49.11585808 15.69777658 49.62385808 15.44377658 0 P 0
L 49.11585808 15.98977498 49.36985808 16.49777498 0 P 0
L 49.11585808 15.98977498 49.62385808 16.24377498 0 P 0
L 49.11585808 16.35177578 49.36985808 15.84377578 0 P 0
L 49.11585808 16.35177578 49.62385808 16.09777578 0 P 0
L 49.11585808 16.64377418 49.36985808 17.15177418 0 P 0
L 49.11585808 16.64377418 49.62385808 16.89777418 0 P 0
L 49.11585808 17.00577498 49.36985808 16.49777498 0 P 0
L 49.11585808 17.00577498 49.62385808 16.75177498 0 P 0
L 49.11585808 17.29777338 49.36985808 17.80577338 0 P 0
L 49.11585808 17.29777338 49.62385808 17.55177338 0 P 0
L 49.11585808 17.65977418 49.36985808 17.15177418 0 P 0
L 49.11585808 17.65977418 49.62385808 17.40577418 0 P 0
L 49.11585808 17.95177258 49.36985808 18.45977258 0 P 0
L 49.11585808 17.95177258 49.62385808 18.20577258 0 P 0
L 49.11585808 18.31377338 49.36985808 17.80577338 0 P 0
L 49.11585808 18.31377338 49.62385808 18.05977338 0 P 0
L 49.11585808 18.96777258 49.36985808 18.45977258 0 P 0
L 49.11585808 18.96777258 49.62385808 18.71377258 0 P 0
L 49.11957918 63.43171972 49.37357918 62.92371972 0 P 0
L 49.11957918 63.43171972 49.37357918 63.93971972 0 P 0
L 49.12179406 38.07490226 49.37579406 37.56690226 0 P 0
L 49.12179406 38.07490226 49.37579406 38.58290226 0 P 0
L 49.12404196 10.75783218 49.37804196 11.26583218 0 P 0
L 49.12404196 10.75783218 49.63204196 11.01183218 0 P 0
L 49.12404196 11.77383218 49.37804196 11.26583218 0 P 0
L 49.12404196 11.77383218 49.63204196 11.51983218 0 P 0
L 49.13026496 56.1888767 49.38426496 55.6808767 0 P 0
L 49.13026496 56.1888767 49.38426496 56.6968767 0 P 0
L 49.20445582 20.24058436 49.45845582 19.73258436 0 P 0
L 49.20445582 20.24058436 49.45845582 20.74858436 0 P 0
L 49.21181928 60.73253538 49.46581928 60.22453538 0 P 0
L 49.21181928 60.73253538 49.46581928 61.24053538 0 P 0
L 49.22817942 57.26646662 49.48217942 56.75846662 0 P 0
L 49.22817942 57.26646662 49.48217942 57.77446662 0 P 0
L 49.22817942 59.28093554 49.48217942 58.77293554 0 P 0
L 49.22817942 59.28093554 49.48217942 59.78893554 0 P 0
L 49.2880777 9.26407342 49.7960777 9.01007342 0 P 0
L 49.2880777 9.77207342 49.7960777 10.02607342 0 P 0
L 49.33012486 55.66609644 49.58412486 56.17409644 0 P 0
L 49.33012486 55.66609644 49.83812486 55.92009644 0 P 0
L 49.33012486 56.68209644 49.58412486 56.17409644 0 P 0
L 49.33012486 56.68209644 49.83812486 56.42809644 0 P 0
L 49.33012486 56.7499246 49.58412486 57.2579246 0 P 0
L 49.33012486 56.7499246 49.83812486 57.0039246 0 P 0
L 49.33012486 57.7659246 49.58412486 57.2579246 0 P 0
L 49.33012486 57.7659246 49.83812486 57.5119246 0 P 0
L 49.33012486 58.77293554 49.58412486 59.28093554 0 P 0
L 49.33012486 58.77293554 49.83812486 59.02693554 0 P 0
L 49.33012486 59.78893554 49.58412486 59.28093554 0 P 0
L 49.33012486 59.78893554 49.83812486 59.53493554 0 P 0
L 49.33012486 60.22453538 49.58412486 60.73253538 0 P 0
L 49.33012486 60.22453538 49.83812486 60.47853538 0 P 0
L 49.33012486 61.24053538 49.58412486 60.73253538 0 P 0
L 49.33012486 61.24053538 49.83812486 60.98653538 0 P 0
L 49.33012486 62.8886474 49.58412486 63.3966474 0 P 0
L 49.33012486 62.8886474 49.83812486 63.1426474 0 P 0
L 49.33012486 63.9046474 49.58412486 63.3966474 0 P 0
L 49.33012486 63.9046474 49.83812486 63.6506474 0 P 0
L 49.34281216 61.80481924 49.59681216 62.31281924 0 P 0
L 49.34281216 61.80481924 49.85081216 62.05881924 0 P 0
L 49.34281216 62.82081924 49.59681216 62.31281924 0 P 0
L 49.34281216 62.82081924 49.85081216 62.56681924 0 P 0
L 49.35353604 19.47156634 49.86153604 19.21756634 0 P 0
L 49.35353604 19.97956634 49.86153604 20.23356634 0 P 0
L 49.37417862 54.2098992 49.88217862 53.9558992 0 P 0
L 49.37417862 54.7178992 49.88217862 54.9718992 0 P 0
L 49.39919254 8.79933216 49.65319254 9.30733216 0 P 0
L 49.39919254 8.79933216 49.90719254 9.05333216 0 P 0
L 49.39919254 9.81533216 49.65319254 9.30733216 0 P 0
L 49.39919254 9.81533216 49.90719254 9.56133216 0 P 0
L 49.4819686 36.7370741 49.9899686 36.4830741 0 P 0
L 49.4819686 37.2450741 49.9899686 37.4990741 0 P 0
L 49.52179326 37.82090226 50.02979326 37.56690226 0 P 0
L 49.52179326 38.32890226 50.02979326 38.58290226 0 P 0
L 49.53836676 10.251821 49.79236676 10.759821 0 P 0
L 49.53836676 10.251821 50.04636676 10.505821 0 P 0
L 49.53836676 11.267821 49.79236676 10.759821 0 P 0
L 49.53836676 11.267821 50.04636676 11.013821 0 P 0
L 49.5420777 9.51807342 49.7960777 9.01007342 0 P 0
L 49.5420777 9.51807342 49.7960777 10.02607342 0 P 0
L 49.58089144 18.85835954 50.08889144 18.60435954 0 P 0
L 49.58089144 19.36635954 50.08889144 19.62035954 0 P 0
L 49.60753604 19.72556634 49.86153604 19.21756634 0 P 0
L 49.60753604 19.72556634 49.86153604 20.23356634 0 P 0
L 49.62385808 11.66578058 50.13185808 11.41178058 0 P 0
L 49.62385808 12.17378058 50.13185808 12.42778058 0 P 0
L 49.62385808 12.31977978 50.13185808 12.06577978 0 P 0
L 49.62385808 12.82777978 50.13185808 13.08177978 0 P 0
L 49.62385808 12.97377898 50.13185808 12.71977898 0 P 0
L 49.62385808 13.48177898 50.13185808 13.73577898 0 P 0
L 49.62385808 13.62777818 50.13185808 13.37377818 0 P 0
L 49.62385808 14.13577818 50.13185808 14.38977818 0 P 0
L 49.62385808 14.28177738 50.13185808 14.02777738 0 P 0
L 49.62385808 14.78977738 50.13185808 15.04377738 0 P 0
L 49.62385808 14.93577658 50.13185808 14.68177658 0 P 0
L 49.62385808 15.44377658 50.13185808 15.69777658 0 P 0
L 49.62385808 15.58977578 50.13185808 15.33577578 0 P 0
L 49.62385808 16.09777578 50.13185808 16.35177578 0 P 0
L 49.62385808 16.24377498 50.13185808 15.98977498 0 P 0
L 49.62385808 16.75177498 50.13185808 17.00577498 0 P 0
L 49.62385808 16.89777418 50.13185808 16.64377418 0 P 0
L 49.62385808 17.40577418 50.13185808 17.65977418 0 P 0
L 49.62385808 17.55177338 50.13185808 17.29777338 0 P 0
L 49.62385808 18.05977338 50.13185808 18.31377338 0 P 0
L 49.62385808 18.20577258 50.13185808 17.95177258 0 P 0
L 49.62385808 18.71377258 50.13185808 18.96777258 0 P 0
L 49.62790176 36.49230192 49.88190176 37.00030192 0 P 0
L 49.62790176 36.49230192 50.13590176 36.74630192 0 P 0
L 49.62790176 37.50830192 49.88190176 37.00030192 0 P 0
L 49.62790176 37.50830192 50.13590176 37.25430192 0 P 0
L 49.62817862 54.4638992 49.88217862 53.9558992 0 P 0
L 49.62817862 54.4638992 49.88217862 54.9718992 0 P 0
L 49.63204196 11.01183218 50.14004196 10.75783218 0 P 0
L 49.63204196 11.51983218 50.14004196 11.77383218 0 P 0
L 49.66653008 37.60753718 49.92053008 38.11553718 0 P 0
L 49.66653008 37.60753718 50.17453008 37.86153718 0 P 0
L 49.66653008 38.62353718 49.92053008 38.11553718 0 P 0
L 49.66653008 38.62353718 50.17453008 38.36953718 0 P 0
L 49.7359686 36.9910741 49.9899686 36.4830741 0 P 0
L 49.7359686 36.9910741 49.9899686 37.4990741 0 P 0
L 49.77579326 38.07490226 50.02979326 37.56690226 0 P 0
L 49.77579326 38.07490226 50.02979326 38.58290226 0 P 0
L 49.78991566 62.90023996 50.04391566 63.40823996 0 P 0
L 49.78991566 62.90023996 50.29791566 63.15423996 0 P 0
L 49.78991566 63.91623996 50.04391566 63.40823996 0 P 0
L 49.78991566 63.91623996 50.29791566 63.66223996 0 P 0
L 49.8072283 55.64650288 50.0612283 56.15450288 0 P 0
L 49.8072283 55.64650288 50.3152283 55.90050288 0 P 0
L 49.8072283 56.66250288 50.0612283 56.15450288 0 P 0
L 49.8072283 56.66250288 50.3152283 56.40850288 0 P 0
L 49.8072283 60.22508148 50.0612283 60.73308148 0 P 0
L 49.8072283 60.22508148 50.3152283 60.47908148 0 P 0
L 49.8072283 61.24108148 50.0612283 60.73308148 0 P 0
L 49.8072283 61.24108148 50.3152283 60.98708148 0 P 0
L 49.83489144 19.11235954 50.08889144 18.60435954 0 P 0
L 49.83489144 19.11235954 50.08889144 19.62035954 0 P 0
L 49.83812486 55.92009644 50.34612486 55.66609644 0 P 0
L 49.83812486 56.42809644 50.34612486 56.68209644 0 P 0
L 49.83812486 57.0039246 50.34612486 56.7499246 0 P 0
L 49.83812486 57.5119246 50.34612486 57.7659246 0 P 0
L 49.83812486 59.02693554 50.34612486 58.77293554 0 P 0
L 49.83812486 59.53493554 50.34612486 59.78893554 0 P 0
L 49.83812486 60.47853538 50.34612486 60.22453538 0 P 0
L 49.83812486 60.98653538 50.34612486 61.24053538 0 P 0
L 49.83812486 63.1426474 50.34612486 62.8886474 0 P 0
L 49.83812486 63.6506474 50.34612486 63.9046474 0 P 0
L 49.85081216 62.05881924 50.35881216 61.80481924 0 P 0
L 49.85081216 62.56681924 50.35881216 62.82081924 0 P 0
L 49.87785808 11.91978058 50.13185808 11.41178058 0 P 0
L 49.87785808 11.91978058 50.13185808 12.42778058 0 P 0
L 49.87785808 12.57377978 50.13185808 12.06577978 0 P 0
L 49.87785808 12.57377978 50.13185808 13.08177978 0 P 0
L 49.87785808 13.22777898 50.13185808 12.71977898 0 P 0
L 49.87785808 13.22777898 50.13185808 13.73577898 0 P 0
L 49.87785808 13.88177818 50.13185808 13.37377818 0 P 0
L 49.87785808 13.88177818 50.13185808 14.38977818 0 P 0
L 49.87785808 14.53577738 50.13185808 14.02777738 0 P 0
L 49.87785808 14.53577738 50.13185808 15.04377738 0 P 0
L 49.87785808 15.18977658 50.13185808 14.68177658 0 P 0
L 49.87785808 15.18977658 50.13185808 15.69777658 0 P 0
L 49.87785808 15.84377578 50.13185808 15.33577578 0 P 0
L 49.87785808 15.84377578 50.13185808 16.35177578 0 P 0
L 49.87785808 16.49777498 50.13185808 15.98977498 0 P 0
L 49.87785808 16.49777498 50.13185808 17.00577498 0 P 0
L 49.87785808 17.15177418 50.13185808 16.64377418 0 P 0
L 49.87785808 17.15177418 50.13185808 17.65977418 0 P 0
L 49.87785808 17.80577338 50.13185808 17.29777338 0 P 0
L 49.87785808 17.80577338 50.13185808 18.31377338 0 P 0
L 49.87785808 18.45977258 50.13185808 17.95177258 0 P 0
L 49.87785808 18.45977258 50.13185808 18.96777258 0 P 0
L 49.88604196 11.26583218 50.14004196 10.75783218 0 P 0
L 49.88604196 11.26583218 50.14004196 11.77383218 0 P 0
L 49.90098478 58.78744148 50.15498478 59.29544148 0 P 0
L 49.90098478 58.78744148 50.40898478 59.04144148 0 P 0
L 49.90098478 59.80344148 50.15498478 59.29544148 0 P 0
L 49.90098478 59.80344148 50.40898478 59.54944148 0 P 0
L 49.90719254 9.05333216 50.41519254 8.79933216 0 P 0
L 49.90719254 9.56133216 50.41519254 9.81533216 0 P 0
L 49.93418258 56.7499246 50.18818258 57.2579246 0 P 0
L 49.93418258 56.7499246 50.44218258 57.0039246 0 P 0
L 49.93418258 57.7659246 50.18818258 57.2579246 0 P 0
L 49.93418258 57.7659246 50.44218258 57.5119246 0 P 0
L 49.99681136 61.80481924 50.25081136 62.31281924 0 P 0
L 49.99681136 61.80481924 50.50481136 62.05881924 0 P 0
L 49.99681136 62.82081924 50.25081136 62.31281924 0 P 0
L 49.99681136 62.82081924 50.50481136 62.56681924 0 P 0
L 50.04636676 10.505821 50.55436676 10.251821 0 P 0
L 50.04636676 11.013821 50.55436676 11.267821 0 P 0
L 50.0531892 8.79798088 50.3071892 9.30598088 0 P 0
L 50.0531892 8.79798088 50.5611892 9.05198088 0 P 0
L 50.0531892 9.81398088 50.3071892 9.30598088 0 P 0
L 50.0531892 9.81398088 50.5611892 9.55998088 0 P 0
L 50.07886352 38.11517396 50.33286352 38.62317396 0 P 0
L 50.07886352 38.11517396 50.58686352 38.36917396 0 P 0
L 50.07886352 39.13117396 50.33286352 38.62317396 0 P 0
L 50.07886352 39.13117396 50.58686352 38.87717396 0 P 0
L 50.09212486 56.17409644 50.34612486 55.66609644 0 P 0
L 50.09212486 56.17409644 50.34612486 56.68209644 0 P 0
L 50.09212486 57.2579246 50.34612486 56.7499246 0 P 0
L 50.09212486 57.2579246 50.34612486 57.7659246 0 P 0
L 50.09212486 59.28093554 50.34612486 58.77293554 0 P 0
L 50.09212486 59.28093554 50.34612486 59.78893554 0 P 0
L 50.09212486 60.73253538 50.34612486 60.22453538 0 P 0
L 50.09212486 60.73253538 50.34612486 61.24053538 0 P 0
L 50.09212486 63.3966474 50.34612486 62.8886474 0 P 0
L 50.09212486 63.3966474 50.34612486 63.9046474 0 P 0
L 50.09309768 38.76901822 50.34709768 39.27701822 0 P 0
L 50.09309768 38.76901822 50.60109768 39.02301822 0 P 0
L 50.09309768 39.42301742 50.34709768 39.93101742 0 P 0
L 50.09309768 39.42301742 50.60109768 39.67701742 0 P 0
L 50.09309768 39.78501822 50.34709768 39.27701822 0 P 0
L 50.09309768 39.78501822 50.60109768 39.53101822 0 P 0
L 50.09309768 40.07701662 50.34709768 40.58501662 0 P 0
L 50.09309768 40.07701662 50.60109768 40.33101662 0 P 0
L 50.09309768 40.43901742 50.34709768 39.93101742 0 P 0
L 50.09309768 40.43901742 50.60109768 40.18501742 0 P 0
L 50.09309768 40.73101582 50.34709768 41.23901582 0 P 0
L 50.09309768 40.73101582 50.60109768 40.98501582 0 P 0
L 50.09309768 41.09301662 50.34709768 40.58501662 0 P 0
L 50.09309768 41.09301662 50.60109768 40.83901662 0 P 0
L 50.09309768 41.74701582 50.34709768 41.23901582 0 P 0
L 50.09309768 41.74701582 50.60109768 41.49301582 0 P 0
L 50.10481216 62.31281924 50.35881216 61.80481924 0 P 0
L 50.10481216 62.31281924 50.35881216 62.82081924 0 P 0
L 50.13590176 36.74630192 50.64390176 36.49230192 0 P 0
L 50.13590176 37.25430192 50.64390176 37.50830192 0 P 0
L 50.15904116 41.38168254 50.41304116 41.88968254 0 P 0
L 50.15904116 41.38168254 50.66704116 41.63568254 0 P 0
L 50.15904116 42.39768254 50.41304116 41.88968254 0 P 0
L 50.15904116 42.39768254 50.66704116 42.14368254 0 P 0
L 50.16119254 9.30733216 50.41519254 8.79933216 0 P 0
L 50.16119254 9.30733216 50.41519254 9.81533216 0 P 0
L 50.17453008 37.86153718 50.68253008 37.60753718 0 P 0
L 50.17453008 38.36953718 50.68253008 38.62353718 0 P 0
L 50.17471042 10.40275288 50.42871042 10.91075288 0 P 0
L 50.17471042 10.40275288 50.68271042 10.65675288 0 P 0
L 50.17471042 11.41875288 50.42871042 10.91075288 0 P 0
L 50.17471042 11.41875288 50.68271042 11.16475288 0 P 0
L 50.25677782 36.67183166 50.51077782 37.17983166 0 P 0
L 50.25677782 36.67183166 50.76477782 36.92583166 0 P 0
L 50.25677782 37.68783166 50.51077782 37.17983166 0 P 0
L 50.25677782 37.68783166 50.76477782 37.43383166 0 P 0
L 50.29791566 63.15423996 50.80591566 62.90023996 0 P 0
L 50.29791566 63.66223996 50.80591566 63.91623996 0 P 0
L 50.30036676 10.759821 50.55436676 10.251821 0 P 0
L 50.30036676 10.759821 50.55436676 11.267821 0 P 0
L 50.30650086 62.90023996 50.56050086 63.40823996 0 P 0
L 50.30650086 62.90023996 50.81450086 63.15423996 0 P 0
L 50.30650086 63.91623996 50.56050086 63.40823996 0 P 0
L 50.30650086 63.91623996 50.81450086 63.66223996 0 P 0
L 50.3152283 55.90050288 50.8232283 55.64650288 0 P 0
L 50.3152283 56.40850288 50.8232283 56.66250288 0 P 0
L 50.3152283 60.47908148 50.8232283 60.22508148 0 P 0
L 50.3152283 60.98708148 50.8232283 61.24108148 0 P 0
L 50.33009492 55.66609644 50.58409492 56.17409644 0 P 0
L 50.33009492 55.66609644 50.83809492 55.92009644 0 P 0
L 50.33009492 56.68209644 50.58409492 56.17409644 0 P 0
L 50.33009492 56.68209644 50.83809492 56.42809644 0 P 0
L 50.3502549 11.03275162 50.6042549 11.54075162 0 P 0
L 50.3502549 11.03275162 50.8582549 11.28675162 0 P 0
L 50.3502549 11.68675082 50.6042549 12.19475082 0 P 0
L 50.3502549 11.68675082 50.8582549 11.94075082 0 P 0
L 50.3502549 12.04875162 50.6042549 11.54075162 0 P 0
L 50.3502549 12.04875162 50.8582549 11.79475162 0 P 0
L 50.3502549 12.34075002 50.6042549 12.84875002 0 P 0
L 50.3502549 12.34075002 50.8582549 12.59475002 0 P 0
L 50.3502549 12.70275082 50.6042549 12.19475082 0 P 0
L 50.3502549 12.70275082 50.8582549 12.44875082 0 P 0
L 50.3502549 12.99474922 50.6042549 13.50274922 0 P 0
L 50.3502549 12.99474922 50.8582549 13.24874922 0 P 0
L 50.3502549 13.35675002 50.6042549 12.84875002 0 P 0
L 50.3502549 13.35675002 50.8582549 13.10275002 0 P 0
L 50.3502549 13.64874842 50.6042549 14.15674842 0 P 0
L 50.3502549 13.64874842 50.8582549 13.90274842 0 P 0
L 50.3502549 14.01074922 50.6042549 13.50274922 0 P 0
L 50.3502549 14.01074922 50.8582549 13.75674922 0 P 0
L 50.3502549 14.30274762 50.6042549 14.81074762 0 P 0
L 50.3502549 14.30274762 50.8582549 14.55674762 0 P 0
L 50.3502549 14.66474842 50.6042549 14.15674842 0 P 0
L 50.3502549 14.66474842 50.8582549 14.41074842 0 P 0
L 50.3502549 14.95674682 50.6042549 15.46474682 0 P 0
L 50.3502549 14.95674682 50.8582549 15.21074682 0 P 0
L 50.3502549 15.31874762 50.6042549 14.81074762 0 P 0
L 50.3502549 15.31874762 50.8582549 15.06474762 0 P 0
L 50.3502549 15.61074602 50.6042549 16.11874602 0 P 0
L 50.3502549 15.61074602 50.8582549 15.86474602 0 P 0
L 50.3502549 15.97274682 50.6042549 15.46474682 0 P 0
L 50.3502549 15.97274682 50.8582549 15.71874682 0 P 0
L 50.3502549 16.26474522 50.6042549 16.77274522 0 P 0
L 50.3502549 16.26474522 50.8582549 16.51874522 0 P 0
L 50.3502549 16.62674602 50.6042549 16.11874602 0 P 0
L 50.3502549 16.62674602 50.8582549 16.37274602 0 P 0
L 50.3502549 16.91874442 50.6042549 17.42674442 0 P 0
L 50.3502549 16.91874442 50.8582549 17.17274442 0 P 0
L 50.3502549 17.28074522 50.6042549 16.77274522 0 P 0
L 50.3502549 17.28074522 50.8582549 17.02674522 0 P 0
L 50.3502549 17.57274362 50.6042549 18.08074362 0 P 0
L 50.3502549 17.57274362 50.8582549 17.82674362 0 P 0
L 50.3502549 17.93474442 50.6042549 17.42674442 0 P 0
L 50.3502549 17.93474442 50.8582549 17.68074442 0 P 0
L 50.3502549 18.58874362 50.6042549 18.08074362 0 P 0
L 50.3502549 18.58874362 50.8582549 18.33474362 0 P 0
L 50.35284062 18.22673774 50.60684062 18.73473774 0 P 0
L 50.35284062 18.22673774 50.86084062 18.48073774 0 P 0
L 50.35284062 19.24273774 50.60684062 18.73473774 0 P 0
L 50.35284062 19.24273774 50.86084062 18.98873774 0 P 0
L 50.38990176 37.00030192 50.64390176 36.49230192 0 P 0
L 50.38990176 37.00030192 50.64390176 37.50830192 0 P 0
L 50.40898478 59.04144148 50.91698478 58.78744148 0 P 0
L 50.40898478 59.54944148 50.91698478 59.80344148 0 P 0
L 50.41181688 60.22453538 50.66581688 60.73253538 0 P 0
L 50.41181688 60.22453538 50.91981688 60.47853538 0 P 0
L 50.41181688 61.24053538 50.66581688 60.73253538 0 P 0
L 50.41181688 61.24053538 50.91981688 60.98653538 0 P 0
L 50.42853008 38.11553718 50.68253008 37.60753718 0 P 0
L 50.42853008 38.11553718 50.68253008 38.62353718 0 P 0
L 50.4351671 58.77293554 50.6891671 59.28093554 0 P 0
L 50.4351671 58.77293554 50.9431671 59.02693554 0 P 0
L 50.4351671 59.78893554 50.6891671 59.28093554 0 P 0
L 50.4351671 59.78893554 50.9431671 59.53493554 0 P 0
L 50.44218258 57.0039246 50.95018258 56.7499246 0 P 0
L 50.44218258 57.5119246 50.95018258 57.7659246 0 P 0
L 50.46638878 18.87080554 50.72038878 19.37880554 0 P 0
L 50.46638878 18.87080554 50.97438878 19.12480554 0 P 0
L 50.46638878 19.88680554 50.72038878 19.37880554 0 P 0
L 50.46638878 19.88680554 50.97438878 19.63280554 0 P 0
L 50.46990922 41.95707382 50.72390922 42.46507382 0 P 0
L 50.46990922 41.95707382 50.97790922 42.21107382 0 P 0
L 50.46990922 42.97307382 50.72390922 42.46507382 0 P 0
L 50.46990922 42.97307382 50.97790922 42.71907382 0 P 0
L 50.50481136 62.05881924 51.01281136 61.80481924 0 P 0
L 50.50481136 62.56681924 51.01281136 62.82081924 0 P 0
L 50.55191566 63.40823996 50.80591566 62.90023996 0 P 0
L 50.55191566 63.40823996 50.80591566 63.91623996 0 P 0
L 50.5611892 9.05198088 51.0691892 8.79798088 0 P 0
L 50.5611892 9.55998088 51.0691892 9.81398088 0 P 0
L 50.5692283 56.15450288 50.8232283 55.64650288 0 P 0
L 50.5692283 56.15450288 50.8232283 56.66250288 0 P 0
L 50.5692283 60.73308148 50.8232283 60.22508148 0 P 0
L 50.5692283 60.73308148 50.8232283 61.24108148 0 P 0
L 50.58686352 38.36917396 51.09486352 38.11517396 0 P 0
L 50.58686352 38.87717396 51.09486352 39.13117396 0 P 0
L 50.58818178 56.7499246 50.84218178 57.2579246 0 P 0
L 50.58818178 56.7499246 51.09618178 57.0039246 0 P 0
L 50.58818178 57.7659246 50.84218178 57.2579246 0 P 0
L 50.58818178 57.7659246 51.09618178 57.5119246 0 P 0
L 50.60109768 39.02301822 51.10909768 38.76901822 0 P 0
L 50.60109768 39.53101822 51.10909768 39.78501822 0 P 0
L 50.60109768 39.67701742 51.10909768 39.42301742 0 P 0
L 50.60109768 40.18501742 51.10909768 40.43901742 0 P 0
L 50.60109768 40.33101662 51.10909768 40.07701662 0 P 0
L 50.60109768 40.83901662 51.10909768 41.09301662 0 P 0
L 50.60109768 40.98501582 51.10909768 40.73101582 0 P 0
L 50.60109768 41.49301582 51.10909768 41.74701582 0 P 0
L 50.65081056 61.80481924 50.90481056 62.31281924 0 P 0
L 50.65081056 61.80481924 51.15881056 62.05881924 0 P 0
L 50.65081056 62.82081924 50.90481056 62.31281924 0 P 0
L 50.65081056 62.82081924 51.15881056 62.56681924 0 P 0
L 50.66298478 59.29544148 50.91698478 58.78744148 0 P 0
L 50.66298478 59.29544148 50.91698478 59.80344148 0 P 0
L 50.66704116 41.63568254 51.17504116 41.38168254 0 P 0
L 50.66704116 42.14368254 51.17504116 42.39768254 0 P 0
L 50.67400838 9.00364722 50.92800838 9.51164722 0 P 0
L 50.67400838 9.00364722 51.18200838 9.25764722 0 P 0
L 50.67400838 10.01964722 50.92800838 9.51164722 0 P 0
L 50.67400838 10.01964722 51.18200838 9.76564722 0 P 0
L 50.68271042 10.65675288 51.19071042 10.40275288 0 P 0
L 50.68271042 11.16475288 51.19071042 11.41875288 0 P 0
L 50.69618258 57.2579246 50.95018258 56.7499246 0 P 0
L 50.69618258 57.2579246 50.95018258 57.7659246 0 P 0
L 50.75881136 62.31281924 51.01281136 61.80481924 0 P 0
L 50.75881136 62.31281924 51.01281136 62.82081924 0 P 0
L 50.76477782 36.92583166 51.27277782 36.67183166 0 P 0
L 50.76477782 37.43383166 51.27277782 37.68783166 0 P 0
L 50.76669298 37.08134316 51.02069298 37.58934316 0 P 0
L 50.76669298 37.08134316 51.27469298 37.33534316 0 P 0
L 50.76669298 38.09734316 51.02069298 37.58934316 0 P 0
L 50.76669298 38.09734316 51.27469298 37.84334316 0 P 0
L 50.76975876 19.45018716 51.02375876 19.95818716 0 P 0
L 50.76975876 19.45018716 51.27775876 19.70418716 0 P 0
L 50.76975876 20.46618716 51.02375876 19.95818716 0 P 0
L 50.76975876 20.46618716 51.27775876 20.21218716 0 P 0
L 50.81450086 63.15423996 51.32250086 62.90023996 0 P 0
L 50.81450086 63.66223996 51.32250086 63.91623996 0 P 0
L 50.8151892 9.30598088 51.0691892 8.79798088 0 P 0
L 50.8151892 9.30598088 51.0691892 9.81398088 0 P 0
L 50.83809492 55.92009644 51.34609492 55.66609644 0 P 0
L 50.83809492 56.42809644 51.34609492 56.68209644 0 P 0
L 50.84086352 38.62317396 51.09486352 38.11517396 0 P 0
L 50.84086352 38.62317396 51.09486352 39.13117396 0 P 0
L 50.85509768 39.27701822 51.10909768 38.76901822 0 P 0
L 50.85509768 39.27701822 51.10909768 39.78501822 0 P 0
L 50.85509768 39.93101742 51.10909768 39.42301742 0 P 0
L 50.85509768 39.93101742 51.10909768 40.43901742 0 P 0
L 50.85509768 40.58501662 51.10909768 40.07701662 0 P 0
L 50.85509768 40.58501662 51.10909768 41.09301662 0 P 0
L 50.85509768 41.23901582 51.10909768 40.73101582 0 P 0
L 50.85509768 41.23901582 51.10909768 41.74701582 0 P 0
L 50.8582549 11.28675162 51.3662549 11.03275162 0 P 0
L 50.8582549 11.79475162 51.3662549 12.04875162 0 P 0
L 50.8582549 11.94075082 51.3662549 11.68675082 0 P 0
L 50.8582549 12.44875082 51.3662549 12.70275082 0 P 0
L 50.8582549 12.59475002 51.3662549 12.34075002 0 P 0
L 50.8582549 13.10275002 51.3662549 13.35675002 0 P 0
L 50.8582549 13.24874922 51.3662549 12.99474922 0 P 0
L 50.8582549 13.75674922 51.3662549 14.01074922 0 P 0
L 50.8582549 13.90274842 51.3662549 13.64874842 0 P 0
L 50.8582549 14.41074842 51.3662549 14.66474842 0 P 0
L 50.8582549 14.55674762 51.3662549 14.30274762 0 P 0
L 50.8582549 15.06474762 51.3662549 15.31874762 0 P 0
L 50.8582549 15.21074682 51.3662549 14.95674682 0 P 0
L 50.8582549 15.71874682 51.3662549 15.97274682 0 P 0
L 50.8582549 15.86474602 51.3662549 15.61074602 0 P 0
L 50.8582549 16.37274602 51.3662549 16.62674602 0 P 0
L 50.8582549 16.51874522 51.3662549 16.26474522 0 P 0
L 50.8582549 17.02674522 51.3662549 17.28074522 0 P 0
L 50.8582549 17.17274442 51.3662549 16.91874442 0 P 0
L 50.8582549 17.68074442 51.3662549 17.93474442 0 P 0
L 50.8582549 17.82674362 51.3662549 17.57274362 0 P 0
L 50.8582549 18.33474362 51.3662549 18.58874362 0 P 0
L 50.86084062 18.48073774 51.36884062 18.22673774 0 P 0
L 50.86084062 18.98873774 51.36884062 19.24273774 0 P 0
L 50.91981688 60.47853538 51.42781688 60.22453538 0 P 0
L 50.91981688 60.98653538 51.42781688 61.24053538 0 P 0
L 50.92104116 41.88968254 51.17504116 41.38168254 0 P 0
L 50.92104116 41.88968254 51.17504116 42.39768254 0 P 0
L 50.9263142 62.8886474 51.1803142 63.3966474 0 P 0
L 50.9263142 62.8886474 51.4343142 63.1426474 0 P 0
L 50.9263142 63.9046474 51.1803142 63.3966474 0 P 0
L 50.9263142 63.9046474 51.4343142 63.6506474 0 P 0
L 50.93671042 10.91075288 51.19071042 10.40275288 0 P 0
L 50.93671042 10.91075288 51.19071042 11.41875288 0 P 0
L 50.9431671 59.02693554 51.4511671 58.77293554 0 P 0
L 50.9431671 59.53493554 51.4511671 59.78893554 0 P 0
L 50.96495522 42.38444406 51.21895522 42.89244406 0 P 0
L 50.96495522 42.38444406 51.47295522 42.63844406 0 P 0
L 50.96495522 43.40044406 51.21895522 42.89244406 0 P 0
L 50.96495522 43.40044406 51.47295522 43.14644406 0 P 0
L 50.97438878 19.12480554 51.48238878 18.87080554 0 P 0
L 50.97438878 19.63280554 51.48238878 19.88680554 0 P 0
L 50.97790922 42.21107382 51.48590922 41.95707382 0 P 0
L 50.97790922 42.71907382 51.48590922 42.97307382 0 P 0
L 50.98409412 55.66609644 51.23809412 56.17409644 0 P 0
L 50.98409412 55.66609644 51.49209412 55.92009644 0 P 0
L 50.98409412 56.68209644 51.23809412 56.17409644 0 P 0
L 50.98409412 56.68209644 51.49209412 56.42809644 0 P 0
L 51.01877782 37.17983166 51.27277782 36.67183166 0 P 0
L 51.01877782 37.17983166 51.27277782 37.68783166 0 P 0
L 51.06581608 60.22453538 51.31981608 60.73253538 0 P 0
L 51.06581608 60.22453538 51.57381608 60.47853538 0 P 0
L 51.06581608 61.24053538 51.31981608 60.73253538 0 P 0
L 51.06581608 61.24053538 51.57381608 60.98653538 0 P 0
L 51.06850086 63.40823996 51.32250086 62.90023996 0 P 0
L 51.06850086 63.40823996 51.32250086 63.91623996 0 P 0
L 51.0891663 58.77293554 51.3431663 59.28093554 0 P 0
L 51.0891663 58.77293554 51.5971663 59.02693554 0 P 0
L 51.0891663 59.78893554 51.3431663 59.28093554 0 P 0
L 51.0891663 59.78893554 51.5971663 59.53493554 0 P 0
L 51.0902585 37.64969102 51.3442585 38.15769102 0 P 0
L 51.0902585 37.64969102 51.5982585 37.90369102 0 P 0
L 51.0902585 38.66569102 51.3442585 38.15769102 0 P 0
L 51.0902585 38.66569102 51.5982585 38.41169102 0 P 0
L 51.09209492 56.17409644 51.34609492 55.66609644 0 P 0
L 51.09209492 56.17409644 51.34609492 56.68209644 0 P 0
L 51.09618178 57.0039246 51.60418178 56.7499246 0 P 0
L 51.09618178 57.5119246 51.60418178 57.7659246 0 P 0
L 51.1122549 11.54075162 51.3662549 11.03275162 0 P 0
L 51.1122549 11.54075162 51.3662549 12.04875162 0 P 0
L 51.1122549 12.19475082 51.3662549 11.68675082 0 P 0
L 51.1122549 12.19475082 51.3662549 12.70275082 0 P 0
L 51.1122549 12.84875002 51.3662549 12.34075002 0 P 0
L 51.1122549 12.84875002 51.3662549 13.35675002 0 P 0
L 51.1122549 13.50274922 51.3662549 12.99474922 0 P 0
L 51.1122549 13.50274922 51.3662549 14.01074922 0 P 0
L 51.1122549 14.15674842 51.3662549 13.64874842 0 P 0
L 51.1122549 14.15674842 51.3662549 14.66474842 0 P 0
L 51.1122549 14.81074762 51.3662549 14.30274762 0 P 0
L 51.1122549 14.81074762 51.3662549 15.31874762 0 P 0
L 51.1122549 15.46474682 51.3662549 14.95674682 0 P 0
L 51.1122549 15.46474682 51.3662549 15.97274682 0 P 0
L 51.1122549 16.11874602 51.3662549 15.61074602 0 P 0
L 51.1122549 16.11874602 51.3662549 16.62674602 0 P 0
L 51.1122549 16.77274522 51.3662549 16.26474522 0 P 0
L 51.1122549 16.77274522 51.3662549 17.28074522 0 P 0
L 51.1122549 17.42674442 51.3662549 16.91874442 0 P 0
L 51.1122549 17.42674442 51.3662549 17.93474442 0 P 0
L 51.1122549 18.08074362 51.3662549 17.57274362 0 P 0
L 51.1122549 18.08074362 51.3662549 18.58874362 0 P 0
L 51.11484062 18.73473774 51.36884062 18.22673774 0 P 0
L 51.11484062 18.73473774 51.36884062 19.24273774 0 P 0
L 51.15881056 62.05881924 51.66681056 61.80481924 0 P 0
L 51.15881056 62.56681924 51.66681056 62.82081924 0 P 0
L 51.17381688 60.73253538 51.42781688 60.22453538 0 P 0
L 51.17381688 60.73253538 51.42781688 61.24053538 0 P 0
L 51.17692584 38.29792442 51.43092584 38.80592442 0 P 0
L 51.17692584 38.29792442 51.68492584 38.55192442 0 P 0
L 51.17692584 38.95192362 51.43092584 39.45992362 0 P 0
L 51.17692584 38.95192362 51.68492584 39.20592362 0 P 0
L 51.17692584 39.31392442 51.43092584 38.80592442 0 P 0
L 51.17692584 39.31392442 51.68492584 39.05992442 0 P 0
L 51.17692584 39.60592282 51.43092584 40.11392282 0 P 0
L 51.17692584 39.60592282 51.68492584 39.85992282 0 P 0
L 51.17692584 39.96792362 51.43092584 39.45992362 0 P 0
L 51.17692584 39.96792362 51.68492584 39.71392362 0 P 0
L 51.17692584 40.25992202 51.43092584 40.76792202 0 P 0
L 51.17692584 40.25992202 51.68492584 40.51392202 0 P 0
L 51.17692584 40.62192282 51.43092584 40.11392282 0 P 0
L 51.17692584 40.62192282 51.68492584 40.36792282 0 P 0
L 51.17692584 41.27592202 51.43092584 40.76792202 0 P 0
L 51.17692584 41.27592202 51.68492584 41.02192202 0 P 0
L 51.18200838 9.25764722 51.69000838 9.00364722 0 P 0
L 51.18200838 9.76564722 51.69000838 10.01964722 0 P 0
L 51.18419024 40.91388058 51.43819024 41.42188058 0 P 0
L 51.18419024 40.91388058 51.69219024 41.16788058 0 P 0
L 51.18419024 41.92988058 51.43819024 41.42188058 0 P 0
L 51.18419024 41.92988058 51.69219024 41.67588058 0 P 0
L 51.1971671 59.28093554 51.4511671 58.77293554 0 P 0
L 51.1971671 59.28093554 51.4511671 59.78893554 0 P 0
L 51.2033012 9.38778666 51.4573012 9.89578666 0 P 0
L 51.2033012 9.38778666 51.7113012 9.64178666 0 P 0
L 51.2033012 10.40378666 51.4573012 9.89578666 0 P 0
L 51.2033012 10.40378666 51.7113012 10.14978666 0 P 0
L 51.22838878 19.37880554 51.48238878 18.87080554 0 P 0
L 51.22838878 19.37880554 51.48238878 19.88680554 0 P 0
L 51.23190922 42.46507382 51.48590922 41.95707382 0 P 0
L 51.23190922 42.46507382 51.48590922 42.97307382 0 P 0
L 51.23706288 19.90772498 51.49106288 20.41572498 0 P 0
L 51.23706288 19.90772498 51.74506288 20.16172498 0 P 0
L 51.23706288 20.92372498 51.49106288 20.41572498 0 P 0
L 51.23706288 20.92372498 51.74506288 20.66972498 0 P 0
L 51.24218098 56.7499246 51.49618098 57.2579246 0 P 0
L 51.24218098 56.7499246 51.75018098 57.0039246 0 P 0
L 51.24218098 57.7659246 51.49618098 57.2579246 0 P 0
L 51.24218098 57.7659246 51.75018098 57.5119246 0 P 0
L 51.27469298 37.33534316 51.78269298 37.08134316 0 P 0
L 51.27469298 37.84334316 51.78269298 38.09734316 0 P 0
L 51.27775876 19.70418716 51.78575876 19.45018716 0 P 0
L 51.27775876 20.21218716 51.78575876 20.46618716 0 P 0
L 51.30480976 61.80481924 51.55880976 62.31281924 0 P 0
L 51.30480976 61.80481924 51.81280976 62.05881924 0 P 0
L 51.30480976 62.82081924 51.55880976 62.31281924 0 P 0
L 51.30480976 62.82081924 51.81280976 62.56681924 0 P 0
L 51.35018178 57.2579246 51.60418178 56.7499246 0 P 0
L 51.35018178 57.2579246 51.60418178 57.7659246 0 P 0
L 51.41281056 62.31281924 51.66681056 61.80481924 0 P 0
L 51.41281056 62.31281924 51.66681056 62.82081924 0 P 0
L 51.4343142 63.1426474 51.9423142 62.8886474 0 P 0
L 51.4343142 63.6506474 51.9423142 63.9046474 0 P 0
L 51.43600838 9.51164722 51.69000838 9.00364722 0 P 0
L 51.43600838 9.51164722 51.69000838 10.01964722 0 P 0
L 51.47295522 42.63844406 51.98095522 42.38444406 0 P 0
L 51.47295522 43.14644406 51.98095522 43.40044406 0 P 0
L 51.49209412 55.92009644 52.00009412 55.66609644 0 P 0
L 51.49209412 56.42809644 52.00009412 56.68209644 0 P 0
L 51.52869298 37.58934316 51.78269298 37.08134316 0 P 0
L 51.52869298 37.58934316 51.78269298 38.09734316 0 P 0
L 51.53175876 19.95818716 51.78575876 19.45018716 0 P 0
L 51.53175876 19.95818716 51.78575876 20.46618716 0 P 0
L 51.55340972 41.45368646 51.80740972 41.96168646 0 P 0
L 51.55340972 41.45368646 52.06140972 41.70768646 0 P 0
L 51.55340972 42.46968646 51.80740972 41.96168646 0 P 0
L 51.55340972 42.46968646 52.06140972 42.21568646 0 P 0
L 51.57381608 60.47853538 52.08181608 60.22453538 0 P 0
L 51.57381608 60.98653538 52.08181608 61.24053538 0 P 0
L 51.5799324 9.92244904 51.8339324 10.43044904 0 P 0
L 51.5799324 9.92244904 52.0879324 10.17644904 0 P 0
L 51.5799324 10.93844904 51.8339324 10.43044904 0 P 0
L 51.5799324 10.93844904 52.0879324 10.68444904 0 P 0
L 51.5803134 62.8886474 51.8343134 63.3966474 0 P 0
L 51.5803134 62.8886474 52.0883134 63.1426474 0 P 0
L 51.5803134 63.9046474 51.8343134 63.3966474 0 P 0
L 51.5803134 63.9046474 52.0883134 63.6506474 0 P 0
L 51.58822296 42.58256914 51.84222296 43.09056914 0 P 0
L 51.58822296 42.58256914 52.09622296 42.83656914 0 P 0
L 51.58822296 43.59856914 51.84222296 43.09056914 0 P 0
L 51.58822296 43.59856914 52.09622296 43.34456914 0 P 0
L 51.5971663 59.02693554 52.1051663 58.77293554 0 P 0
L 51.5971663 59.53493554 52.1051663 59.78893554 0 P 0
L 51.5982585 37.90369102 52.1062585 37.64969102 0 P 0
L 51.5982585 38.41169102 52.1062585 38.66569102 0 P 0
L 51.63809332 55.66609644 51.89209332 56.17409644 0 P 0
L 51.63809332 55.66609644 52.14609332 55.92009644 0 P 0
L 51.63809332 56.68209644 51.89209332 56.17409644 0 P 0
L 51.63809332 56.68209644 52.14609332 56.42809644 0 P 0
L 51.68492584 38.55192442 52.19292584 38.29792442 0 P 0
L 51.68492584 39.05992442 52.19292584 39.31392442 0 P 0
L 51.68492584 39.20592362 52.19292584 38.95192362 0 P 0
L 51.68492584 39.71392362 52.19292584 39.96792362 0 P 0
L 51.68492584 39.85992282 52.19292584 39.60592282 0 P 0
L 51.68492584 40.36792282 52.19292584 40.62192282 0 P 0
L 51.68492584 40.51392202 52.19292584 40.25992202 0 P 0
L 51.68492584 41.02192202 52.19292584 41.27592202 0 P 0
L 51.6883142 63.3966474 51.9423142 62.8886474 0 P 0
L 51.6883142 63.3966474 51.9423142 63.9046474 0 P 0
L 51.69219024 41.16788058 52.20019024 40.91388058 0 P 0
L 51.69219024 41.67588058 52.20019024 41.92988058 0 P 0
L 51.7113012 9.64178666 52.2193012 9.38778666 0 P 0
L 51.7113012 10.14978666 52.2193012 10.40378666 0 P 0
L 51.71981528 60.22453538 51.97381528 60.73253538 0 P 0
L 51.71981528 60.22453538 52.22781528 60.47853538 0 P 0
L 51.71981528 61.24053538 51.97381528 60.73253538 0 P 0
L 51.71981528 61.24053538 52.22781528 60.98653538 0 P 0
L 51.72695522 42.89244406 51.98095522 42.38444406 0 P 0
L 51.72695522 42.89244406 51.98095522 43.40044406 0 P 0
L 51.7431655 58.77293554 51.9971655 59.28093554 0 P 0
L 51.7431655 58.77293554 52.2511655 59.02693554 0 P 0
L 51.7431655 59.78893554 51.9971655 59.28093554 0 P 0
L 51.7431655 59.78893554 52.2511655 59.53493554 0 P 0
L 51.74506288 20.16172498 52.25306288 19.90772498 0 P 0
L 51.74506288 20.66972498 52.25306288 20.92372498 0 P 0
L 51.74609412 56.17409644 52.00009412 55.66609644 0 P 0
L 51.74609412 56.17409644 52.00009412 56.68209644 0 P 0
L 51.75018098 57.0039246 52.25818098 56.7499246 0 P 0
L 51.75018098 57.5119246 52.25818098 57.7659246 0 P 0
L 51.77390712 10.5470198 52.02790712 11.0550198 0 P 0
L 51.77390712 10.5470198 52.28190712 10.8010198 0 P 0
L 51.77390712 11.5630198 52.02790712 11.0550198 0 P 0
L 51.77390712 11.5630198 52.28190712 11.3090198 0 P 0
L 51.80185474 11.2004221 52.05585474 11.7084221 0 P 0
L 51.80185474 11.2004221 52.30985474 11.4544221 0 P 0
L 51.80185474 11.8544213 52.05585474 12.3624213 0 P 0
L 51.80185474 11.8544213 52.30985474 12.1084213 0 P 0
L 51.80185474 12.2164221 52.05585474 11.7084221 0 P 0
L 51.80185474 12.2164221 52.30985474 11.9624221 0 P 0
L 51.80185474 12.5084205 52.05585474 13.0164205 0 P 0
L 51.80185474 12.5084205 52.30985474 12.7624205 0 P 0
L 51.80185474 12.8704213 52.05585474 12.3624213 0 P 0
L 51.80185474 12.8704213 52.30985474 12.6164213 0 P 0
L 51.80185474 13.1624197 52.05585474 13.6704197 0 P 0
L 51.80185474 13.1624197 52.30985474 13.4164197 0 P 0
L 51.80185474 13.5244205 52.05585474 13.0164205 0 P 0
L 51.80185474 13.5244205 52.30985474 13.2704205 0 P 0
L 51.80185474 13.8164189 52.05585474 14.3244189 0 P 0
L 51.80185474 13.8164189 52.30985474 14.0704189 0 P 0
L 51.80185474 14.1784197 52.05585474 13.6704197 0 P 0
L 51.80185474 14.1784197 52.30985474 13.9244197 0 P 0
L 51.80185474 14.4704181 52.05585474 14.9784181 0 P 0
L 51.80185474 14.4704181 52.30985474 14.7244181 0 P 0
L 51.80185474 14.8324189 52.05585474 14.3244189 0 P 0
L 51.80185474 14.8324189 52.30985474 14.5784189 0 P 0
L 51.80185474 15.1244173 52.05585474 15.6324173 0 P 0
L 51.80185474 15.1244173 52.30985474 15.3784173 0 P 0
L 51.80185474 15.4864181 52.05585474 14.9784181 0 P 0
L 51.80185474 15.4864181 52.30985474 15.2324181 0 P 0
L 51.80185474 15.7784165 52.05585474 16.2864165 0 P 0
L 51.80185474 15.7784165 52.30985474 16.0324165 0 P 0
L 51.80185474 16.1404173 52.05585474 15.6324173 0 P 0
L 51.80185474 16.1404173 52.30985474 15.8864173 0 P 0
L 51.80185474 16.4324157 52.05585474 16.9404157 0 P 0
L 51.80185474 16.4324157 52.30985474 16.6864157 0 P 0
L 51.80185474 16.7944165 52.05585474 16.2864165 0 P 0
L 51.80185474 16.7944165 52.30985474 16.5404165 0 P 0
L 51.80185474 17.0864149 52.05585474 17.5944149 0 P 0
L 51.80185474 17.0864149 52.30985474 17.3404149 0 P 0
L 51.80185474 17.4484157 52.05585474 16.9404157 0 P 0
L 51.80185474 17.4484157 52.30985474 17.1944157 0 P 0
L 51.80185474 17.7404141 52.05585474 18.2484141 0 P 0
L 51.80185474 17.7404141 52.30985474 17.9944141 0 P 0
L 51.80185474 18.1024149 52.05585474 17.5944149 0 P 0
L 51.80185474 18.1024149 52.30985474 17.8484149 0 P 0
L 51.80185474 18.7564141 52.05585474 18.2484141 0 P 0
L 51.80185474 18.7564141 52.30985474 18.5024141 0 P 0
L 51.81280976 62.05881924 52.32080976 61.80481924 0 P 0
L 51.81280976 62.56681924 52.32080976 62.82081924 0 P 0
L 51.82781608 60.73253538 52.08181608 60.22453538 0 P 0
L 51.82781608 60.73253538 52.08181608 61.24053538 0 P 0
L 51.82861872 20.18660936 52.08261872 20.69460936 0 P 0
L 51.82861872 20.18660936 52.33661872 20.44060936 0 P 0
L 51.82861872 21.20260936 52.08261872 20.69460936 0 P 0
L 51.82861872 21.20260936 52.33661872 20.94860936 0 P 0
L 51.82909878 18.39384434 52.08309878 18.90184434 0 P 0
L 51.82909878 18.39384434 52.33709878 18.64784434 0 P 0
L 51.82909878 19.40984434 52.08309878 18.90184434 0 P 0
L 51.82909878 19.40984434 52.33709878 19.15584434 0 P 0
L 51.8511663 59.28093554 52.1051663 58.77293554 0 P 0
L 51.8511663 59.28093554 52.1051663 59.78893554 0 P 0
L 51.8522585 38.15769102 52.1062585 37.64969102 0 P 0
L 51.8522585 38.15769102 52.1062585 38.66569102 0 P 0
L 51.89618018 56.7499246 52.15018018 57.2579246 0 P 0
L 51.89618018 56.7499246 52.40418018 57.0039246 0 P 0
L 51.89618018 57.7659246 52.15018018 57.2579246 0 P 0
L 51.89618018 57.7659246 52.40418018 57.5119246 0 P 0
L 51.93892584 38.80592442 52.19292584 38.29792442 0 P 0
L 51.93892584 38.80592442 52.19292584 39.31392442 0 P 0
L 51.93892584 39.45992362 52.19292584 38.95192362 0 P 0
L 51.93892584 39.45992362 52.19292584 39.96792362 0 P 0
L 51.93892584 40.11392282 52.19292584 39.60592282 0 P 0
L 51.93892584 40.11392282 52.19292584 40.62192282 0 P 0
L 51.93892584 40.76792202 52.19292584 40.25992202 0 P 0
L 51.93892584 40.76792202 52.19292584 41.27592202 0 P 0
L 51.94619024 41.42188058 52.20019024 40.91388058 0 P 0
L 51.94619024 41.42188058 52.20019024 41.92988058 0 P 0
L 51.95880896 61.80481924 52.21280896 62.31281924 0 P 0
L 51.95880896 61.80481924 52.46680896 62.05881924 0 P 0
L 51.95880896 62.82081924 52.21280896 62.31281924 0 P 0
L 51.95880896 62.82081924 52.46680896 62.56681924 0 P 0
L 51.9653012 9.89578666 52.2193012 9.38778666 0 P 0
L 51.9653012 9.89578666 52.2193012 10.40378666 0 P 0
L 51.99906288 20.41572498 52.25306288 19.90772498 0 P 0
L 51.99906288 20.41572498 52.25306288 20.92372498 0 P 0
L 52.00418098 57.2579246 52.25818098 56.7499246 0 P 0
L 52.00418098 57.2579246 52.25818098 57.7659246 0 P 0
L 52.06140972 41.70768646 52.56940972 41.45368646 0 P 0
L 52.06140972 42.21568646 52.56940972 42.46968646 0 P 0
L 52.06680976 62.31281924 52.32080976 61.80481924 0 P 0
L 52.06680976 62.31281924 52.32080976 62.82081924 0 P 0
L 52.0879324 10.17644904 52.5959324 9.92244904 0 P 0
L 52.0879324 10.68444904 52.5959324 10.93844904 0 P 0
L 52.0883134 63.1426474 52.5963134 62.8886474 0 P 0
L 52.0883134 63.6506474 52.5963134 63.9046474 0 P 0
L 52.09622296 42.83656914 52.60422296 42.58256914 0 P 0
L 52.09622296 43.34456914 52.60422296 43.59856914 0 P 0
L 52.14609332 55.92009644 52.65409332 55.66609644 0 P 0
L 52.14609332 56.42809644 52.65409332 56.68209644 0 P 0
L 52.20044424 41.35849488 52.45444424 41.86649488 0 P 0
L 52.20044424 41.35849488 52.70844424 41.61249488 0 P 0
L 52.20044424 42.37449488 52.45444424 41.86649488 0 P 0
L 52.20044424 42.37449488 52.70844424 42.12049488 0 P 0
L 52.22781528 60.47853538 52.73581528 60.22453538 0 P 0
L 52.22781528 60.98653538 52.73581528 61.24053538 0 P 0
L 52.2343126 62.8886474 52.4883126 63.3966474 0 P 0
L 52.2343126 62.8886474 52.7423126 63.1426474 0 P 0
L 52.2343126 63.9046474 52.4883126 63.3966474 0 P 0
L 52.2343126 63.9046474 52.7423126 63.6506474 0 P 0
L 52.24102836 42.54309246 52.49502836 43.05109246 0 P 0
L 52.24102836 42.54309246 52.74902836 42.79709246 0 P 0
L 52.24102836 43.55909246 52.49502836 43.05109246 0 P 0
L 52.24102836 43.55909246 52.74902836 43.30509246 0 P 0
L 52.2511655 59.02693554 52.7591655 58.77293554 0 P 0
L 52.2511655 59.53493554 52.7591655 59.78893554 0 P 0
L 52.28190712 10.8010198 52.78990712 10.5470198 0 P 0
L 52.28190712 11.3090198 52.78990712 11.5630198 0 P 0
L 52.29209252 55.66609644 52.54609252 56.17409644 0 P 0
L 52.29209252 55.66609644 52.80009252 55.92009644 0 P 0
L 52.29209252 56.68209644 52.54609252 56.17409644 0 P 0
L 52.29209252 56.68209644 52.80009252 56.42809644 0 P 0
L 52.30985474 11.4544221 52.81785474 11.2004221 0 P 0
L 52.30985474 11.9624221 52.81785474 12.2164221 0 P 0
L 52.30985474 12.1084213 52.81785474 11.8544213 0 P 0
L 52.30985474 12.6164213 52.81785474 12.8704213 0 P 0
L 52.30985474 12.7624205 52.81785474 12.5084205 0 P 0
L 52.30985474 13.2704205 52.81785474 13.5244205 0 P 0
L 52.30985474 13.4164197 52.81785474 13.1624197 0 P 0
L 52.30985474 13.9244197 52.81785474 14.1784197 0 P 0
L 52.30985474 14.0704189 52.81785474 13.8164189 0 P 0
L 52.30985474 14.5784189 52.81785474 14.8324189 0 P 0
L 52.30985474 14.7244181 52.81785474 14.4704181 0 P 0
L 52.30985474 15.2324181 52.81785474 15.4864181 0 P 0
L 52.30985474 15.3784173 52.81785474 15.1244173 0 P 0
L 52.30985474 15.8864173 52.81785474 16.1404173 0 P 0
L 52.30985474 16.0324165 52.81785474 15.7784165 0 P 0
L 52.30985474 16.5404165 52.81785474 16.7944165 0 P 0
L 52.30985474 16.6864157 52.81785474 16.4324157 0 P 0
L 52.30985474 17.1944157 52.81785474 17.4484157 0 P 0
L 52.30985474 17.3404149 52.81785474 17.0864149 0 P 0
L 52.30985474 17.8484149 52.81785474 18.1024149 0 P 0
L 52.30985474 17.9944141 52.81785474 17.7404141 0 P 0
L 52.30985474 18.5024141 52.81785474 18.7564141 0 P 0
L 52.31540972 41.96168646 52.56940972 41.45368646 0 P 0
L 52.31540972 41.96168646 52.56940972 42.46968646 0 P 0
L 52.32469596 18.8205745 52.57869596 19.3285745 0 P 0
L 52.32469596 18.8205745 52.83269596 19.0745745 0 P 0
L 52.32469596 19.8365745 52.57869596 19.3285745 0 P 0
L 52.32469596 19.8365745 52.83269596 19.5825745 0 P 0
L 52.33661872 20.44060936 52.84461872 20.18660936 0 P 0
L 52.33661872 20.94860936 52.84461872 21.20260936 0 P 0
L 52.33709878 18.64784434 52.84509878 18.39384434 0 P 0
L 52.33709878 19.15584434 52.84509878 19.40984434 0 P 0
L 52.3419324 10.43044904 52.5959324 9.92244904 0 P 0
L 52.3419324 10.43044904 52.5959324 10.93844904 0 P 0
L 52.3423134 63.3966474 52.5963134 62.8886474 0 P 0
L 52.3423134 63.3966474 52.5963134 63.9046474 0 P 0
L 52.35022296 43.09056914 52.60422296 42.58256914 0 P 0
L 52.35022296 43.09056914 52.60422296 43.59856914 0 P 0
L 52.37381448 60.22453538 52.62781448 60.73253538 0 P 0
L 52.37381448 60.22453538 52.88181448 60.47853538 0 P 0
L 52.37381448 61.24053538 52.62781448 60.73253538 0 P 0
L 52.37381448 61.24053538 52.88181448 60.98653538 0 P 0
L 52.3971647 58.77293554 52.6511647 59.28093554 0 P 0
L 52.3971647 58.77293554 52.9051647 59.02693554 0 P 0
L 52.3971647 59.78893554 52.6511647 59.28093554 0 P 0
L 52.3971647 59.78893554 52.9051647 59.53493554 0 P 0
L 52.40009332 56.17409644 52.65409332 55.66609644 0 P 0
L 52.40009332 56.17409644 52.65409332 56.68209644 0 P 0
L 52.40418018 57.0039246 52.91218018 56.7499246 0 P 0
L 52.40418018 57.5119246 52.91218018 57.7659246 0 P 0
L 52.42409632 33.5499329 52.67809632 34.0579329 0 P 0
L 52.42409632 33.5499329 52.93209632 33.8039329 0 P 0
L 52.42409632 34.2039321 52.67809632 34.7119321 0 P 0
L 52.42409632 34.2039321 52.93209632 34.4579321 0 P 0
L 52.42409632 34.5659329 52.67809632 34.0579329 0 P 0
L 52.42409632 34.5659329 52.93209632 34.3119329 0 P 0
L 52.42409632 34.8579313 52.67809632 35.3659313 0 P 0
L 52.42409632 34.8579313 52.93209632 35.1119313 0 P 0
L 52.42409632 35.2199321 52.67809632 34.7119321 0 P 0
L 52.42409632 35.2199321 52.93209632 34.9659321 0 P 0
L 52.42409632 35.5119305 52.67809632 36.0199305 0 P 0
L 52.42409632 35.5119305 52.93209632 35.7659305 0 P 0
L 52.42409632 35.8739313 52.67809632 35.3659313 0 P 0
L 52.42409632 35.8739313 52.93209632 35.6199313 0 P 0
L 52.42409632 36.1659297 52.67809632 36.6739297 0 P 0
L 52.42409632 36.1659297 52.93209632 36.4199297 0 P 0
L 52.42409632 36.5279305 52.67809632 36.0199305 0 P 0
L 52.42409632 36.5279305 52.93209632 36.2739305 0 P 0
L 52.42409632 36.8199289 52.67809632 37.3279289 0 P 0
L 52.42409632 36.8199289 52.93209632 37.0739289 0 P 0
L 52.42409632 37.1819297 52.67809632 36.6739297 0 P 0
L 52.42409632 37.1819297 52.93209632 36.9279297 0 P 0
L 52.42409632 37.4739281 52.67809632 37.9819281 0 P 0
L 52.42409632 37.4739281 52.93209632 37.7279281 0 P 0
L 52.42409632 37.8359289 52.67809632 37.3279289 0 P 0
L 52.42409632 37.8359289 52.93209632 37.5819289 0 P 0
L 52.42409632 38.1279273 52.67809632 38.6359273 0 P 0
L 52.42409632 38.1279273 52.93209632 38.3819273 0 P 0
L 52.42409632 38.4899281 52.67809632 37.9819281 0 P 0
L 52.42409632 38.4899281 52.93209632 38.2359281 0 P 0
L 52.42409632 38.7819265 52.67809632 39.2899265 0 P 0
L 52.42409632 38.7819265 52.93209632 39.0359265 0 P 0
L 52.42409632 39.1439273 52.67809632 38.6359273 0 P 0
L 52.42409632 39.1439273 52.93209632 38.8899273 0 P 0
L 52.42409632 39.4359257 52.67809632 39.9439257 0 P 0
L 52.42409632 39.4359257 52.93209632 39.6899257 0 P 0
L 52.42409632 39.7979265 52.67809632 39.2899265 0 P 0
L 52.42409632 39.7979265 52.93209632 39.5439265 0 P 0
L 52.42409632 40.0899249 52.67809632 40.5979249 0 P 0
L 52.42409632 40.0899249 52.93209632 40.3439249 0 P 0
L 52.42409632 40.4519257 52.67809632 39.9439257 0 P 0
L 52.42409632 40.4519257 52.93209632 40.1979257 0 P 0
L 52.42409632 40.7439241 52.67809632 41.2519241 0 P 0
L 52.42409632 40.7439241 52.93209632 40.9979241 0 P 0
L 52.42409632 41.1059249 52.67809632 40.5979249 0 P 0
L 52.42409632 41.1059249 52.93209632 40.8519249 0 P 0
L 52.42409632 41.7599241 52.67809632 41.2519241 0 P 0
L 52.42409632 41.7599241 52.93209632 41.5059241 0 P 0
L 52.4469868 32.89633502 52.7009868 33.40433502 0 P 0
L 52.4469868 32.89633502 52.9549868 33.15033502 0 P 0
L 52.4469868 33.91233502 52.7009868 33.40433502 0 P 0
L 52.4469868 33.91233502 52.9549868 33.65833502 0 P 0
L 52.46680896 62.05881924 52.97480896 61.80481924 0 P 0
L 52.46680896 62.56681924 52.97480896 62.82081924 0 P 0
L 52.47628824 20.27737626 52.73028824 20.78537626 0 P 0
L 52.47628824 20.27737626 52.98428824 20.53137626 0 P 0
L 52.47628824 21.29337626 52.73028824 20.78537626 0 P 0
L 52.47628824 21.29337626 52.98428824 21.03937626 0 P 0
L 52.48181528 60.73253538 52.73581528 60.22453538 0 P 0
L 52.48181528 60.73253538 52.73581528 61.24053538 0 P 0
L 52.5051655 59.28093554 52.7591655 58.77293554 0 P 0
L 52.5051655 59.28093554 52.7591655 59.78893554 0 P 0
L 52.53590712 11.0550198 52.78990712 10.5470198 0 P 0
L 52.53590712 11.0550198 52.78990712 11.5630198 0 P 0
L 52.55017938 56.7499246 52.80417938 57.2579246 0 P 0
L 52.55017938 56.7499246 53.05817938 57.0039246 0 P 0
L 52.55017938 57.7659246 52.80417938 57.2579246 0 P 0
L 52.55017938 57.7659246 53.05817938 57.5119246 0 P 0
L 52.56385474 11.7084221 52.81785474 11.2004221 0 P 0
L 52.56385474 11.7084221 52.81785474 12.2164221 0 P 0
L 52.56385474 12.3624213 52.81785474 11.8544213 0 P 0
L 52.56385474 12.3624213 52.81785474 12.8704213 0 P 0
L 52.56385474 13.0164205 52.81785474 12.5084205 0 P 0
L 52.56385474 13.0164205 52.81785474 13.5244205 0 P 0
L 52.56385474 13.6704197 52.81785474 13.1624197 0 P 0
L 52.56385474 13.6704197 52.81785474 14.1784197 0 P 0
L 52.56385474 14.3244189 52.81785474 13.8164189 0 P 0
L 52.56385474 14.3244189 52.81785474 14.8324189 0 P 0
L 52.56385474 14.9784181 52.81785474 14.4704181 0 P 0
L 52.56385474 14.9784181 52.81785474 15.4864181 0 P 0
L 52.56385474 15.6324173 52.81785474 15.1244173 0 P 0
L 52.56385474 15.6324173 52.81785474 16.1404173 0 P 0
L 52.56385474 16.2864165 52.81785474 15.7784165 0 P 0
L 52.56385474 16.2864165 52.81785474 16.7944165 0 P 0
L 52.56385474 16.9404157 52.81785474 16.4324157 0 P 0
L 52.56385474 16.9404157 52.81785474 17.4484157 0 P 0
L 52.56385474 17.5944149 52.81785474 17.0864149 0 P 0
L 52.56385474 17.5944149 52.81785474 18.1024149 0 P 0
L 52.56385474 18.2484141 52.81785474 17.7404141 0 P 0
L 52.56385474 18.2484141 52.81785474 18.7564141 0 P 0
L 52.59061872 20.69460936 52.84461872 20.18660936 0 P 0
L 52.59061872 20.69460936 52.84461872 21.20260936 0 P 0
L 52.59109878 18.90184434 52.84509878 18.39384434 0 P 0
L 52.59109878 18.90184434 52.84509878 19.40984434 0 P 0
L 52.61280816 61.80481924 52.86680816 62.31281924 0 P 0
L 52.61280816 61.80481924 53.12080816 62.05881924 0 P 0
L 52.61280816 62.82081924 52.86680816 62.31281924 0 P 0
L 52.61280816 62.82081924 53.12080816 62.56681924 0 P 0
L 52.65818018 57.2579246 52.91218018 56.7499246 0 P 0
L 52.65818018 57.2579246 52.91218018 57.7659246 0 P 0
L 52.66345322 32.27919884 52.91745322 32.78719884 0 P 0
L 52.66345322 32.27919884 53.17145322 32.53319884 0 P 0
L 52.66345322 33.29519884 52.91745322 32.78719884 0 P 0
L 52.66345322 33.29519884 53.17145322 33.04119884 0 P 0
L 52.70844424 41.61249488 53.21644424 41.35849488 0 P 0
L 52.70844424 42.12049488 53.21644424 42.37449488 0 P 0
L 52.72080896 62.31281924 52.97480896 61.80481924 0 P 0
L 52.72080896 62.31281924 52.97480896 62.82081924 0 P 0
L 52.7423126 63.1426474 53.2503126 62.8886474 0 P 0
L 52.7423126 63.6506474 53.2503126 63.9046474 0 P 0
L 52.74902836 42.79709246 53.25702836 42.54309246 0 P 0
L 52.74902836 43.30509246 53.25702836 43.55909246 0 P 0
L 52.80009252 55.92009644 53.30809252 55.66609644 0 P 0
L 52.80009252 56.42809644 53.30809252 56.68209644 0 P 0
L 52.82679554 42.25224468 53.08079554 42.76024468 0 P 0
L 52.82679554 42.25224468 53.33479554 42.50624468 0 P 0
L 52.82679554 43.26824468 53.08079554 42.76024468 0 P 0
L 52.82679554 43.26824468 53.33479554 43.01424468 0 P 0
L 52.83269596 19.0745745 53.34069596 18.8205745 0 P 0
L 52.83269596 19.5825745 53.34069596 19.8365745 0 P 0
L 52.88181448 60.47853538 53.38981448 60.22453538 0 P 0
L 52.88181448 60.98653538 53.38981448 61.24053538 0 P 0
L 52.8883118 62.88841626 53.1423118 63.39641626 0 P 0
L 52.8883118 62.88841626 53.3963118 63.14241626 0 P 0
L 52.8883118 63.90441626 53.1423118 63.39641626 0 P 0
L 52.8883118 63.90441626 53.3963118 63.65041626 0 P 0
L 52.9051647 59.02693554 53.4131647 58.77293554 0 P 0
L 52.9051647 59.53493554 53.4131647 59.78893554 0 P 0
L 52.92551772 18.56225142 53.17951772 19.07025142 0 P 0
L 52.92551772 18.56225142 53.43351772 18.81625142 0 P 0
L 52.92551772 19.57825142 53.17951772 19.07025142 0 P 0
L 52.92551772 19.57825142 53.43351772 19.32425142 0 P 0
L 52.93209632 33.8039329 53.44009632 33.5499329 0 P 0
L 52.93209632 34.3119329 53.44009632 34.5659329 0 P 0
L 52.93209632 34.4579321 53.44009632 34.2039321 0 P 0
L 52.93209632 34.9659321 53.44009632 35.2199321 0 P 0
L 52.93209632 35.1119313 53.44009632 34.8579313 0 P 0
L 52.93209632 35.6199313 53.44009632 35.8739313 0 P 0
L 52.93209632 35.7659305 53.44009632 35.5119305 0 P 0
L 52.93209632 36.2739305 53.44009632 36.5279305 0 P 0
L 52.93209632 36.4199297 53.44009632 36.1659297 0 P 0
L 52.93209632 36.9279297 53.44009632 37.1819297 0 P 0
L 52.93209632 37.0739289 53.44009632 36.8199289 0 P 0
L 52.93209632 37.5819289 53.44009632 37.8359289 0 P 0
L 52.93209632 37.7279281 53.44009632 37.4739281 0 P 0
L 52.93209632 38.2359281 53.44009632 38.4899281 0 P 0
L 52.93209632 38.3819273 53.44009632 38.1279273 0 P 0
L 52.93209632 38.8899273 53.44009632 39.1439273 0 P 0
L 52.93209632 39.0359265 53.44009632 38.7819265 0 P 0
L 52.93209632 39.5439265 53.44009632 39.7979265 0 P 0
L 52.93209632 39.6899257 53.44009632 39.4359257 0 P 0
L 52.93209632 40.1979257 53.44009632 40.4519257 0 P 0
L 52.93209632 40.3439249 53.44009632 40.0899249 0 P 0
L 52.93209632 40.8519249 53.44009632 41.1059249 0 P 0
L 52.93209632 40.9979241 53.44009632 40.7439241 0 P 0
L 52.93209632 41.5059241 53.44009632 41.7599241 0 P 0
L 52.94567262 55.64271574 53.19967262 56.15071574 0 P 0
L 52.94567262 55.64271574 53.45367262 55.89671574 0 P 0
L 52.94567262 56.65871574 53.19967262 56.15071574 0 P 0
L 52.94567262 56.65871574 53.45367262 56.40471574 0 P 0
L 52.9549868 33.15033502 53.4629868 32.89633502 0 P 0
L 52.9549868 33.65833502 53.4629868 33.91233502 0 P 0
L 52.96244424 41.86649488 53.21644424 41.35849488 0 P 0
L 52.96244424 41.86649488 53.21644424 42.37449488 0 P 0
L 52.98428824 20.53137626 53.49228824 20.27737626 0 P 0
L 52.98428824 21.03937626 53.49228824 21.29337626 0 P 0
L 52.9963126 63.3966474 53.2503126 62.8886474 0 P 0
L 52.9963126 63.3966474 53.2503126 63.9046474 0 P 0
L 53.00302836 43.05109246 53.25702836 42.54309246 0 P 0
L 53.00302836 43.05109246 53.25702836 43.55909246 0 P 0
L 53.02781368 60.22453538 53.28181368 60.73253538 0 P 0
L 53.02781368 60.22453538 53.53581368 60.47853538 0 P 0
L 53.02781368 61.24053538 53.28181368 60.73253538 0 P 0
L 53.02781368 61.24053538 53.53581368 60.98653538 0 P 0
L 53.03625156 15.95569834 53.29025156 16.46369834 0 P 0
L 53.03625156 15.95569834 53.54425156 16.20969834 0 P 0
L 53.03625156 16.60969754 53.29025156 17.11769754 0 P 0
L 53.03625156 16.60969754 53.54425156 16.86369754 0 P 0
L 53.03625156 16.97169834 53.29025156 16.46369834 0 P 0
L 53.03625156 16.97169834 53.54425156 16.71769834 0 P 0
L 53.03625156 17.26369674 53.29025156 17.77169674 0 P 0
L 53.03625156 17.26369674 53.54425156 17.51769674 0 P 0
L 53.03625156 17.62569754 53.29025156 17.11769754 0 P 0
L 53.03625156 17.62569754 53.54425156 17.37169754 0 P 0
L 53.03625156 17.91769594 53.29025156 18.42569594 0 P 0
L 53.03625156 17.91769594 53.54425156 18.17169594 0 P 0
L 53.03625156 18.27969674 53.29025156 17.77169674 0 P 0
L 53.03625156 18.27969674 53.54425156 18.02569674 0 P 0
L 53.03625156 18.93369594 53.29025156 18.42569594 0 P 0
L 53.03625156 18.93369594 53.54425156 18.67969594 0 P 0
L 53.0511639 58.77293554 53.3051639 59.28093554 0 P 0
L 53.0511639 58.77293554 53.5591639 59.02693554 0 P 0
L 53.0511639 59.78893554 53.3051639 59.28093554 0 P 0
L 53.0511639 59.78893554 53.5591639 59.53493554 0 P 0
L 53.05409252 56.17409644 53.30809252 55.66609644 0 P 0
L 53.05409252 56.17409644 53.30809252 56.68209644 0 P 0
L 53.05817938 57.0039246 53.56617938 56.7499246 0 P 0
L 53.05817938 57.5119246 53.56617938 57.7659246 0 P 0
L 53.08669596 19.3285745 53.34069596 18.8205745 0 P 0
L 53.08669596 19.3285745 53.34069596 19.8365745 0 P 0
L 53.10567992 31.79737862 53.35967992 32.30537862 0 P 0
L 53.10567992 31.79737862 53.61367992 32.05137862 0 P 0
L 53.10567992 32.81337862 53.35967992 32.30537862 0 P 0
L 53.10567992 32.81337862 53.61367992 32.55937862 0 P 0
L 53.11845866 20.15355126 53.37245866 20.66155126 0 P 0
L 53.11845866 20.15355126 53.62645866 20.40755126 0 P 0
L 53.11845866 21.16955126 53.37245866 20.66155126 0 P 0
L 53.11845866 21.16955126 53.62645866 20.91555126 0 P 0
L 53.12080816 62.05881924 53.62880816 61.80481924 0 P 0
L 53.12080816 62.56681924 53.62880816 62.82081924 0 P 0
L 53.12301288 15.30748018 53.37701288 15.81548018 0 P 0
L 53.12301288 15.30748018 53.63101288 15.56148018 0 P 0
L 53.12301288 16.32348018 53.37701288 15.81548018 0 P 0
L 53.12301288 16.32348018 53.63101288 16.06948018 0 P 0
L 53.13581448 60.73253538 53.38981448 60.22453538 0 P 0
L 53.13581448 60.73253538 53.38981448 61.24053538 0 P 0
L 53.1591647 59.28093554 53.4131647 58.77293554 0 P 0
L 53.1591647 59.28093554 53.4131647 59.78893554 0 P 0
L 53.17145322 32.53319884 53.67945322 32.27919884 0 P 0
L 53.17145322 33.04119884 53.67945322 33.29519884 0 P 0
L 53.18609632 34.0579329 53.44009632 33.5499329 0 P 0
L 53.18609632 34.0579329 53.44009632 34.5659329 0 P 0
L 53.18609632 34.7119321 53.44009632 34.2039321 0 P 0
L 53.18609632 34.7119321 53.44009632 35.2199321 0 P 0
L 53.18609632 35.3659313 53.44009632 34.8579313 0 P 0
L 53.18609632 35.3659313 53.44009632 35.8739313 0 P 0
L 53.18609632 36.0199305 53.44009632 35.5119305 0 P 0
L 53.18609632 36.0199305 53.44009632 36.5279305 0 P 0
L 53.18609632 36.6739297 53.44009632 36.1659297 0 P 0
L 53.18609632 36.6739297 53.44009632 37.1819297 0 P 0
L 53.18609632 37.3279289 53.44009632 36.8199289 0 P 0
L 53.18609632 37.3279289 53.44009632 37.8359289 0 P 0
L 53.18609632 37.9819281 53.44009632 37.4739281 0 P 0
L 53.18609632 37.9819281 53.44009632 38.4899281 0 P 0
L 53.18609632 38.6359273 53.44009632 38.1279273 0 P 0
L 53.18609632 38.6359273 53.44009632 39.1439273 0 P 0
L 53.18609632 39.2899265 53.44009632 38.7819265 0 P 0
L 53.18609632 39.2899265 53.44009632 39.7979265 0 P 0
L 53.18609632 39.9439257 53.44009632 39.4359257 0 P 0
L 53.18609632 39.9439257 53.44009632 40.4519257 0 P 0
L 53.18609632 40.5979249 53.44009632 40.0899249 0 P 0
L 53.18609632 40.5979249 53.44009632 41.1059249 0 P 0
L 53.18609632 41.2519241 53.44009632 40.7439241 0 P 0
L 53.18609632 41.2519241 53.44009632 41.7599241 0 P 0
L 53.20330482 56.71616546 53.45730482 57.22416546 0 P 0
L 53.20330482 56.71616546 53.71130482 56.97016546 0 P 0
L 53.20330482 57.73216546 53.45730482 57.22416546 0 P 0
L 53.20330482 57.73216546 53.71130482 57.47816546 0 P 0
L 53.2089868 33.40433502 53.4629868 32.89633502 0 P 0
L 53.2089868 33.40433502 53.4629868 33.91233502 0 P 0
L 53.23828824 20.78537626 53.49228824 20.27737626 0 P 0
L 53.23828824 20.78537626 53.49228824 21.29337626 0 P 0
L 53.26651272 61.82445344 53.52051272 62.33245344 0 P 0
L 53.26651272 61.82445344 53.77451272 62.07845344 0 P 0
L 53.26651272 62.84045344 53.52051272 62.33245344 0 P 0
L 53.26651272 62.84045344 53.77451272 62.58645344 0 P 0
L 53.26882666 41.77024666 53.52282666 42.27824666 0 P 0
L 53.26882666 41.77024666 53.77682666 42.02424666 0 P 0
L 53.26882666 42.78624666 53.52282666 42.27824666 0 P 0
L 53.26882666 42.78624666 53.77682666 42.53224666 0 P 0
L 53.31217938 57.2579246 53.56617938 56.7499246 0 P 0
L 53.31217938 57.2579246 53.56617938 57.7659246 0 P 0
L 53.33479554 42.50624468 53.84279554 42.25224468 0 P 0
L 53.33479554 43.01424468 53.84279554 43.26824468 0 P 0
L 53.37480816 62.31281924 53.62880816 61.80481924 0 P 0
L 53.37480816 62.31281924 53.62880816 62.82081924 0 P 0
L 53.39554726 14.71297032 53.64954726 15.22097032 0 P 0
L 53.39554726 14.71297032 53.90354726 14.96697032 0 P 0
L 53.39554726 15.72897032 53.64954726 15.22097032 0 P 0
L 53.39554726 15.72897032 53.90354726 15.47497032 0 P 0
L 53.3963118 63.14241626 53.9043118 62.88841626 0 P 0
L 53.3963118 63.65041626 53.9043118 63.90441626 0 P 0
L 53.42545322 32.78719884 53.67945322 32.27919884 0 P 0
L 53.42545322 32.78719884 53.67945322 33.29519884 0 P 0
L 53.43351772 18.81625142 53.94151772 18.56225142 0 P 0
L 53.43351772 19.32425142 53.94151772 19.57825142 0 P 0
L 53.45367262 55.89671574 53.96167262 55.64271574 0 P 0
L 53.45367262 56.40471574 53.96167262 56.65871574 0 P 0
L 53.4851102 41.15304444 53.7391102 41.66104444 0 P 0
L 53.4851102 41.15304444 53.9931102 41.40704444 0 P 0
L 53.4851102 42.16904444 53.7391102 41.66104444 0 P 0
L 53.4851102 42.16904444 53.9931102 41.91504444 0 P 0
L 53.50792448 33.30545282 53.76192448 33.81345282 0 P 0
L 53.50792448 33.30545282 54.01592448 33.55945282 0 P 0
L 53.50792448 33.95945202 53.76192448 34.46745202 0 P 0
L 53.50792448 33.95945202 54.01592448 34.21345202 0 P 0
L 53.50792448 34.32145282 53.76192448 33.81345282 0 P 0
L 53.50792448 34.32145282 54.01592448 34.06745282 0 P 0
L 53.50792448 34.61345122 53.76192448 35.12145122 0 P 0
L 53.50792448 34.61345122 54.01592448 34.86745122 0 P 0
L 53.50792448 34.97545202 53.76192448 34.46745202 0 P 0
L 53.50792448 34.97545202 54.01592448 34.72145202 0 P 0
L 53.50792448 35.26745042 53.76192448 35.77545042 0 P 0
L 53.50792448 35.26745042 54.01592448 35.52145042 0 P 0
L 53.50792448 35.62945122 53.76192448 35.12145122 0 P 0
L 53.50792448 35.62945122 54.01592448 35.37545122 0 P 0
L 53.50792448 35.92144962 53.76192448 36.42944962 0 P 0
L 53.50792448 35.92144962 54.01592448 36.17544962 0 P 0
L 53.50792448 36.28345042 53.76192448 35.77545042 0 P 0
L 53.50792448 36.28345042 54.01592448 36.02945042 0 P 0
L 53.50792448 36.57544882 53.76192448 37.08344882 0 P 0
L 53.50792448 36.57544882 54.01592448 36.82944882 0 P 0
L 53.50792448 36.93744962 53.76192448 36.42944962 0 P 0
L 53.50792448 36.93744962 54.01592448 36.68344962 0 P 0
L 53.50792448 37.22944802 53.76192448 37.73744802 0 P 0
L 53.50792448 37.22944802 54.01592448 37.48344802 0 P 0
L 53.50792448 37.59144882 53.76192448 37.08344882 0 P 0
L 53.50792448 37.59144882 54.01592448 37.33744882 0 P 0
L 53.50792448 37.88344722 53.76192448 38.39144722 0 P 0
L 53.50792448 37.88344722 54.01592448 38.13744722 0 P 0
L 53.50792448 38.24544802 53.76192448 37.73744802 0 P 0
L 53.50792448 38.24544802 54.01592448 37.99144802 0 P 0
L 53.50792448 38.53744642 53.76192448 39.04544642 0 P 0
L 53.50792448 38.53744642 54.01592448 38.79144642 0 P 0
L 53.50792448 38.89944722 53.76192448 38.39144722 0 P 0
L 53.50792448 38.89944722 54.01592448 38.64544722 0 P 0
L 53.50792448 39.19144562 53.76192448 39.69944562 0 P 0
L 53.50792448 39.19144562 54.01592448 39.44544562 0 P 0
L 53.50792448 39.55344642 53.76192448 39.04544642 0 P 0
L 53.50792448 39.55344642 54.01592448 39.29944642 0 P 0
L 53.50792448 39.84544482 53.76192448 40.35344482 0 P 0
L 53.50792448 39.84544482 54.01592448 40.09944482 0 P 0
L 53.50792448 40.20744562 53.76192448 39.69944562 0 P 0
L 53.50792448 40.20744562 54.01592448 39.95344562 0 P 0
L 53.50792448 40.49944402 53.76192448 41.00744402 0 P 0
L 53.50792448 40.49944402 54.01592448 40.75344402 0 P 0
L 53.50792448 40.86144482 53.76192448 40.35344482 0 P 0
L 53.50792448 40.86144482 54.01592448 40.60744482 0 P 0
L 53.50792448 41.51544402 53.76192448 41.00744402 0 P 0
L 53.50792448 41.51544402 54.01592448 41.26144402 0 P 0
L 53.53581368 60.47853538 54.04381368 60.22453538 0 P 0
L 53.53581368 60.98653538 54.04381368 61.24053538 0 P 0
L 53.53792442 62.96403714 53.79192442 63.47203714 0 P 0
L 53.53792442 62.96403714 54.04592442 63.21803714 0 P 0
L 53.53792442 63.98003714 53.79192442 63.47203714 0 P 0
L 53.53792442 63.98003714 54.04592442 63.72603714 0 P 0
L 53.54425156 16.20969834 54.05225156 15.95569834 0 P 0
L 53.54425156 16.71769834 54.05225156 16.97169834 0 P 0
L 53.54425156 16.86369754 54.05225156 16.60969754 0 P 0
L 53.54425156 17.37169754 54.05225156 17.62569754 0 P 0
L 53.54425156 17.51769674 54.05225156 17.26369674 0 P 0
L 53.54425156 18.02569674 54.05225156 18.27969674 0 P 0
L 53.54425156 18.17169594 54.05225156 17.91769594 0 P 0
L 53.54425156 18.67969594 54.05225156 18.93369594 0 P 0
L 53.5591639 59.02693554 54.0671639 58.77293554 0 P 0
L 53.5591639 59.53493554 54.0671639 59.78893554 0 P 0
L 53.58866092 55.5232062 53.84266092 56.0312062 0 P 0
L 53.58866092 55.5232062 54.09666092 55.7772062 0 P 0
L 53.58866092 56.5392062 53.84266092 56.0312062 0 P 0
L 53.58866092 56.5392062 54.09666092 56.2852062 0 P 0
L 53.58879554 42.76024468 53.84279554 42.25224468 0 P 0
L 53.58879554 42.76024468 53.84279554 43.26824468 0 P 0
L 53.61367992 32.05137862 54.12167992 31.79737862 0 P 0
L 53.61367992 32.55937862 54.12167992 32.81337862 0 P 0
L 53.62645866 20.40755126 54.13445866 20.15355126 0 P 0
L 53.62645866 20.91555126 54.13445866 21.16955126 0 P 0
L 53.63101288 15.56148018 54.13901288 15.30748018 0 P 0
L 53.63101288 16.06948018 54.13901288 16.32348018 0 P 0
L 53.6503118 63.39641626 53.9043118 62.88841626 0 P 0
L 53.6503118 63.39641626 53.9043118 63.90441626 0 P 0
L 53.68181288 60.22453538 53.93581288 60.73253538 0 P 0
L 53.68181288 60.22453538 54.18981288 60.47853538 0 P 0
L 53.68181288 61.24053538 53.93581288 60.73253538 0 P 0
L 53.68181288 61.24053538 54.18981288 60.98653538 0 P 0
L 53.68751772 19.07025142 53.94151772 18.56225142 0 P 0
L 53.68751772 19.07025142 53.94151772 19.57825142 0 P 0
L 53.68963862 19.8350124 53.94363862 20.3430124 0 P 0
L 53.68963862 19.8350124 54.19763862 20.0890124 0 P 0
L 53.68963862 20.8510124 53.94363862 20.3430124 0 P 0
L 53.68963862 20.8510124 54.19763862 20.5970124 0 P 0
L 53.69152838 31.50669848 53.94552838 32.01469848 0 P 0
L 53.69152838 31.50669848 54.19952838 31.76069848 0 P 0
L 53.69152838 32.52269848 53.94552838 32.01469848 0 P 0
L 53.69152838 32.52269848 54.19952838 32.26869848 0 P 0
L 53.7051631 58.77293554 53.9591631 59.28093554 0 P 0
L 53.7051631 58.77293554 54.2131631 59.02693554 0 P 0
L 53.7051631 59.78893554 53.9591631 59.28093554 0 P 0
L 53.7051631 59.78893554 54.2131631 59.53493554 0 P 0
L 53.70767262 56.15071574 53.96167262 55.64271574 0 P 0
L 53.70767262 56.15071574 53.96167262 56.65871574 0 P 0
L 53.71130482 56.97016546 54.21930482 56.71616546 0 P 0
L 53.71130482 57.47816546 54.21930482 57.73216546 0 P 0
L 53.7320998 32.69107508 53.9860998 33.19907508 0 P 0
L 53.7320998 32.69107508 54.2400998 32.94507508 0 P 0
L 53.7320998 33.70707508 53.9860998 33.19907508 0 P 0
L 53.7320998 33.70707508 54.2400998 33.45307508 0 P 0
L 53.77451272 62.07845344 54.28251272 61.82445344 0 P 0
L 53.77451272 62.58645344 54.28251272 62.84045344 0 P 0
L 53.77682666 42.02424666 54.28482666 41.77024666 0 P 0
L 53.77682666 42.53224666 54.28482666 42.78624666 0 P 0
L 53.78981368 60.73253538 54.04381368 60.22453538 0 P 0
L 53.78981368 60.73253538 54.04381368 61.24053538 0 P 0
L 53.79825156 16.46369834 54.05225156 15.95569834 0 P 0
L 53.79825156 16.46369834 54.05225156 16.97169834 0 P 0
L 53.79825156 17.11769754 54.05225156 16.60969754 0 P 0
L 53.79825156 17.11769754 54.05225156 17.62569754 0 P 0
L 53.79825156 17.77169674 54.05225156 17.26369674 0 P 0
L 53.79825156 17.77169674 54.05225156 18.27969674 0 P 0
L 53.79825156 18.42569594 54.05225156 17.91769594 0 P 0
L 53.79825156 18.42569594 54.05225156 18.93369594 0 P 0
L 53.8131639 59.28093554 54.0671639 58.77293554 0 P 0
L 53.8131639 59.28093554 54.0671639 59.78893554 0 P 0
L 53.84367184 56.58332092 54.09767184 57.09132092 0 P 0
L 53.84367184 56.58332092 54.35167184 56.83732092 0 P 0
L 53.84367184 57.59932092 54.09767184 57.09132092 0 P 0
L 53.84367184 57.59932092 54.35167184 57.34532092 0 P 0
L 53.84494946 14.23783792 54.09894946 14.74583792 0 P 0
L 53.84494946 14.23783792 54.35294946 14.49183792 0 P 0
L 53.84494946 15.25383792 54.09894946 14.74583792 0 P 0
L 53.84494946 15.25383792 54.35294946 14.99983792 0 P 0
L 53.86767992 32.30537862 54.12167992 31.79737862 0 P 0
L 53.86767992 32.30537862 54.12167992 32.81337862 0 P 0
L 53.88045866 20.66155126 54.13445866 20.15355126 0 P 0
L 53.88045866 20.66155126 54.13445866 21.16955126 0 P 0
L 53.88501288 15.81548018 54.13901288 15.30748018 0 P 0
L 53.88501288 15.81548018 54.13901288 16.32348018 0 P 0
L 53.90354726 14.96697032 54.41154726 14.71297032 0 P 0
L 53.90354726 15.47497032 54.41154726 15.72897032 0 P 0
L 53.91154318 61.93239582 54.16554318 62.44039582 0 P 0
L 53.91154318 61.93239582 54.41954318 62.18639582 0 P 0
L 53.91154318 62.94839582 54.16554318 62.44039582 0 P 0
L 53.91154318 62.94839582 54.41954318 62.69439582 0 P 0
L 53.96530482 57.22416546 54.21930482 56.71616546 0 P 0
L 53.96530482 57.22416546 54.21930482 57.73216546 0 P 0
L 53.9931102 41.40704444 54.5011102 41.15304444 0 P 0
L 53.9931102 41.91504444 54.5011102 42.16904444 0 P 0
L 54.01592448 33.55945282 54.52392448 33.30545282 0 P 0
L 54.01592448 34.06745282 54.52392448 34.32145282 0 P 0
L 54.01592448 34.21345202 54.52392448 33.95945202 0 P 0
L 54.01592448 34.72145202 54.52392448 34.97545202 0 P 0
L 54.01592448 34.86745122 54.52392448 34.61345122 0 P 0
L 54.01592448 35.37545122 54.52392448 35.62945122 0 P 0
L 54.01592448 35.52145042 54.52392448 35.26745042 0 P 0
L 54.01592448 36.02945042 54.52392448 36.28345042 0 P 0
L 54.01592448 36.17544962 54.52392448 35.92144962 0 P 0
L 54.01592448 36.68344962 54.52392448 36.93744962 0 P 0
L 54.01592448 36.82944882 54.52392448 36.57544882 0 P 0
L 54.01592448 37.33744882 54.52392448 37.59144882 0 P 0
L 54.01592448 37.48344802 54.52392448 37.22944802 0 P 0
L 54.01592448 37.99144802 54.52392448 38.24544802 0 P 0
L 54.01592448 38.13744722 54.52392448 37.88344722 0 P 0
L 54.01592448 38.64544722 54.52392448 38.89944722 0 P 0
L 54.01592448 38.79144642 54.52392448 38.53744642 0 P 0
L 54.01592448 39.29944642 54.52392448 39.55344642 0 P 0
L 54.01592448 39.44544562 54.52392448 39.19144562 0 P 0
L 54.01592448 39.95344562 54.52392448 40.20744562 0 P 0
L 54.01592448 40.09944482 54.52392448 39.84544482 0 P 0
L 54.01592448 40.60744482 54.52392448 40.86144482 0 P 0
L 54.01592448 40.75344402 54.52392448 40.49944402 0 P 0
L 54.01592448 41.26144402 54.52392448 41.51544402 0 P 0
L 54.02851272 62.33245344 54.28251272 61.82445344 0 P 0
L 54.02851272 62.33245344 54.28251272 62.84045344 0 P 0
L 54.03082666 42.27824666 54.28482666 41.77024666 0 P 0
L 54.03082666 42.27824666 54.28482666 42.78624666 0 P 0
L 54.04592442 63.21803714 54.55392442 62.96403714 0 P 0
L 54.04592442 63.72603714 54.55392442 63.98003714 0 P 0
L 54.09666092 55.7772062 54.60466092 55.5232062 0 P 0
L 54.09666092 56.2852062 54.60466092 56.5392062 0 P 0
L 54.13561944 19.35666436 54.38961944 19.86466436 0 P 0
L 54.13561944 19.35666436 54.64361944 19.61066436 0 P 0
L 54.13561944 20.37266436 54.38961944 19.86466436 0 P 0
L 54.13561944 20.37266436 54.64361944 20.11866436 0 P 0
L 54.15754726 15.22097032 54.41154726 14.71297032 0 P 0
L 54.15754726 15.22097032 54.41154726 15.72897032 0 P 0
L 54.16062828 63.1639199 54.41462828 63.6719199 0 P 0
L 54.16062828 63.1639199 54.66862828 63.4179199 0 P 0
L 54.16062828 64.1799199 54.41462828 63.6719199 0 P 0
L 54.16062828 64.1799199 54.66862828 63.9259199 0 P 0
L 54.18981288 60.47853538 54.69781288 60.22453538 0 P 0
L 54.18981288 60.98653538 54.69781288 61.24053538 0 P 0
L 54.19497924 55.27806572 54.44897924 55.78606572 0 P 0
L 54.19497924 55.27806572 54.70297924 55.53206572 0 P 0
L 54.19497924 56.29406572 54.44897924 55.78606572 0 P 0
L 54.19497924 56.29406572 54.70297924 56.04006572 0 P 0
L 54.19763862 20.0890124 54.70563862 19.8350124 0 P 0
L 54.19763862 20.5970124 54.70563862 20.8510124 0 P 0
L 54.19952838 31.76069848 54.70752838 31.50669848 0 P 0
L 54.19952838 32.26869848 54.70752838 32.52269848 0 P 0
L 54.2131631 59.02693554 54.7211631 58.77293554 0 P 0
L 54.2131631 59.53493554 54.7211631 59.78893554 0 P 0
L 54.2400998 32.94507508 54.7480998 32.69107508 0 P 0
L 54.2400998 33.45307508 54.7480998 33.70707508 0 P 0
L 54.2471102 41.66104444 54.5011102 41.15304444 0 P 0
L 54.2471102 41.66104444 54.5011102 42.16904444 0 P 0
L 54.26992448 33.81345282 54.52392448 33.30545282 0 P 0
L 54.26992448 33.81345282 54.52392448 34.32145282 0 P 0
L 54.26992448 34.46745202 54.52392448 33.95945202 0 P 0
L 54.26992448 34.46745202 54.52392448 34.97545202 0 P 0
L 54.26992448 35.12145122 54.52392448 34.61345122 0 P 0
L 54.26992448 35.12145122 54.52392448 35.62945122 0 P 0
L 54.26992448 35.77545042 54.52392448 35.26745042 0 P 0
L 54.26992448 35.77545042 54.52392448 36.28345042 0 P 0
L 54.26992448 36.42944962 54.52392448 35.92144962 0 P 0
L 54.26992448 36.42944962 54.52392448 36.93744962 0 P 0
L 54.26992448 37.08344882 54.52392448 36.57544882 0 P 0
L 54.26992448 37.08344882 54.52392448 37.59144882 0 P 0
L 54.26992448 37.73744802 54.52392448 37.22944802 0 P 0
L 54.26992448 37.73744802 54.52392448 38.24544802 0 P 0
L 54.26992448 38.39144722 54.52392448 37.88344722 0 P 0
L 54.26992448 38.39144722 54.52392448 38.89944722 0 P 0
L 54.26992448 39.04544642 54.52392448 38.53744642 0 P 0
L 54.26992448 39.04544642 54.52392448 39.55344642 0 P 0
L 54.26992448 39.69944562 54.52392448 39.19144562 0 P 0
L 54.26992448 39.69944562 54.52392448 40.20744562 0 P 0
L 54.26992448 40.35344482 54.52392448 39.84544482 0 P 0
L 54.26992448 40.35344482 54.52392448 40.86144482 0 P 0
L 54.26992448 41.00744402 54.52392448 40.49944402 0 P 0
L 54.26992448 41.00744402 54.52392448 41.51544402 0 P 0
L 54.29992442 63.47203714 54.55392442 62.96403714 0 P 0
L 54.29992442 63.47203714 54.55392442 63.98003714 0 P 0
L 54.33581208 60.22453538 54.58981208 60.73253538 0 P 0
L 54.33581208 60.22453538 54.84381208 60.47853538 0 P 0
L 54.33581208 61.24053538 54.58981208 60.73253538 0 P 0
L 54.33581208 61.24053538 54.84381208 60.98653538 0 P 0
L 54.34435156 31.46747834 54.59835156 31.97547834 0 P 0
L 54.34435156 31.46747834 54.85235156 31.72147834 0 P 0
L 54.34435156 32.48347834 54.59835156 31.97547834 0 P 0
L 54.34435156 32.48347834 54.85235156 32.22947834 0 P 0
L 54.35066092 56.0312062 54.60466092 55.5232062 0 P 0
L 54.35066092 56.0312062 54.60466092 56.5392062 0 P 0
L 54.35167184 56.83732092 54.85967184 56.58332092 0 P 0
L 54.35167184 57.34532092 54.85967184 57.59932092 0 P 0
L 54.35294946 14.49183792 54.86094946 14.23783792 0 P 0
L 54.35294946 14.99983792 54.86094946 15.25383792 0 P 0
L 54.3591623 58.77293554 54.6131623 59.28093554 0 P 0
L 54.3591623 58.77293554 54.8671623 59.02693554 0 P 0
L 54.3591623 59.78893554 54.6131623 59.28093554 0 P 0
L 54.3591623 59.78893554 54.8671623 59.53493554 0 P 0
L 54.37923084 32.59654644 54.63323084 33.10454644 0 P 0
L 54.37923084 32.59654644 54.88723084 32.85054644 0 P 0
L 54.37923084 33.61254644 54.63323084 33.10454644 0 P 0
L 54.37923084 33.61254644 54.88723084 33.35854644 0 P 0
L 54.40509566 18.76076258 54.65909566 19.26876258 0 P 0
L 54.40509566 18.76076258 54.91309566 19.01476258 0 P 0
L 54.40509566 19.77676258 54.65909566 19.26876258 0 P 0
L 54.40509566 19.77676258 54.91309566 19.52276258 0 P 0
L 54.4186999 13.92394726 54.6726999 14.43194726 0 P 0
L 54.4186999 13.92394726 54.9266999 14.17794726 0 P 0
L 54.4186999 14.93994726 54.6726999 14.43194726 0 P 0
L 54.4186999 14.93994726 54.9266999 14.68594726 0 P 0
L 54.41954318 62.18639582 54.92754318 61.93239582 0 P 0
L 54.41954318 62.69439582 54.92754318 62.94839582 0 P 0
L 54.44381288 60.73253538 54.69781288 60.22453538 0 P 0
L 54.44381288 60.73253538 54.69781288 61.24053538 0 P 0
L 54.45163862 20.3430124 54.70563862 19.8350124 0 P 0
L 54.45163862 20.3430124 54.70563862 20.8510124 0 P 0
L 54.45352838 32.01469848 54.70752838 31.50669848 0 P 0
L 54.45352838 32.01469848 54.70752838 32.52269848 0 P 0
L 54.45752888 56.3577232 54.71152888 56.8657232 0 P 0
L 54.45752888 56.3577232 54.96552888 56.6117232 0 P 0
L 54.45752888 57.3737232 54.71152888 56.8657232 0 P 0
L 54.45752888 57.3737232 54.96552888 57.1197232 0 P 0
L 54.4671631 59.28093554 54.7211631 58.77293554 0 P 0
L 54.4671631 59.28093554 54.7211631 59.78893554 0 P 0
L 54.4878514 16.15002358 54.7418514 16.65802358 0 P 0
L 54.4878514 16.15002358 54.9958514 16.40402358 0 P 0
L 54.4878514 16.80402278 54.7418514 17.31202278 0 P 0
L 54.4878514 16.80402278 54.9958514 17.05802278 0 P 0
L 54.4878514 17.16602358 54.7418514 16.65802358 0 P 0
L 54.4878514 17.16602358 54.9958514 16.91202358 0 P 0
L 54.4878514 17.45802198 54.7418514 17.96602198 0 P 0
L 54.4878514 17.45802198 54.9958514 17.71202198 0 P 0
L 54.4878514 17.82002278 54.7418514 17.31202278 0 P 0
L 54.4878514 17.82002278 54.9958514 17.56602278 0 P 0
L 54.4878514 18.11202118 54.7418514 18.62002118 0 P 0
L 54.4878514 18.11202118 54.9958514 18.36602118 0 P 0
L 54.4878514 18.47402198 54.7418514 17.96602198 0 P 0
L 54.4878514 18.47402198 54.9958514 18.22002198 0 P 0
L 54.4878514 19.12802118 54.7418514 18.62002118 0 P 0
L 54.4878514 19.12802118 54.9958514 18.87402118 0 P 0
L 54.4940998 33.19907508 54.7480998 32.69107508 0 P 0
L 54.4940998 33.19907508 54.7480998 33.70707508 0 P 0
L 54.5324665 62.1377472 54.7864665 62.6457472 0 P 0
L 54.5324665 62.1377472 55.0404665 62.3917472 0 P 0
L 54.5324665 63.1537472 54.7864665 62.6457472 0 P 0
L 54.5324665 63.1537472 55.0404665 62.8997472 0 P 0
L 54.60567184 57.09132092 54.85967184 56.58332092 0 P 0
L 54.60567184 57.09132092 54.85967184 57.59932092 0 P 0
L 54.60694946 14.74583792 54.86094946 14.23783792 0 P 0
L 54.60694946 14.74583792 54.86094946 15.25383792 0 P 0
L 54.60785116 15.50712672 54.86185116 16.01512672 0 P 0
L 54.60785116 15.50712672 55.11585116 15.76112672 0 P 0
L 54.60785116 16.52312672 54.86185116 16.01512672 0 P 0
L 54.60785116 16.52312672 55.11585116 16.26912672 0 P 0
L 54.64361944 19.61066436 55.15161944 19.35666436 0 P 0
L 54.64361944 20.11866436 55.15161944 20.37266436 0 P 0
L 54.66862828 63.4179199 55.17662828 63.1639199 0 P 0
L 54.66862828 63.9259199 55.17662828 64.1799199 0 P 0
L 54.67354318 62.44039582 54.92754318 61.93239582 0 P 0
L 54.67354318 62.44039582 54.92754318 62.94839582 0 P 0
L 54.70297924 55.53206572 55.21097924 55.27806572 0 P 0
L 54.70297924 56.04006572 55.21097924 56.29406572 0 P 0
L 54.7328852 63.48052074 54.9868852 63.98852074 0 P 0
L 54.7328852 63.48052074 55.2408852 63.73452074 0 P 0
L 54.7328852 64.49652074 54.9868852 63.98852074 0 P 0
L 54.7328852 64.49652074 55.2408852 64.24252074 0 P 0
L 54.73728448 54.9125267 54.99128448 55.4205267 0 P 0
L 54.73728448 54.9125267 55.24528448 55.1665267 0 P 0
L 54.73728448 55.9285267 54.99128448 55.4205267 0 P 0
L 54.73728448 55.9285267 55.24528448 55.6745267 0 P 0
L 54.7479093 33.13672316 55.0019093 33.64472316 0 P 0
L 54.7479093 33.13672316 55.2559093 33.39072316 0 P 0
L 54.7479093 34.15272316 55.0019093 33.64472316 0 P 0
L 54.7479093 34.15272316 55.2559093 33.89872316 0 P 0
L 54.75509496 33.79068172 55.00909496 34.29868172 0 P 0
L 54.75509496 33.79068172 55.26309496 34.04468172 0 P 0
L 54.75509496 34.44468092 55.00909496 34.95268092 0 P 0
L 54.75509496 34.44468092 55.26309496 34.69868092 0 P 0
L 54.75509496 34.80668172 55.00909496 34.29868172 0 P 0
L 54.75509496 34.80668172 55.26309496 34.55268172 0 P 0
L 54.75509496 35.09868012 55.00909496 35.60668012 0 P 0
L 54.75509496 35.09868012 55.26309496 35.35268012 0 P 0
L 54.75509496 35.46068092 55.00909496 34.95268092 0 P 0
L 54.75509496 35.46068092 55.26309496 35.20668092 0 P 0
L 54.75509496 35.75267932 55.00909496 36.26067932 0 P 0
L 54.75509496 35.75267932 55.26309496 36.00667932 0 P 0
L 54.75509496 36.11468012 55.00909496 35.60668012 0 P 0
L 54.75509496 36.11468012 55.26309496 35.86068012 0 P 0
L 54.75509496 36.40667852 55.00909496 36.91467852 0 P 0
L 54.75509496 36.40667852 55.26309496 36.66067852 0 P 0
L 54.75509496 36.76867932 55.00909496 36.26067932 0 P 0
L 54.75509496 36.76867932 55.26309496 36.51467932 0 P 0
L 54.75509496 37.06067772 55.00909496 37.56867772 0 P 0
L 54.75509496 37.06067772 55.26309496 37.31467772 0 P 0
L 54.75509496 37.42267852 55.00909496 36.91467852 0 P 0
L 54.75509496 37.42267852 55.26309496 37.16867852 0 P 0
L 54.75509496 37.71467692 55.00909496 38.22267692 0 P 0
L 54.75509496 37.71467692 55.26309496 37.96867692 0 P 0
L 54.75509496 38.07667772 55.00909496 37.56867772 0 P 0
L 54.75509496 38.07667772 55.26309496 37.82267772 0 P 0
L 54.75509496 38.36867612 55.00909496 38.87667612 0 P 0
L 54.75509496 38.36867612 55.26309496 38.62267612 0 P 0
L 54.75509496 38.73067692 55.00909496 38.22267692 0 P 0
L 54.75509496 38.73067692 55.26309496 38.47667692 0 P 0
L 54.75509496 39.02267532 55.00909496 39.53067532 0 P 0
L 54.75509496 39.02267532 55.26309496 39.27667532 0 P 0
L 54.75509496 39.38467612 55.00909496 38.87667612 0 P 0
L 54.75509496 39.38467612 55.26309496 39.13067612 0 P 0
L 54.75509496 39.67667452 55.00909496 40.18467452 0 P 0
L 54.75509496 39.67667452 55.26309496 39.93067452 0 P 0
L 54.75509496 40.03867532 55.00909496 39.53067532 0 P 0
L 54.75509496 40.03867532 55.26309496 39.78467532 0 P 0
L 54.75509496 40.33067372 55.00909496 40.83867372 0 P 0
L 54.75509496 40.33067372 55.26309496 40.58467372 0 P 0
L 54.75509496 40.69267452 55.00909496 40.18467452 0 P 0
L 54.75509496 40.69267452 55.26309496 40.43867452 0 P 0
L 54.75509496 41.34667372 55.00909496 40.83867372 0 P 0
L 54.75509496 41.34667372 55.26309496 41.09267372 0 P 0
L 54.75574012 40.98467292 55.00974012 41.49267292 0 P 0
L 54.75574012 40.98467292 55.26374012 41.23867292 0 P 0
L 54.75574012 42.00067292 55.00974012 41.49267292 0 P 0
L 54.75574012 42.00067292 55.26374012 41.74667292 0 P 0
L 54.84381208 60.47853538 55.35181208 60.22453538 0 P 0
L 54.84381208 60.98653538 55.35181208 61.24053538 0 P 0
L 54.85235156 31.72147834 55.36035156 31.46747834 0 P 0
L 54.85235156 32.22947834 55.36035156 32.48347834 0 P 0
L 54.8671623 59.02693554 55.3751623 58.77293554 0 P 0
L 54.8671623 59.53493554 55.3751623 59.78893554 0 P 0
L 54.88723084 32.85054644 55.39523084 32.59654644 0 P 0
L 54.88723084 33.35854644 55.39523084 33.61254644 0 P 0
L 54.89761944 19.86466436 55.15161944 19.35666436 0 P 0
L 54.89761944 19.86466436 55.15161944 20.37266436 0 P 0
L 54.91309566 19.01476258 55.42109566 18.76076258 0 P 0
L 54.91309566 19.52276258 55.42109566 19.77676258 0 P 0
L 54.91870652 41.61804224 55.17270652 42.12604224 0 P 0
L 54.91870652 41.61804224 55.42670652 41.87204224 0 P 0
L 54.91870652 42.63404224 55.17270652 42.12604224 0 P 0
L 54.91870652 42.63404224 55.42670652 42.38004224 0 P 0
L 54.92262828 63.6719199 55.17662828 63.1639199 0 P 0
L 54.92262828 63.6719199 55.17662828 64.1799199 0 P 0
L 54.9266999 14.17794726 55.4346999 13.92394726 0 P 0
L 54.9266999 14.68594726 55.4346999 14.93994726 0 P 0
L 54.95697924 55.78606572 55.21097924 55.27806572 0 P 0
L 54.95697924 55.78606572 55.21097924 56.29406572 0 P 0
L 54.96552888 56.6117232 55.47352888 56.3577232 0 P 0
L 54.96552888 57.1197232 55.47352888 57.3737232 0 P 0
L 54.96753802 31.6658498 55.22153802 32.1738498 0 P 0
L 54.96753802 31.6658498 55.47553802 31.9198498 0 P 0
L 54.96753802 32.6818498 55.22153802 32.1738498 0 P 0
L 54.96753802 32.6818498 55.47553802 32.4278498 0 P 0
L 54.98981128 60.22453538 55.24381128 60.73253538 0 P 0
L 54.98981128 60.22453538 55.49781128 60.47853538 0 P 0
L 54.98981128 61.24053538 55.24381128 60.73253538 0 P 0
L 54.98981128 61.24053538 55.49781128 60.98653538 0 P 0
L 54.9958514 16.40402358 55.5038514 16.15002358 0 P 0
L 54.9958514 16.91202358 55.5038514 17.16602358 0 P 0
L 54.9958514 17.05802278 55.5038514 16.80402278 0 P 0
L 54.9958514 17.56602278 55.5038514 17.82002278 0 P 0
L 54.9958514 17.71202198 55.5038514 17.45802198 0 P 0
L 54.9958514 18.22002198 55.5038514 18.47402198 0 P 0
L 54.9958514 18.36602118 55.5038514 18.11202118 0 P 0
L 54.9958514 18.87402118 55.5038514 19.12802118 0 P 0
L 55.0131615 58.77293554 55.2671615 59.28093554 0 P 0
L 55.0131615 58.77293554 55.5211615 59.02693554 0 P 0
L 55.0131615 59.78893554 55.2671615 59.28093554 0 P 0
L 55.0131615 59.78893554 55.5211615 59.53493554 0 P 0
L 55.0315003 56.04424402 55.2855003 56.55224402 0 P 0
L 55.0315003 56.04424402 55.5395003 56.29824402 0 P 0
L 55.0315003 57.06024402 55.2855003 56.55224402 0 P 0
L 55.0315003 57.06024402 55.5395003 56.80624402 0 P 0
L 55.0404665 62.3917472 55.5484665 62.1377472 0 P 0
L 55.0404665 62.8997472 55.5484665 63.1537472 0 P 0
L 55.0613707 13.80274608 55.3153707 14.31074608 0 P 0
L 55.0613707 13.80274608 55.5693707 14.05674608 0 P 0
L 55.0613707 14.81874608 55.3153707 14.31074608 0 P 0
L 55.0613707 14.81874608 55.5693707 14.56474608 0 P 0
L 55.09781208 60.73253538 55.35181208 60.22453538 0 P 0
L 55.09781208 60.73253538 55.35181208 61.24053538 0 P 0
L 55.10635156 31.97547834 55.36035156 31.46747834 0 P 0
L 55.10635156 31.97547834 55.36035156 32.48347834 0 P 0
L 55.11466498 62.4356765 55.36866498 62.9436765 0 P 0
L 55.11466498 62.4356765 55.62266498 62.6896765 0 P 0
L 55.11466498 63.4516765 55.36866498 62.9436765 0 P 0
L 55.11466498 63.4516765 55.62266498 63.1976765 0 P 0
L 55.11585116 15.76112672 55.62385116 15.50712672 0 P 0
L 55.11585116 16.26912672 55.62385116 16.52312672 0 P 0
L 55.1211623 59.28093554 55.3751623 58.77293554 0 P 0
L 55.1211623 59.28093554 55.3751623 59.78893554 0 P 0
L 55.14123084 33.10454644 55.39523084 32.59654644 0 P 0
L 55.14123084 33.10454644 55.39523084 33.61254644 0 P 0
L 55.16709566 19.26876258 55.42109566 18.76076258 0 P 0
L 55.16709566 19.26876258 55.42109566 19.77676258 0 P 0
L 55.1806999 14.43194726 55.4346999 13.92394726 0 P 0
L 55.1806999 14.43194726 55.4346999 14.93994726 0 P 0
L 55.20129168 54.45164624 55.45529168 54.95964624 0 P 0
L 55.20129168 54.45164624 55.70929168 54.70564624 0 P 0
L 55.20129168 55.46764624 55.45529168 54.95964624 0 P 0
L 55.20129168 55.46764624 55.70929168 55.21364624 0 P 0
L 55.20941206 15.25053338 55.46341206 15.75853338 0 P 0
L 55.20941206 15.25053338 55.71741206 15.50453338 0 P 0
L 55.20941206 16.26653338 55.46341206 15.75853338 0 P 0
L 55.20941206 16.26653338 55.71741206 16.01253338 0 P 0
L 55.21952888 56.8657232 55.47352888 56.3577232 0 P 0
L 55.21952888 56.8657232 55.47352888 57.3737232 0 P 0
L 55.22001656 63.9168902 55.47401656 64.4248902 0 P 0
L 55.22001656 63.9168902 55.72801656 64.1708902 0 P 0
L 55.22001656 64.9328902 55.47401656 64.4248902 0 P 0
L 55.22001656 64.9328902 55.72801656 64.6788902 0 P 0
L 55.2408852 63.73452074 55.7488852 63.48052074 0 P 0
L 55.2408852 64.24252074 55.7488852 64.49652074 0 P 0
L 55.24528448 55.1665267 55.75328448 54.9125267 0 P 0
L 55.24528448 55.6745267 55.75328448 55.9285267 0 P 0
L 55.2498514 16.65802358 55.5038514 16.15002358 0 P 0
L 55.2498514 16.65802358 55.5038514 17.16602358 0 P 0
L 55.2498514 17.31202278 55.5038514 16.80402278 0 P 0
L 55.2498514 17.31202278 55.5038514 17.82002278 0 P 0
L 55.2498514 17.96602198 55.5038514 17.45802198 0 P 0
L 55.2498514 17.96602198 55.5038514 18.47402198 0 P 0
L 55.2498514 18.62002118 55.5038514 18.11202118 0 P 0
L 55.2498514 18.62002118 55.5038514 19.12802118 0 P 0
L 55.2559093 33.39072316 55.7639093 33.13672316 0 P 0
L 55.2559093 33.89872316 55.7639093 34.15272316 0 P 0
L 55.26309496 34.04468172 55.77109496 33.79068172 0 P 0
L 55.26309496 34.55268172 55.77109496 34.80668172 0 P 0
L 55.26309496 34.69868092 55.77109496 34.44468092 0 P 0
L 55.26309496 35.20668092 55.77109496 35.46068092 0 P 0
L 55.26309496 35.35268012 55.77109496 35.09868012 0 P 0
L 55.26309496 35.86068012 55.77109496 36.11468012 0 P 0
L 55.26309496 36.00667932 55.77109496 35.75267932 0 P 0
L 55.26309496 36.51467932 55.77109496 36.76867932 0 P 0
L 55.26309496 36.66067852 55.77109496 36.40667852 0 P 0
L 55.26309496 37.16867852 55.77109496 37.42267852 0 P 0
L 55.26309496 37.31467772 55.77109496 37.06067772 0 P 0
L 55.26309496 37.82267772 55.77109496 38.07667772 0 P 0
L 55.26309496 37.96867692 55.77109496 37.71467692 0 P 0
L 55.26309496 38.47667692 55.77109496 38.73067692 0 P 0
L 55.26309496 38.62267612 55.77109496 38.36867612 0 P 0
L 55.26309496 39.13067612 55.77109496 39.38467612 0 P 0
L 55.26309496 39.27667532 55.77109496 39.02267532 0 P 0
L 55.26309496 39.78467532 55.77109496 40.03867532 0 P 0
L 55.26309496 39.93067452 55.77109496 39.67667452 0 P 0
L 55.26309496 40.43867452 55.77109496 40.69267452 0 P 0
L 55.26309496 40.58467372 55.77109496 40.33067372 0 P 0
L 55.26309496 41.09267372 55.77109496 41.34667372 0 P 0
L 55.26374012 41.23867292 55.77174012 40.98467292 0 P 0
L 55.26374012 41.74667292 55.77174012 42.00067292 0 P 0
L 55.2944665 62.6457472 55.5484665 62.1377472 0 P 0
L 55.2944665 62.6457472 55.5484665 63.1537472 0 P 0
L 55.30112638 42.14857966 55.55512638 42.65657966 0 P 0
L 55.30112638 42.14857966 55.80912638 42.40257966 0 P 0
L 55.30112638 43.16457966 55.55512638 42.65657966 0 P 0
L 55.30112638 43.16457966 55.80912638 42.91057966 0 P 0
L 55.36985116 16.01512672 55.62385116 15.50712672 0 P 0
L 55.36985116 16.01512672 55.62385116 16.52312672 0 P 0
L 55.42670652 41.87204224 55.93470652 41.61804224 0 P 0
L 55.42670652 42.38004224 55.93470652 42.63404224 0 P 0
L 55.4624621 32.09335974 55.7164621 32.60135974 0 P 0
L 55.4624621 32.09335974 55.9704621 32.34735974 0 P 0
L 55.4624621 33.10935974 55.7164621 32.60135974 0 P 0
L 55.4624621 33.10935974 55.9704621 32.85535974 0 P 0
L 55.47553802 31.9198498 55.98353802 31.6658498 0 P 0
L 55.47553802 32.4278498 55.98353802 32.6818498 0 P 0
L 55.4948852 63.98852074 55.7488852 63.48052074 0 P 0
L 55.4948852 63.98852074 55.7488852 64.49652074 0 P 0
L 55.49781128 60.47853538 56.00581128 60.22453538 0 P 0
L 55.49781128 60.98653538 56.00581128 61.24053538 0 P 0
L 55.49928448 55.4205267 55.75328448 54.9125267 0 P 0
L 55.49928448 55.4205267 55.75328448 55.9285267 0 P 0
L 55.5099093 33.64472316 55.7639093 33.13672316 0 P 0
L 55.5099093 33.64472316 55.7639093 34.15272316 0 P 0
L 55.51709496 34.29868172 55.77109496 33.79068172 0 P 0
L 55.51709496 34.29868172 55.77109496 34.80668172 0 P 0
L 55.51709496 34.95268092 55.77109496 34.44468092 0 P 0
L 55.51709496 34.95268092 55.77109496 35.46068092 0 P 0
L 55.51709496 35.60668012 55.77109496 35.09868012 0 P 0
L 55.51709496 35.60668012 55.77109496 36.11468012 0 P 0
L 55.51709496 36.26067932 55.77109496 35.75267932 0 P 0
L 55.51709496 36.26067932 55.77109496 36.76867932 0 P 0
L 55.51709496 36.91467852 55.77109496 36.40667852 0 P 0
L 55.51709496 36.91467852 55.77109496 37.42267852 0 P 0
L 55.51709496 37.56867772 55.77109496 37.06067772 0 P 0
L 55.51709496 37.56867772 55.77109496 38.07667772 0 P 0
L 55.51709496 38.22267692 55.77109496 37.71467692 0 P 0
L 55.51709496 38.22267692 55.77109496 38.73067692 0 P 0
L 55.51709496 38.87667612 55.77109496 38.36867612 0 P 0
L 55.51709496 38.87667612 55.77109496 39.38467612 0 P 0
L 55.51709496 39.53067532 55.77109496 39.02267532 0 P 0
L 55.51709496 39.53067532 55.77109496 40.03867532 0 P 0
L 55.51709496 40.18467452 55.77109496 39.67667452 0 P 0
L 55.51709496 40.18467452 55.77109496 40.69267452 0 P 0
L 55.51709496 40.83867372 55.77109496 40.33067372 0 P 0
L 55.51709496 40.83867372 55.77109496 41.34667372 0 P 0
L 55.51774012 41.49267292 55.77174012 40.98467292 0 P 0
L 55.51774012 41.49267292 55.77174012 42.00067292 0 P 0
L 55.5211615 59.02693554 56.0291615 58.77293554 0 P 0
L 55.5211615 59.53493554 56.0291615 59.78893554 0 P 0
L 55.5395003 56.29824402 56.0475003 56.04424402 0 P 0
L 55.5395003 56.80624402 56.0475003 57.06024402 0 P 0
L 55.55307914 55.64969058 55.80707914 56.15769058 0 P 0
L 55.55307914 55.64969058 56.06107914 55.90369058 0 P 0
L 55.55307914 56.66569058 55.80707914 56.15769058 0 P 0
L 55.55307914 56.66569058 56.06107914 56.41169058 0 P 0
L 55.5693707 14.05674608 56.0773707 13.80274608 0 P 0
L 55.5693707 14.56474608 56.0773707 14.81874608 0 P 0
L 55.57047814 53.91181496 55.82447814 54.41981496 0 P 0
L 55.57047814 53.91181496 56.07847814 54.16581496 0 P 0
L 55.57047814 54.92781496 55.82447814 54.41981496 0 P 0
L 55.57047814 54.92781496 56.07847814 54.67381496 0 P 0
L 55.6098837 64.44197932 55.8638837 64.94997932 0 P 0
L 55.6098837 64.44197932 56.1178837 64.69597932 0 P 0
L 55.6098837 65.45797932 55.8638837 64.94997932 0 P 0
L 55.6098837 65.45797932 56.1178837 65.20397932 0 P 0
L 55.62266498 62.6896765 56.13066498 62.4356765 0 P 0
L 55.62266498 63.1976765 56.13066498 63.4516765 0 P 0
L 55.64381048 60.22453538 55.89781048 60.73253538 0 P 0
L 55.64381048 60.22453538 56.15181048 60.47853538 0 P 0
L 55.64381048 61.24053538 55.89781048 60.73253538 0 P 0
L 55.64381048 61.24053538 56.15181048 60.98653538 0 P 0
L 55.6444277 62.8191657 55.8984277 63.3271657 0 P 0
L 55.6444277 62.8191657 56.1524277 63.0731657 0 P 0
L 55.6444277 63.8351657 55.8984277 63.3271657 0 P 0
L 55.6444277 63.8351657 56.1524277 63.5811657 0 P 0
L 55.6671607 58.77293554 55.9211607 59.28093554 0 P 0
L 55.6671607 58.77293554 56.1751607 59.02693554 0 P 0
L 55.6671607 59.78893554 55.9211607 59.28093554 0 P 0
L 55.6671607 59.78893554 56.1751607 59.53493554 0 P 0
L 55.68070652 42.12604224 55.93470652 41.61804224 0 P 0
L 55.68070652 42.12604224 55.93470652 42.63404224 0 P 0
L 55.70929168 54.70564624 56.21729168 54.45164624 0 P 0
L 55.70929168 55.21364624 56.21729168 55.46764624 0 P 0
L 55.7153572 13.79893354 55.9693572 14.30693354 0 P 0
L 55.7153572 13.79893354 56.2233572 14.05293354 0 P 0
L 55.7153572 14.81493354 55.9693572 14.30693354 0 P 0
L 55.7153572 14.81493354 56.2233572 14.56093354 0 P 0
L 55.71741206 15.50453338 56.22541206 15.25053338 0 P 0
L 55.71741206 16.01253338 56.22541206 16.26653338 0 P 0
L 55.72801656 64.1708902 56.23601656 63.9168902 0 P 0
L 55.72801656 64.6788902 56.23601656 64.9328902 0 P 0
L 55.72953802 32.1738498 55.98353802 31.6658498 0 P 0
L 55.72953802 32.1738498 55.98353802 32.6818498 0 P 0
L 55.75181128 60.73253538 56.00581128 60.22453538 0 P 0
L 55.75181128 60.73253538 56.00581128 61.24053538 0 P 0
L 55.77309394 32.66888056 56.02709394 33.17688056 0 P 0
L 55.77309394 32.66888056 56.28109394 32.92288056 0 P 0
L 55.77309394 33.68488056 56.02709394 33.17688056 0 P 0
L 55.77309394 33.68488056 56.28109394 33.43088056 0 P 0
L 55.7751615 59.28093554 56.0291615 58.77293554 0 P 0
L 55.7751615 59.28093554 56.0291615 59.78893554 0 P 0
L 55.7935003 56.55224402 56.0475003 56.04424402 0 P 0
L 55.7935003 56.55224402 56.0475003 57.06024402 0 P 0
L 55.80912638 42.40257966 56.31712638 42.14857966 0 P 0
L 55.80912638 42.91057966 56.31712638 43.16457966 0 P 0
L 55.8233707 14.31074608 56.0773707 13.80274608 0 P 0
L 55.8233707 14.31074608 56.0773707 14.81874608 0 P 0
L 55.82371868 53.30883674 56.07771868 53.81683674 0 P 0
L 55.82371868 53.30883674 56.33171868 53.56283674 0 P 0
L 55.82371868 54.32483674 56.07771868 53.81683674 0 P 0
L 55.82371868 54.32483674 56.33171868 54.07083674 0 P 0
L 55.83892312 33.31955744 56.09292312 33.82755744 0 P 0
L 55.83892312 33.31955744 56.34692312 33.57355744 0 P 0
L 55.83892312 33.97355664 56.09292312 34.48155664 0 P 0
L 55.83892312 33.97355664 56.34692312 34.22755664 0 P 0
L 55.83892312 34.33555744 56.09292312 33.82755744 0 P 0
L 55.83892312 34.33555744 56.34692312 34.08155744 0 P 0
L 55.83892312 34.62755584 56.09292312 35.13555584 0 P 0
L 55.83892312 34.62755584 56.34692312 34.88155584 0 P 0
L 55.83892312 34.98955664 56.09292312 34.48155664 0 P 0
L 55.83892312 34.98955664 56.34692312 34.73555664 0 P 0
L 55.83892312 35.28155504 56.09292312 35.78955504 0 P 0
L 55.83892312 35.28155504 56.34692312 35.53555504 0 P 0
L 55.83892312 35.64355584 56.09292312 35.13555584 0 P 0
L 55.83892312 35.64355584 56.34692312 35.38955584 0 P 0
L 55.83892312 35.93555424 56.09292312 36.44355424 0 P 0
L 55.83892312 35.93555424 56.34692312 36.18955424 0 P 0
L 55.83892312 36.29755504 56.09292312 35.78955504 0 P 0
L 55.83892312 36.29755504 56.34692312 36.04355504 0 P 0
L 55.83892312 36.58955344 56.09292312 37.09755344 0 P 0
L 55.83892312 36.58955344 56.34692312 36.84355344 0 P 0
L 55.83892312 36.95155424 56.09292312 36.44355424 0 P 0
L 55.83892312 36.95155424 56.34692312 36.69755424 0 P 0
L 55.83892312 37.24355264 56.09292312 37.75155264 0 P 0
L 55.83892312 37.24355264 56.34692312 37.49755264 0 P 0
L 55.83892312 37.60555344 56.09292312 37.09755344 0 P 0
L 55.83892312 37.60555344 56.34692312 37.35155344 0 P 0
L 55.83892312 37.89755184 56.09292312 38.40555184 0 P 0
L 55.83892312 37.89755184 56.34692312 38.15155184 0 P 0
L 55.83892312 38.25955264 56.09292312 37.75155264 0 P 0
L 55.83892312 38.25955264 56.34692312 38.00555264 0 P 0
L 55.83892312 38.55155104 56.09292312 39.05955104 0 P 0
L 55.83892312 38.55155104 56.34692312 38.80555104 0 P 0
L 55.83892312 38.91355184 56.09292312 38.40555184 0 P 0
L 55.83892312 38.91355184 56.34692312 38.65955184 0 P 0
L 55.83892312 39.20555024 56.09292312 39.71355024 0 P 0
L 55.83892312 39.20555024 56.34692312 39.45955024 0 P 0
L 55.83892312 39.56755104 56.09292312 39.05955104 0 P 0
L 55.83892312 39.56755104 56.34692312 39.31355104 0 P 0
L 55.83892312 39.85954944 56.09292312 40.36754944 0 P 0
L 55.83892312 39.85954944 56.34692312 40.11354944 0 P 0
L 55.83892312 40.22155024 56.09292312 39.71355024 0 P 0
L 55.83892312 40.22155024 56.34692312 39.96755024 0 P 0
L 55.83892312 40.51354864 56.09292312 41.02154864 0 P 0
L 55.83892312 40.51354864 56.34692312 40.76754864 0 P 0
L 55.83892312 40.87554944 56.09292312 40.36754944 0 P 0
L 55.83892312 40.87554944 56.34692312 40.62154944 0 P 0
L 55.83892312 41.52954864 56.09292312 41.02154864 0 P 0
L 55.83892312 41.52954864 56.34692312 41.27554864 0 P 0
L 55.8531141 65.04906472 56.1071141 65.55706472 0 P 0
L 55.8531141 65.04906472 56.3611141 65.30306472 0 P 0
L 55.8531141 66.06506472 56.1071141 65.55706472 0 P 0
L 55.8531141 66.06506472 56.3611141 65.81106472 0 P 0
L 55.86076712 42.48698386 56.11476712 42.99498386 0 P 0
L 55.86076712 42.48698386 56.36876712 42.74098386 0 P 0
L 55.86076712 43.50298386 56.11476712 42.99498386 0 P 0
L 55.86076712 43.50298386 56.36876712 43.24898386 0 P 0
L 55.86341126 15.25053338 56.11741126 15.75853338 0 P 0
L 55.86341126 15.25053338 56.37141126 15.50453338 0 P 0
L 55.86341126 16.26653338 56.11741126 15.75853338 0 P 0
L 55.86341126 16.26653338 56.37141126 16.01253338 0 P 0
L 55.87666498 62.9436765 56.13066498 62.4356765 0 P 0
L 55.87666498 62.9436765 56.13066498 63.4516765 0 P 0
L 55.91066542 41.16360068 56.16466542 41.67160068 0 P 0
L 55.91066542 41.16360068 56.41866542 41.41760068 0 P 0
L 55.91066542 42.17960068 56.16466542 41.67160068 0 P 0
L 55.91066542 42.17960068 56.41866542 41.92560068 0 P 0
L 55.94755638 52.66666886 56.20155638 53.17466886 0 P 0
L 55.94755638 52.66666886 56.45555638 52.92066886 0 P 0
L 55.94755638 53.68266886 56.20155638 53.17466886 0 P 0
L 55.94755638 53.68266886 56.45555638 53.42866886 0 P 0
L 55.9515518 65.6956141 56.2055518 66.2036141 0 P 0
L 55.9515518 65.6956141 56.4595518 65.9496141 0 P 0
L 55.9515518 66.7116141 56.2055518 66.2036141 0 P 0
L 55.9515518 66.7116141 56.4595518 66.4576141 0 P 0
L 55.96329168 54.95964624 56.21729168 54.45164624 0 P 0
L 55.96329168 54.95964624 56.21729168 55.46764624 0 P 0
L 55.9704621 32.34735974 56.4784621 32.09335974 0 P 0
L 55.9704621 32.85535974 56.4784621 33.10935974 0 P 0
L 55.97141206 15.75853338 56.22541206 15.25053338 0 P 0
L 55.97141206 15.75853338 56.22541206 16.26653338 0 P 0
L 55.97314434 47.43517564 56.22714434 47.94317564 0 P 0
L 55.97314434 47.43517564 56.48114434 47.68917564 0 P 0
L 55.97314434 48.08917484 56.22714434 48.59717484 0 P 0
L 55.97314434 48.08917484 56.48114434 48.34317484 0 P 0
L 55.97314434 48.45117564 56.22714434 47.94317564 0 P 0
L 55.97314434 48.45117564 56.48114434 48.19717564 0 P 0
L 55.97314434 48.74317404 56.22714434 49.25117404 0 P 0
L 55.97314434 48.74317404 56.48114434 48.99717404 0 P 0
L 55.97314434 49.10517484 56.22714434 48.59717484 0 P 0
L 55.97314434 49.10517484 56.48114434 48.85117484 0 P 0
L 55.97314434 49.39717324 56.22714434 49.90517324 0 P 0
L 55.97314434 49.39717324 56.48114434 49.65117324 0 P 0
L 55.97314434 49.75917404 56.22714434 49.25117404 0 P 0
L 55.97314434 49.75917404 56.48114434 49.50517404 0 P 0
L 55.97314434 50.05117244 56.22714434 50.55917244 0 P 0
L 55.97314434 50.05117244 56.48114434 50.30517244 0 P 0
L 55.97314434 50.41317324 56.22714434 49.90517324 0 P 0
L 55.97314434 50.41317324 56.48114434 50.15917324 0 P 0
L 55.97314434 50.70517164 56.22714434 51.21317164 0 P 0
L 55.97314434 50.70517164 56.48114434 50.95917164 0 P 0
L 55.97314434 51.06717244 56.22714434 50.55917244 0 P 0
L 55.97314434 51.06717244 56.48114434 50.81317244 0 P 0
L 55.97314434 51.35917084 56.22714434 51.86717084 0 P 0
L 55.97314434 51.35917084 56.48114434 51.61317084 0 P 0
L 55.97314434 51.72117164 56.22714434 51.21317164 0 P 0
L 55.97314434 51.72117164 56.48114434 51.46717164 0 P 0
L 55.97314434 52.01317004 56.22714434 52.52117004 0 P 0
L 55.97314434 52.01317004 56.48114434 52.26717004 0 P 0
L 55.97314434 52.37517084 56.22714434 51.86717084 0 P 0
L 55.97314434 52.37517084 56.48114434 52.12117084 0 P 0
L 55.97314434 53.02917004 56.22714434 52.52117004 0 P 0
L 55.97314434 53.02917004 56.48114434 52.77517004 0 P 0
L 55.97314434 66.3492577 56.22714434 66.8572577 0 P 0
L 55.97314434 66.3492577 56.48114434 66.6032577 0 P 0
L 55.97314434 67.0032569 56.22714434 67.5112569 0 P 0
L 55.97314434 67.0032569 56.48114434 67.2572569 0 P 0
L 55.97314434 67.3652577 56.22714434 66.8572577 0 P 0
L 55.97314434 67.3652577 56.48114434 67.1112577 0 P 0
L 55.97314434 67.6572561 56.22714434 68.1652561 0 P 0
L 55.97314434 67.6572561 56.48114434 67.9112561 0 P 0
L 55.97314434 68.0192569 56.22714434 67.5112569 0 P 0
L 55.97314434 68.0192569 56.48114434 67.7652569 0 P 0
L 55.97314434 68.3112553 56.22714434 68.8192553 0 P 0
L 55.97314434 68.3112553 56.48114434 68.5652553 0 P 0
L 55.97314434 68.6732561 56.22714434 68.1652561 0 P 0
L 55.97314434 68.6732561 56.48114434 68.4192561 0 P 0
L 55.97314434 68.9652545 56.22714434 69.4732545 0 P 0
L 55.97314434 68.9652545 56.48114434 69.2192545 0 P 0
L 55.97314434 69.3272553 56.22714434 68.8192553 0 P 0
L 55.97314434 69.3272553 56.48114434 69.0732553 0 P 0
L 55.97314434 69.6192537 56.22714434 70.1272537 0 P 0
L 55.97314434 69.6192537 56.48114434 69.8732537 0 P 0
L 55.97314434 69.9812545 56.22714434 69.4732545 0 P 0
L 55.97314434 69.9812545 56.48114434 69.7272545 0 P 0
L 55.97314434 70.2732529 56.22714434 70.7812529 0 P 0
L 55.97314434 70.2732529 56.48114434 70.5272529 0 P 0
L 55.97314434 70.6352537 56.22714434 70.1272537 0 P 0
L 55.97314434 70.6352537 56.48114434 70.3812537 0 P 0
L 55.97314434 70.9272521 56.22714434 71.4352521 0 P 0
L 55.97314434 70.9272521 56.48114434 71.1812521 0 P 0
L 55.97314434 71.2892529 56.22714434 70.7812529 0 P 0
L 55.97314434 71.2892529 56.48114434 71.0352529 0 P 0
L 55.97314434 71.5812513 56.22714434 72.0892513 0 P 0
L 55.97314434 71.5812513 56.48114434 71.8352513 0 P 0
L 55.97314434 71.9432521 56.22714434 71.4352521 0 P 0
L 55.97314434 71.9432521 56.48114434 71.6892521 0 P 0
L 55.97314434 72.5972513 56.22714434 72.0892513 0 P 0
L 55.97314434 72.5972513 56.48114434 72.3432513 0 P 0
L 55.98201656 64.4248902 56.23601656 63.9168902 0 P 0
L 55.98201656 64.4248902 56.23601656 64.9328902 0 P 0
L 55.98641584 72.23511588 56.24041584 72.74311588 0 P 0
L 55.98641584 72.23511588 56.49441584 72.48911588 0 P 0
L 55.98641584 73.25111588 56.24041584 72.74311588 0 P 0
L 55.98641584 73.25111588 56.49441584 72.99711588 0 P 0
L 55.98901172 46.78136948 56.24301172 47.28936948 0 P 0
L 55.98901172 46.78136948 56.49701172 47.03536948 0 P 0
L 55.98901172 47.79736948 56.24301172 47.28936948 0 P 0
L 55.98901172 47.79736948 56.49701172 47.54336948 0 P 0
L 56.01087604 55.18264046 56.26487604 55.69064046 0 P 0
L 56.01087604 55.18264046 56.51887604 55.43664046 0 P 0
L 56.01087604 56.19864046 56.26487604 55.69064046 0 P 0
L 56.01087604 56.19864046 56.51887604 55.94464046 0 P 0
L 56.06107914 55.90369058 56.56907914 55.64969058 0 P 0
L 56.06107914 56.41169058 56.56907914 56.66569058 0 P 0
L 56.06312638 42.65657966 56.31712638 42.14857966 0 P 0
L 56.06312638 42.65657966 56.31712638 43.16457966 0 P 0
L 56.07847814 54.16581496 56.58647814 53.91181496 0 P 0
L 56.07847814 54.67381496 56.58647814 54.92781496 0 P 0
L 56.10333712 72.87857916 56.35733712 73.38657916 0 P 0
L 56.10333712 72.87857916 56.61133712 73.13257916 0 P 0
L 56.10333712 73.89457916 56.35733712 73.38657916 0 P 0
L 56.10333712 73.89457916 56.61133712 73.64057916 0 P 0
L 56.1092858 63.27919018 56.3632858 63.78719018 0 P 0
L 56.1092858 63.27919018 56.6172858 63.53319018 0 P 0
L 56.1092858 64.29519018 56.3632858 63.78719018 0 P 0
L 56.1092858 64.29519018 56.6172858 64.04119018 0 P 0
L 56.11117302 46.13887902 56.36517302 46.64687902 0 P 0
L 56.11117302 46.13887902 56.61917302 46.39287902 0 P 0
L 56.11117302 47.15487902 56.36517302 46.64687902 0 P 0
L 56.11117302 47.15487902 56.61917302 46.90087902 0 P 0
L 56.1178837 64.69597932 56.6258837 64.44197932 0 P 0
L 56.1178837 65.20397932 56.6258837 65.45797932 0 P 0
L 56.15181048 60.47853538 56.65981048 60.22453538 0 P 0
L 56.15181048 60.98653538 56.65981048 61.24053538 0 P 0
L 56.1524277 63.0731657 56.6604277 62.8191657 0 P 0
L 56.1524277 63.5811657 56.6604277 63.8351657 0 P 0
L 56.1751607 59.02693554 56.6831607 58.77293554 0 P 0
L 56.1751607 59.53493554 56.6831607 59.78893554 0 P 0
L 56.2233572 14.05293354 56.7313572 13.79893354 0 P 0
L 56.2233572 14.56093354 56.7313572 14.81493354 0 P 0
L 56.2244621 32.60135974 56.4784621 32.09335974 0 P 0
L 56.2244621 32.60135974 56.4784621 33.10935974 0 P 0
L 56.28109394 32.92288056 56.78909394 32.66888056 0 P 0
L 56.28109394 33.43088056 56.78909394 33.68488056 0 P 0
L 56.29780968 60.22453538 56.55180968 60.73253538 0 P 0
L 56.29780968 60.22453538 56.80580968 60.47853538 0 P 0
L 56.29780968 61.24053538 56.55180968 60.73253538 0 P 0
L 56.29780968 61.24053538 56.80580968 60.98653538 0 P 0
L 56.31507914 56.15769058 56.56907914 55.64969058 0 P 0
L 56.31507914 56.15769058 56.56907914 56.66569058 0 P 0
L 56.3211599 58.77293554 56.5751599 59.28093554 0 P 0
L 56.3211599 58.77293554 56.8291599 59.02693554 0 P 0
L 56.3211599 59.78893554 56.5751599 59.28093554 0 P 0
L 56.3211599 59.78893554 56.8291599 59.53493554 0 P 0
L 56.33171868 53.56283674 56.83971868 53.30883674 0 P 0
L 56.33171868 54.07083674 56.83971868 54.32483674 0 P 0
L 56.33247814 54.41981496 56.58647814 53.91181496 0 P 0
L 56.33247814 54.41981496 56.58647814 54.92781496 0 P 0
L 56.34692312 33.57355744 56.85492312 33.31955744 0 P 0
L 56.34692312 34.08155744 56.85492312 34.33555744 0 P 0
L 56.34692312 34.22755664 56.85492312 33.97355664 0 P 0
L 56.34692312 34.73555664 56.85492312 34.98955664 0 P 0
L 56.34692312 34.88155584 56.85492312 34.62755584 0 P 0
L 56.34692312 35.38955584 56.85492312 35.64355584 0 P 0
L 56.34692312 35.53555504 56.85492312 35.28155504 0 P 0
L 56.34692312 36.04355504 56.85492312 36.29755504 0 P 0
L 56.34692312 36.18955424 56.85492312 35.93555424 0 P 0
L 56.34692312 36.69755424 56.85492312 36.95155424 0 P 0
L 56.34692312 36.84355344 56.85492312 36.58955344 0 P 0
L 56.34692312 37.35155344 56.85492312 37.60555344 0 P 0
L 56.34692312 37.49755264 56.85492312 37.24355264 0 P 0
L 56.34692312 38.00555264 56.85492312 38.25955264 0 P 0
L 56.34692312 38.15155184 56.85492312 37.89755184 0 P 0
L 56.34692312 38.65955184 56.85492312 38.91355184 0 P 0
L 56.34692312 38.80555104 56.85492312 38.55155104 0 P 0
L 56.34692312 39.31355104 56.85492312 39.56755104 0 P 0
L 56.34692312 39.45955024 56.85492312 39.20555024 0 P 0
L 56.34692312 39.96755024 56.85492312 40.22155024 0 P 0
L 56.34692312 40.11354944 56.85492312 39.85954944 0 P 0
L 56.34692312 40.62154944 56.85492312 40.87554944 0 P 0
L 56.34692312 40.76754864 56.85492312 40.51354864 0 P 0
L 56.34692312 41.27554864 56.85492312 41.52954864 0 P 0
L 56.3603902 73.47994194 56.6143902 73.98794194 0 P 0
L 56.3603902 73.47994194 56.8683902 73.73394194 0 P 0
L 56.3603902 74.49594194 56.6143902 73.98794194 0 P 0
L 56.3603902 74.49594194 56.8683902 74.24194194 0 P 0
L 56.3611141 65.30306472 56.8691141 65.04906472 0 P 0
L 56.3611141 65.81106472 56.8691141 66.06506472 0 P 0
L 56.36876712 42.74098386 56.87676712 42.48698386 0 P 0
L 56.36876712 43.24898386 56.87676712 43.50298386 0 P 0
L 56.3693564 13.79893354 56.6233564 14.30693354 0 P 0
L 56.3693564 13.79893354 56.8773564 14.05293354 0 P 0
L 56.3693564 14.81493354 56.6233564 14.30693354 0 P 0
L 56.3693564 14.81493354 56.8773564 14.56093354 0 P 0
L 56.37141126 15.50453338 56.87941126 15.25053338 0 P 0
L 56.37141126 16.01253338 56.87941126 16.26653338 0 P 0
L 56.3718837 64.94997932 56.6258837 64.44197932 0 P 0
L 56.3718837 64.94997932 56.6258837 65.45797932 0 P 0
L 56.37751742 45.54157262 56.63151742 46.04957262 0 P 0
L 56.37751742 45.54157262 56.88551742 45.79557262 0 P 0
L 56.37751742 46.55757262 56.63151742 46.04957262 0 P 0
L 56.37751742 46.55757262 56.88551742 46.30357262 0 P 0
L 56.39491134 54.65327144 56.64891134 55.16127144 0 P 0
L 56.39491134 54.65327144 56.90291134 54.90727144 0 P 0
L 56.39491134 55.66927144 56.64891134 55.16127144 0 P 0
L 56.39491134 55.66927144 56.90291134 55.41527144 0 P 0
L 56.40581048 60.73253538 56.65981048 60.22453538 0 P 0
L 56.40581048 60.73253538 56.65981048 61.24053538 0 P 0
L 56.4064277 63.3271657 56.6604277 62.8191657 0 P 0
L 56.4064277 63.3271657 56.6604277 63.8351657 0 P 0
L 56.41866542 41.41760068 56.92666542 41.16360068 0 P 0
L 56.41866542 41.92560068 56.92666542 42.17960068 0 P 0
L 56.4291607 59.28093554 56.6831607 58.77293554 0 P 0
L 56.4291607 59.28093554 56.6831607 59.78893554 0 P 0
L 56.45555638 52.92066886 56.96355638 52.66666886 0 P 0
L 56.45555638 53.42866886 56.96355638 53.68266886 0 P 0
L 56.4595518 65.9496141 56.9675518 65.6956141 0 P 0
L 56.4595518 66.4576141 56.9675518 66.7116141 0 P 0
L 56.46514234 41.51040212 56.71914234 42.01840212 0 P 0
L 56.46514234 41.51040212 56.97314234 41.76440212 0 P 0
L 56.46514234 42.52640212 56.71914234 42.01840212 0 P 0
L 56.46514234 42.52640212 56.97314234 42.27240212 0 P 0
L 56.4773572 14.30693354 56.7313572 13.79893354 0 P 0
L 56.4773572 14.30693354 56.7313572 14.81493354 0 P 0
L 56.48114434 47.68917564 56.98914434 47.43517564 0 P 0
L 56.48114434 48.19717564 56.98914434 48.45117564 0 P 0
L 56.48114434 48.34317484 56.98914434 48.08917484 0 P 0
L 56.48114434 48.85117484 56.98914434 49.10517484 0 P 0
L 56.48114434 48.99717404 56.98914434 48.74317404 0 P 0
L 56.48114434 49.50517404 56.98914434 49.75917404 0 P 0
L 56.48114434 49.65117324 56.98914434 49.39717324 0 P 0
L 56.48114434 50.15917324 56.98914434 50.41317324 0 P 0
L 56.48114434 50.30517244 56.98914434 50.05117244 0 P 0
L 56.48114434 50.81317244 56.98914434 51.06717244 0 P 0
L 56.48114434 50.95917164 56.98914434 50.70517164 0 P 0
L 56.48114434 51.46717164 56.98914434 51.72117164 0 P 0
L 56.48114434 51.61317084 56.98914434 51.35917084 0 P 0
L 56.48114434 52.12117084 56.98914434 52.37517084 0 P 0
L 56.48114434 52.26717004 56.98914434 52.01317004 0 P 0
L 56.48114434 52.77517004 56.98914434 53.02917004 0 P 0
L 56.48114434 66.6032577 56.98914434 66.3492577 0 P 0
L 56.48114434 67.1112577 56.98914434 67.3652577 0 P 0
L 56.48114434 67.2572569 56.98914434 67.0032569 0 P 0
L 56.48114434 67.7652569 56.98914434 68.0192569 0 P 0
L 56.48114434 67.9112561 56.98914434 67.6572561 0 P 0
L 56.48114434 68.4192561 56.98914434 68.6732561 0 P 0
L 56.48114434 68.5652553 56.98914434 68.3112553 0 P 0
L 56.48114434 69.0732553 56.98914434 69.3272553 0 P 0
L 56.48114434 69.2192545 56.98914434 68.9652545 0 P 0
L 56.48114434 69.7272545 56.98914434 69.9812545 0 P 0
L 56.48114434 69.8732537 56.98914434 69.6192537 0 P 0
L 56.48114434 70.3812537 56.98914434 70.6352537 0 P 0
L 56.48114434 70.5272529 56.98914434 70.2732529 0 P 0
L 56.48114434 71.0352529 56.98914434 71.2892529 0 P 0
L 56.48114434 71.1812521 56.98914434 70.9272521 0 P 0
L 56.48114434 71.6892521 56.98914434 71.9432521 0 P 0
L 56.48114434 71.8352513 56.98914434 71.5812513 0 P 0
L 56.48114434 72.3432513 56.98914434 72.5972513 0 P 0
L 56.49441584 72.48911588 57.00241584 72.23511588 0 P 0
L 56.49441584 72.99711588 57.00241584 73.25111588 0 P 0
L 56.49701172 47.03536948 57.00501172 46.78136948 0 P 0
L 56.49701172 47.54336948 57.00501172 47.79736948 0 P 0
L 56.49829188 63.80491684 56.75229188 64.31291684 0 P 0
L 56.49829188 63.80491684 57.00629188 64.05891684 0 P 0
L 56.49829188 64.82091684 56.75229188 64.31291684 0 P 0
L 56.49829188 64.82091684 57.00629188 64.56691684 0 P 0
L 56.50431422 42.60344286 56.75831422 43.11144286 0 P 0
L 56.50431422 42.60344286 57.01231422 42.85744286 0 P 0
L 56.50431422 43.61944286 56.75831422 43.11144286 0 P 0
L 56.50431422 43.61944286 57.01231422 43.36544286 0 P 0
L 56.51741046 15.25053338 56.77141046 15.75853338 0 P 0
L 56.51741046 15.25053338 57.02541046 15.50453338 0 P 0
L 56.51741046 16.26653338 56.77141046 15.75853338 0 P 0
L 56.51741046 16.26653338 57.02541046 16.01253338 0 P 0
L 56.51887604 55.43664046 57.02687604 55.18264046 0 P 0
L 56.51887604 55.94464046 57.02687604 56.19864046 0 P 0
L 56.53509394 33.17688056 56.78909394 32.66888056 0 P 0
L 56.53509394 33.17688056 56.78909394 33.68488056 0 P 0
L 56.58571868 53.81683674 56.83971868 53.30883674 0 P 0
L 56.58571868 53.81683674 56.83971868 54.32483674 0 P 0
L 56.60092312 33.82755744 56.85492312 33.31955744 0 P 0
L 56.60092312 33.82755744 56.85492312 34.33555744 0 P 0
L 56.60092312 34.48155664 56.85492312 33.97355664 0 P 0
L 56.60092312 34.48155664 56.85492312 34.98955664 0 P 0
L 56.60092312 35.13555584 56.85492312 34.62755584 0 P 0
L 56.60092312 35.13555584 56.85492312 35.64355584 0 P 0
L 56.60092312 35.78955504 56.85492312 35.28155504 0 P 0
L 56.60092312 35.78955504 56.85492312 36.29755504 0 P 0
L 56.60092312 36.44355424 56.85492312 35.93555424 0 P 0
L 56.60092312 36.44355424 56.85492312 36.95155424 0 P 0
L 56.60092312 37.09755344 56.85492312 36.58955344 0 P 0
L 56.60092312 37.09755344 56.85492312 37.60555344 0 P 0
L 56.60092312 37.75155264 56.85492312 37.24355264 0 P 0
L 56.60092312 37.75155264 56.85492312 38.25955264 0 P 0
L 56.60092312 38.40555184 56.85492312 37.89755184 0 P 0
L 56.60092312 38.40555184 56.85492312 38.91355184 0 P 0
L 56.60092312 39.05955104 56.85492312 38.55155104 0 P 0
L 56.60092312 39.05955104 56.85492312 39.56755104 0 P 0
L 56.60092312 39.71355024 56.85492312 39.20555024 0 P 0
L 56.60092312 39.71355024 56.85492312 40.22155024 0 P 0
L 56.60092312 40.36754944 56.85492312 39.85954944 0 P 0
L 56.60092312 40.36754944 56.85492312 40.87554944 0 P 0
L 56.60092312 41.02154864 56.85492312 40.51354864 0 P 0
L 56.60092312 41.02154864 56.85492312 41.52954864 0 P 0
L 56.61133712 73.13257916 57.11933712 72.87857916 0 P 0
L 56.61133712 73.64057916 57.11933712 73.89457916 0 P 0
L 56.6151141 65.55706472 56.8691141 65.04906472 0 P 0
L 56.6151141 65.55706472 56.8691141 66.06506472 0 P 0
L 56.6172858 63.53319018 57.1252858 63.27919018 0 P 0
L 56.6172858 64.04119018 57.1252858 64.29519018 0 P 0
L 56.61917302 46.39287902 57.12717302 46.13887902 0 P 0
L 56.61917302 46.90087902 57.12717302 47.15487902 0 P 0
L 56.62276712 42.99498386 56.87676712 42.48698386 0 P 0
L 56.62276712 42.99498386 56.87676712 43.50298386 0 P 0
L 56.62541126 15.75853338 56.87941126 15.25053338 0 P 0
L 56.62541126 15.75853338 56.87941126 16.26653338 0 P 0
L 56.67266542 41.67160068 56.92666542 41.16360068 0 P 0
L 56.67266542 41.67160068 56.92666542 42.17960068 0 P 0
L 56.6968132 54.07312274 56.9508132 54.58112274 0 P 0
L 56.6968132 54.07312274 57.2048132 54.32712274 0 P 0
L 56.6968132 55.08912274 56.9508132 54.58112274 0 P 0
L 56.6968132 55.08912274 57.2048132 54.83512274 0 P 0
L 56.70955638 53.17466886 56.96355638 52.66666886 0 P 0
L 56.70955638 53.17466886 56.96355638 53.68266886 0 P 0
L 56.7135518 66.2036141 56.9675518 65.6956141 0 P 0
L 56.7135518 66.2036141 56.9675518 66.7116141 0 P 0
L 56.73514434 47.94317564 56.98914434 47.43517564 0 P 0
L 56.73514434 47.94317564 56.98914434 48.45117564 0 P 0
L 56.73514434 48.59717484 56.98914434 48.08917484 0 P 0
L 56.73514434 48.59717484 56.98914434 49.10517484 0 P 0
L 56.73514434 49.25117404 56.98914434 48.74317404 0 P 0
L 56.73514434 49.25117404 56.98914434 49.75917404 0 P 0
L 56.73514434 49.90517324 56.98914434 49.39717324 0 P 0
L 56.73514434 49.90517324 56.98914434 50.41317324 0 P 0
L 56.73514434 50.55917244 56.98914434 50.05117244 0 P 0
L 56.73514434 50.55917244 56.98914434 51.06717244 0 P 0
L 56.73514434 51.21317164 56.98914434 50.70517164 0 P 0
L 56.73514434 51.21317164 56.98914434 51.72117164 0 P 0
L 56.73514434 51.86717084 56.98914434 51.35917084 0 P 0
L 56.73514434 51.86717084 56.98914434 52.37517084 0 P 0
L 56.73514434 52.52117004 56.98914434 52.01317004 0 P 0
L 56.73514434 52.52117004 56.98914434 53.02917004 0 P 0
L 56.73514434 66.8572577 56.98914434 66.3492577 0 P 0
L 56.73514434 66.8572577 56.98914434 67.3652577 0 P 0
L 56.73514434 67.5112569 56.98914434 67.0032569 0 P 0
L 56.73514434 67.5112569 56.98914434 68.0192569 0 P 0
L 56.73514434 68.1652561 56.98914434 67.6572561 0 P 0
L 56.73514434 68.1652561 56.98914434 68.6732561 0 P 0
L 56.73514434 68.8192553 56.98914434 68.3112553 0 P 0
L 56.73514434 68.8192553 56.98914434 69.3272553 0 P 0
L 56.73514434 69.4732545 56.98914434 68.9652545 0 P 0
L 56.73514434 69.4732545 56.98914434 69.9812545 0 P 0
L 56.73514434 70.1272537 56.98914434 69.6192537 0 P 0
L 56.73514434 70.1272537 56.98914434 70.6352537 0 P 0
L 56.73514434 70.7812529 56.98914434 70.2732529 0 P 0
L 56.73514434 70.7812529 56.98914434 71.2892529 0 P 0
L 56.73514434 71.4352521 56.98914434 70.9272521 0 P 0
L 56.73514434 71.4352521 56.98914434 71.9432521 0 P 0
L 56.73514434 72.0892513 56.98914434 71.5812513 0 P 0
L 56.73514434 72.0892513 56.98914434 72.5972513 0 P 0
L 56.73875876 74.0133775 56.99275876 74.5213775 0 P 0
L 56.73875876 74.0133775 57.24675876 74.2673775 0 P 0
L 56.73875876 75.0293775 56.99275876 74.5213775 0 P 0
L 56.73875876 75.0293775 57.24675876 74.7753775 0 P 0
L 56.74841584 72.74311588 57.00241584 72.23511588 0 P 0
L 56.74841584 72.74311588 57.00241584 73.25111588 0 P 0
L 56.75101172 47.28936948 57.00501172 46.78136948 0 P 0
L 56.75101172 47.28936948 57.00501172 47.79736948 0 P 0
L 56.7600719 45.01113172 57.0140719 45.51913172 0 P 0
L 56.7600719 45.01113172 57.2680719 45.26513172 0 P 0
L 56.7600719 46.02713172 57.0140719 45.51913172 0 P 0
L 56.7600719 46.02713172 57.2680719 45.77313172 0 P 0
L 56.77287604 55.69064046 57.02687604 55.18264046 0 P 0
L 56.77287604 55.69064046 57.02687604 56.19864046 0 P 0
L 56.7988831 64.38574372 57.0528831 64.89374372 0 P 0
L 56.7988831 64.38574372 57.3068831 64.63974372 0 P 0
L 56.7988831 65.40174372 57.0528831 64.89374372 0 P 0
L 56.7988831 65.40174372 57.3068831 65.14774372 0 P 0
L 56.80580968 60.47853538 57.31380968 60.22453538 0 P 0
L 56.80580968 60.98653538 57.31380968 61.24053538 0 P 0
L 56.8291599 59.02693554 57.3371599 58.77293554 0 P 0
L 56.8291599 59.53493554 57.3371599 59.78893554 0 P 0
L 56.86533712 73.38657916 57.11933712 72.87857916 0 P 0
L 56.86533712 73.38657916 57.11933712 73.89457916 0 P 0
L 56.8683902 73.73394194 57.3763902 73.47994194 0 P 0
L 56.8683902 74.24194194 57.3763902 74.49594194 0 P 0
L 56.8712858 63.78719018 57.1252858 63.27919018 0 P 0
L 56.8712858 63.78719018 57.1252858 64.29519018 0 P 0
L 56.87317302 46.64687902 57.12717302 46.13887902 0 P 0
L 56.87317302 46.64687902 57.12717302 47.15487902 0 P 0
L 56.8773564 14.05293354 57.3853564 13.79893354 0 P 0
L 56.8773564 14.56093354 57.3853564 14.81493354 0 P 0
L 56.88551742 45.79557262 57.39351742 45.54157262 0 P 0
L 56.88551742 46.30357262 57.39351742 46.55757262 0 P 0
L 56.90291134 54.90727144 57.41091134 54.65327144 0 P 0
L 56.90291134 55.41527144 57.41091134 55.66927144 0 P 0
L 56.91000302 53.4548461 57.16400302 53.9628461 0 P 0
L 56.91000302 53.4548461 57.41800302 53.7088461 0 P 0
L 56.91000302 54.4708461 57.16400302 53.9628461 0 P 0
L 56.91000302 54.4708461 57.41800302 54.2168461 0 P 0
L 56.95180888 60.22453538 57.20580888 60.73253538 0 P 0
L 56.95180888 60.22453538 57.45980888 60.47853538 0 P 0
L 56.95180888 61.24053538 57.20580888 60.73253538 0 P 0
L 56.95180888 61.24053538 57.45980888 60.98653538 0 P 0
L 56.9590174 65.01983694 57.2130174 65.52783694 0 P 0
L 56.9590174 65.01983694 57.4670174 65.27383694 0 P 0
L 56.9590174 66.03583694 57.2130174 65.52783694 0 P 0
L 56.9590174 66.03583694 57.4670174 65.78183694 0 P 0
L 56.97314234 41.76440212 57.48114234 41.51040212 0 P 0
L 56.97314234 42.27240212 57.48114234 42.52640212 0 P 0
L 56.9751591 58.77293554 57.2291591 59.28093554 0 P 0
L 56.9751591 58.77293554 57.4831591 59.02693554 0 P 0
L 56.9751591 59.78893554 57.2291591 59.28093554 0 P 0
L 56.9751591 59.78893554 57.4831591 59.53493554 0 P 0
L 57.00629188 64.05891684 57.51429188 63.80491684 0 P 0
L 57.00629188 64.56691684 57.51429188 64.82091684 0 P 0
L 57.01231422 42.85744286 57.52031422 42.60344286 0 P 0
L 57.01231422 43.36544286 57.52031422 43.61944286 0 P 0
L 57.01643664 41.15856132 57.27043664 41.66656132 0 P 0
L 57.01643664 41.15856132 57.52443664 41.41256132 0 P 0
L 57.01643664 42.17456132 57.27043664 41.66656132 0 P 0
L 57.01643664 42.17456132 57.52443664 41.92056132 0 P 0
L 57.0233556 13.79893354 57.2773556 14.30693354 0 P 0
L 57.0233556 13.79893354 57.5313556 14.05293354 0 P 0
L 57.0233556 14.81493354 57.2773556 14.30693354 0 P 0
L 57.0233556 14.81493354 57.5313556 14.56093354 0 P 0
L 57.02541046 15.50453338 57.53341046 15.25053338 0 P 0
L 57.02541046 16.01253338 57.53341046 16.26653338 0 P 0
L 57.02985038 52.81192384 57.28385038 53.31992384 0 P 0
L 57.02985038 52.81192384 57.53785038 53.06592384 0 P 0
L 57.02985038 53.82792384 57.28385038 53.31992384 0 P 0
L 57.02985038 53.82792384 57.53785038 53.57392384 0 P 0
L 57.04247164 65.66848944 57.29647164 66.17648944 0 P 0
L 57.04247164 65.66848944 57.55047164 65.92248944 0 P 0
L 57.04247164 66.68448944 57.29647164 66.17648944 0 P 0
L 57.04247164 66.68448944 57.55047164 66.43048944 0 P 0
L 57.0569725 47.58049158 57.3109725 48.08849158 0 P 0
L 57.0569725 47.58049158 57.5649725 47.83449158 0 P 0
L 57.0569725 48.23449078 57.3109725 48.74249078 0 P 0
L 57.0569725 48.23449078 57.5649725 48.48849078 0 P 0
L 57.0569725 48.59649158 57.3109725 48.08849158 0 P 0
L 57.0569725 48.59649158 57.5649725 48.34249158 0 P 0
L 57.0569725 48.88848998 57.3109725 49.39648998 0 P 0
L 57.0569725 48.88848998 57.5649725 49.14248998 0 P 0
L 57.0569725 49.25049078 57.3109725 48.74249078 0 P 0
L 57.0569725 49.25049078 57.5649725 48.99649078 0 P 0
L 57.0569725 49.54248918 57.3109725 50.05048918 0 P 0
L 57.0569725 49.54248918 57.5649725 49.79648918 0 P 0
L 57.0569725 49.90448998 57.3109725 49.39648998 0 P 0
L 57.0569725 49.90448998 57.5649725 49.65048998 0 P 0
L 57.0569725 50.19648838 57.3109725 50.70448838 0 P 0
L 57.0569725 50.19648838 57.5649725 50.45048838 0 P 0
L 57.0569725 50.55848918 57.3109725 50.05048918 0 P 0
L 57.0569725 50.55848918 57.5649725 50.30448918 0 P 0
L 57.0569725 50.85048758 57.3109725 51.35848758 0 P 0
L 57.0569725 50.85048758 57.5649725 51.10448758 0 P 0
L 57.0569725 51.21248838 57.3109725 50.70448838 0 P 0
L 57.0569725 51.21248838 57.5649725 50.95848838 0 P 0
L 57.0569725 51.50448678 57.3109725 52.01248678 0 P 0
L 57.0569725 51.50448678 57.5649725 51.75848678 0 P 0
L 57.0569725 51.86648758 57.3109725 51.35848758 0 P 0
L 57.0569725 51.86648758 57.5649725 51.61248758 0 P 0
L 57.0569725 52.15848598 57.3109725 52.66648598 0 P 0
L 57.0569725 52.15848598 57.5649725 52.41248598 0 P 0
L 57.0569725 52.52048678 57.3109725 52.01248678 0 P 0
L 57.0569725 52.52048678 57.5649725 52.26648678 0 P 0
L 57.0569725 53.17448598 57.3109725 52.66648598 0 P 0
L 57.0569725 53.17448598 57.5649725 52.92048598 0 P 0
L 57.0569725 66.32232608 57.3109725 66.83032608 0 P 0
L 57.0569725 66.32232608 57.5649725 66.57632608 0 P 0
L 57.0569725 66.97632528 57.3109725 67.48432528 0 P 0
L 57.0569725 66.97632528 57.5649725 67.23032528 0 P 0
L 57.0569725 67.33832608 57.3109725 66.83032608 0 P 0
L 57.0569725 67.33832608 57.5649725 67.08432608 0 P 0
L 57.0569725 67.63032448 57.3109725 68.13832448 0 P 0
L 57.0569725 67.63032448 57.5649725 67.88432448 0 P 0
L 57.0569725 67.99232528 57.3109725 67.48432528 0 P 0
L 57.0569725 67.99232528 57.5649725 67.73832528 0 P 0
L 57.0569725 68.28432368 57.3109725 68.79232368 0 P 0
L 57.0569725 68.28432368 57.5649725 68.53832368 0 P 0
L 57.0569725 68.64632448 57.3109725 68.13832448 0 P 0
L 57.0569725 68.64632448 57.5649725 68.39232448 0 P 0
L 57.0569725 68.93832288 57.3109725 69.44632288 0 P 0
L 57.0569725 68.93832288 57.5649725 69.19232288 0 P 0
L 57.0569725 69.30032368 57.3109725 68.79232368 0 P 0
L 57.0569725 69.30032368 57.5649725 69.04632368 0 P 0
L 57.0569725 69.59232208 57.3109725 70.10032208 0 P 0
L 57.0569725 69.59232208 57.5649725 69.84632208 0 P 0
L 57.0569725 69.95432288 57.3109725 69.44632288 0 P 0
L 57.0569725 69.95432288 57.5649725 69.70032288 0 P 0
L 57.0569725 70.24632128 57.3109725 70.75432128 0 P 0
L 57.0569725 70.24632128 57.5649725 70.50032128 0 P 0
L 57.0569725 70.60832208 57.3109725 70.10032208 0 P 0
L 57.0569725 70.60832208 57.5649725 70.35432208 0 P 0
L 57.0569725 70.90032048 57.3109725 71.40832048 0 P 0
L 57.0569725 70.90032048 57.5649725 71.15432048 0 P 0
L 57.0569725 71.26232128 57.3109725 70.75432128 0 P 0
L 57.0569725 71.26232128 57.5649725 71.00832128 0 P 0
L 57.0569725 71.55431968 57.3109725 72.06231968 0 P 0
L 57.0569725 71.55431968 57.5649725 71.80831968 0 P 0
L 57.0569725 71.91632048 57.3109725 71.40832048 0 P 0
L 57.0569725 71.91632048 57.5649725 71.66232048 0 P 0
L 57.0569725 72.57031968 57.3109725 72.06231968 0 P 0
L 57.0569725 72.57031968 57.5649725 72.31631968 0 P 0
L 57.05980968 60.73253538 57.31380968 60.22453538 0 P 0
L 57.05980968 60.73253538 57.31380968 61.24053538 0 P 0
L 57.07056658 46.92663462 57.32456658 47.43463462 0 P 0
L 57.07056658 46.92663462 57.57856658 47.18063462 0 P 0
L 57.07056658 47.94263462 57.32456658 47.43463462 0 P 0
L 57.07056658 47.94263462 57.57856658 47.68863462 0 P 0
L 57.07894858 72.20795058 57.33294858 72.71595058 0 P 0
L 57.07894858 72.20795058 57.58694858 72.46195058 0 P 0
L 57.07894858 73.22395058 57.33294858 72.71595058 0 P 0
L 57.07894858 73.22395058 57.58694858 72.96995058 0 P 0
L 57.0831599 59.28093554 57.3371599 58.77293554 0 P 0
L 57.0831599 59.28093554 57.3371599 59.78893554 0 P 0
L 57.0860936 33.31429202 57.3400936 33.82229202 0 P 0
L 57.0860936 33.31429202 57.5940936 33.56829202 0 P 0
L 57.0860936 33.96829122 57.3400936 34.47629122 0 P 0
L 57.0860936 33.96829122 57.5940936 34.22229122 0 P 0
L 57.0860936 34.33029202 57.3400936 33.82229202 0 P 0
L 57.0860936 34.33029202 57.5940936 34.07629202 0 P 0
L 57.0860936 34.62229042 57.3400936 35.13029042 0 P 0
L 57.0860936 34.62229042 57.5940936 34.87629042 0 P 0
L 57.0860936 34.98429122 57.3400936 34.47629122 0 P 0
L 57.0860936 34.98429122 57.5940936 34.73029122 0 P 0
L 57.0860936 35.27628962 57.3400936 35.78428962 0 P 0
L 57.0860936 35.27628962 57.5940936 35.53028962 0 P 0
L 57.0860936 35.63829042 57.3400936 35.13029042 0 P 0
L 57.0860936 35.63829042 57.5940936 35.38429042 0 P 0
L 57.0860936 35.93028882 57.3400936 36.43828882 0 P 0
L 57.0860936 35.93028882 57.5940936 36.18428882 0 P 0
L 57.0860936 36.29228962 57.3400936 35.78428962 0 P 0
L 57.0860936 36.29228962 57.5940936 36.03828962 0 P 0
L 57.0860936 36.58428802 57.3400936 37.09228802 0 P 0
L 57.0860936 36.58428802 57.5940936 36.83828802 0 P 0
L 57.0860936 36.94628882 57.3400936 36.43828882 0 P 0
L 57.0860936 36.94628882 57.5940936 36.69228882 0 P 0
L 57.0860936 37.23828722 57.3400936 37.74628722 0 P 0
L 57.0860936 37.23828722 57.5940936 37.49228722 0 P 0
L 57.0860936 37.60028802 57.3400936 37.09228802 0 P 0
L 57.0860936 37.60028802 57.5940936 37.34628802 0 P 0
L 57.0860936 37.89228642 57.3400936 38.40028642 0 P 0
L 57.0860936 37.89228642 57.5940936 38.14628642 0 P 0
L 57.0860936 38.25428722 57.3400936 37.74628722 0 P 0
L 57.0860936 38.25428722 57.5940936 38.00028722 0 P 0
L 57.0860936 38.54628562 57.3400936 39.05428562 0 P 0
L 57.0860936 38.54628562 57.5940936 38.80028562 0 P 0
L 57.0860936 38.90828642 57.3400936 38.40028642 0 P 0
L 57.0860936 38.90828642 57.5940936 38.65428642 0 P 0
L 57.0860936 39.20028482 57.3400936 39.70828482 0 P 0
L 57.0860936 39.20028482 57.5940936 39.45428482 0 P 0
L 57.0860936 39.56228562 57.3400936 39.05428562 0 P 0
L 57.0860936 39.56228562 57.5940936 39.30828562 0 P 0
L 57.0860936 39.85428402 57.3400936 40.36228402 0 P 0
L 57.0860936 39.85428402 57.5940936 40.10828402 0 P 0
L 57.0860936 40.21628482 57.3400936 39.70828482 0 P 0
L 57.0860936 40.21628482 57.5940936 39.96228482 0 P 0
L 57.0860936 40.50828322 57.3400936 41.01628322 0 P 0
L 57.0860936 40.50828322 57.5940936 40.76228322 0 P 0
L 57.0860936 40.87028402 57.3400936 40.36228402 0 P 0
L 57.0860936 40.87028402 57.5940936 40.61628402 0 P 0
L 57.0860936 41.52428322 57.3400936 41.01628322 0 P 0
L 57.0860936 41.52428322 57.5940936 41.27028322 0 P 0
L 57.1223902 73.98794194 57.3763902 73.47994194 0 P 0
L 57.1223902 73.98794194 57.3763902 74.49594194 0 P 0
L 57.1313564 14.30693354 57.3853564 13.79893354 0 P 0
L 57.1313564 14.30693354 57.3853564 14.81493354 0 P 0
L 57.13951742 46.04957262 57.39351742 45.54157262 0 P 0
L 57.13951742 46.04957262 57.39351742 46.55757262 0 P 0
L 57.1412624 42.455084 57.3952624 42.963084 0 P 0
L 57.1412624 42.455084 57.6492624 42.709084 0 P 0
L 57.1412624 43.471084 57.3952624 42.963084 0 P 0
L 57.1412624 43.471084 57.6492624 43.217084 0 P 0
L 57.15366522 32.66379294 57.40766522 33.17179294 0 P 0
L 57.15366522 32.66379294 57.66166522 32.91779294 0 P 0
L 57.15366522 33.67979294 57.40766522 33.17179294 0 P 0
L 57.15366522 33.67979294 57.66166522 33.42579294 0 P 0
L 57.15691134 55.16127144 57.41091134 54.65327144 0 P 0
L 57.15691134 55.16127144 57.41091134 55.66927144 0 P 0
L 57.17140966 15.25053592 57.42540966 15.75853592 0 P 0
L 57.17140966 15.25053592 57.67940966 15.50453592 0 P 0
L 57.17140966 16.26653592 57.42540966 15.75853592 0 P 0
L 57.17140966 16.26653592 57.67940966 16.01253592 0 P 0
L 57.2048132 54.32712274 57.7128132 54.07312274 0 P 0
L 57.2048132 54.83512274 57.7128132 55.08912274 0 P 0
L 57.21474206 74.46188054 57.46874206 74.96988054 0 P 0
L 57.21474206 74.46188054 57.72274206 74.71588054 0 P 0
L 57.21474206 75.47788054 57.46874206 74.96988054 0 P 0
L 57.21474206 75.47788054 57.72274206 75.22388054 0 P 0
L 57.21509512 46.28880506 57.46909512 46.79680506 0 P 0
L 57.21509512 46.28880506 57.72309512 46.54280506 0 P 0
L 57.21509512 47.30480506 57.46909512 46.79680506 0 P 0
L 57.21509512 47.30480506 57.72309512 47.05080506 0 P 0
L 57.22714234 42.01840212 57.48114234 41.51040212 0 P 0
L 57.22714234 42.01840212 57.48114234 42.52640212 0 P 0
L 57.24353296 44.57070334 57.49753296 45.07870334 0 P 0
L 57.24353296 44.57070334 57.75153296 44.82470334 0 P 0
L 57.24353296 45.58670334 57.49753296 45.07870334 0 P 0
L 57.24353296 45.58670334 57.75153296 45.33270334 0 P 0
L 57.24675876 74.2673775 57.75475876 74.0133775 0 P 0
L 57.24675876 74.7753775 57.75475876 75.0293775 0 P 0
L 57.2561593 72.83748196 57.5101593 73.34548196 0 P 0
L 57.2561593 72.83748196 57.7641593 73.09148196 0 P 0
L 57.2561593 73.85348196 57.5101593 73.34548196 0 P 0
L 57.2561593 73.85348196 57.7641593 73.59948196 0 P 0
L 57.26029188 64.31291684 57.51429188 63.80491684 0 P 0
L 57.26029188 64.31291684 57.51429188 64.82091684 0 P 0
L 57.26631422 43.11144286 57.52031422 42.60344286 0 P 0
L 57.26631422 43.11144286 57.52031422 43.61944286 0 P 0
L 57.2680719 45.26513172 57.7760719 45.01113172 0 P 0
L 57.2680719 45.77313172 57.7760719 46.02713172 0 P 0
L 57.27941046 15.75853338 57.53341046 15.25053338 0 P 0
L 57.27941046 15.75853338 57.53341046 16.26653338 0 P 0
L 57.3068831 64.63974372 57.8148831 64.38574372 0 P 0
L 57.3068831 65.14774372 57.8148831 65.40174372 0 P 0
L 57.41800302 53.7088461 57.92600302 53.4548461 0 P 0
L 57.41800302 54.2168461 57.92600302 54.4708461 0 P 0
L 57.4588132 54.58112274 57.7128132 54.07312274 0 P 0
L 57.4588132 54.58112274 57.7128132 55.08912274 0 P 0
L 57.45980888 60.47853538 57.96780888 60.22453538 0 P 0
L 57.45980888 60.98653538 57.96780888 61.24053538 0 P 0
L 57.46582106 32.08909762 57.71982106 32.59709762 0 P 0
L 57.46582106 32.08909762 57.97382106 32.34309762 0 P 0
L 57.46582106 33.10509762 57.71982106 32.59709762 0 P 0
L 57.46582106 33.10509762 57.97382106 32.85109762 0 P 0
L 57.4670174 65.27383694 57.9750174 65.01983694 0 P 0
L 57.4670174 65.78183694 57.9750174 66.03583694 0 P 0
L 57.4831591 59.02693554 57.9911591 58.77293554 0 P 0
L 57.4831591 59.53493554 57.9911591 59.78893554 0 P 0
L 57.50075876 74.5213775 57.75475876 74.0133775 0 P 0
L 57.50075876 74.5213775 57.75475876 75.0293775 0 P 0
L 57.5220719 45.51913172 57.7760719 45.01113172 0 P 0
L 57.5220719 45.51913172 57.7760719 46.02713172 0 P 0
L 57.52443664 41.41256132 58.03243664 41.15856132 0 P 0
L 57.52443664 41.92056132 58.03243664 42.17456132 0 P 0
L 57.5313556 14.05293354 58.0393556 13.79893354 0 P 0
L 57.5313556 14.56093354 58.0393556 14.81493354 0 P 0
L 57.53785038 53.06592384 58.04585038 52.81192384 0 P 0
L 57.53785038 53.57392384 58.04585038 53.82792384 0 P 0
L 57.55047164 65.92248944 58.05847164 65.66848944 0 P 0
L 57.55047164 66.43048944 58.05847164 66.68448944 0 P 0
L 57.5608831 64.89374372 57.8148831 64.38574372 0 P 0
L 57.5608831 64.89374372 57.8148831 65.40174372 0 P 0
L 57.5649725 47.83449158 58.0729725 47.58049158 0 P 0
L 57.5649725 48.34249158 58.0729725 48.59649158 0 P 0
L 57.5649725 48.48849078 58.0729725 48.23449078 0 P 0
L 57.5649725 48.99649078 58.0729725 49.25049078 0 P 0
L 57.5649725 49.14248998 58.0729725 48.88848998 0 P 0
L 57.5649725 49.65048998 58.0729725 49.90448998 0 P 0
L 57.5649725 49.79648918 58.0729725 49.54248918 0 P 0
L 57.5649725 50.30448918 58.0729725 50.55848918 0 P 0
L 57.5649725 50.45048838 58.0729725 50.19648838 0 P 0
L 57.5649725 50.95848838 58.0729725 51.21248838 0 P 0
L 57.5649725 51.10448758 58.0729725 50.85048758 0 P 0
L 57.5649725 51.61248758 58.0729725 51.86648758 0 P 0
L 57.5649725 51.75848678 58.0729725 51.50448678 0 P 0
L 57.5649725 52.26648678 58.0729725 52.52048678 0 P 0
L 57.5649725 52.41248598 58.0729725 52.15848598 0 P 0
L 57.5649725 52.92048598 58.0729725 53.17448598 0 P 0
L 57.5649725 66.57632608 58.0729725 66.32232608 0 P 0
L 57.5649725 67.08432608 58.0729725 67.33832608 0 P 0
L 57.5649725 67.23032528 58.0729725 66.97632528 0 P 0
L 57.5649725 67.73832528 58.0729725 67.99232528 0 P 0
L 57.5649725 67.88432448 58.0729725 67.63032448 0 P 0
L 57.5649725 68.39232448 58.0729725 68.64632448 0 P 0
L 57.5649725 68.53832368 58.0729725 68.28432368 0 P 0
L 57.5649725 69.04632368 58.0729725 69.30032368 0 P 0
L 57.5649725 69.19232288 58.0729725 68.93832288 0 P 0
L 57.5649725 69.70032288 58.0729725 69.95432288 0 P 0
L 57.5649725 69.84632208 58.0729725 69.59232208 0 P 0
L 57.5649725 70.35432208 58.0729725 70.60832208 0 P 0
L 57.5649725 70.50032128 58.0729725 70.24632128 0 P 0
L 57.5649725 71.00832128 58.0729725 71.26232128 0 P 0
L 57.5649725 71.15432048 58.0729725 70.90032048 0 P 0
L 57.5649725 71.66232048 58.0729725 71.91632048 0 P 0
L 57.5649725 71.80831968 58.0729725 71.55431968 0 P 0
L 57.5649725 72.31631968 58.0729725 72.57031968 0 P 0
L 57.5701922 45.73960372 57.8241922 46.24760372 0 P 0
L 57.5701922 45.73960372 58.0781922 45.99360372 0 P 0
L 57.5701922 46.75560372 57.8241922 46.24760372 0 P 0
L 57.5701922 46.75560372 58.0781922 46.50160372 0 P 0
L 57.57856658 47.18063462 58.08656658 46.92663462 0 P 0
L 57.57856658 47.68863462 58.08656658 47.94263462 0 P 0
L 57.58694858 72.46195058 58.09494858 72.20795058 0 P 0
L 57.58694858 72.96995058 58.09494858 73.22395058 0 P 0
L 57.5940936 33.56829202 58.1020936 33.31429202 0 P 0
L 57.5940936 34.07629202 58.1020936 34.33029202 0 P 0
L 57.5940936 34.22229122 58.1020936 33.96829122 0 P 0
L 57.5940936 34.73029122 58.1020936 34.98429122 0 P 0
L 57.5940936 34.87629042 58.1020936 34.62229042 0 P 0
L 57.5940936 35.38429042 58.1020936 35.63829042 0 P 0
L 57.5940936 35.53028962 58.1020936 35.27628962 0 P 0
L 57.5940936 36.03828962 58.1020936 36.29228962 0 P 0
L 57.5940936 36.18428882 58.1020936 35.93028882 0 P 0
L 57.5940936 36.69228882 58.1020936 36.94628882 0 P 0
L 57.5940936 36.83828802 58.1020936 36.58428802 0 P 0
L 57.5940936 37.34628802 58.1020936 37.60028802 0 P 0
L 57.5940936 37.49228722 58.1020936 37.23828722 0 P 0
L 57.5940936 38.00028722 58.1020936 38.25428722 0 P 0
L 57.5940936 38.14628642 58.1020936 37.89228642 0 P 0
L 57.5940936 38.65428642 58.1020936 38.90828642 0 P 0
L 57.5940936 38.80028562 58.1020936 38.54628562 0 P 0
L 57.5940936 39.30828562 58.1020936 39.56228562 0 P 0
L 57.5940936 39.45428482 58.1020936 39.20028482 0 P 0
L 57.5940936 39.96228482 58.1020936 40.21628482 0 P 0
L 57.5940936 40.10828402 58.1020936 39.85428402 0 P 0
L 57.5940936 40.61628402 58.1020936 40.87028402 0 P 0
L 57.5940936 40.76228322 58.1020936 40.50828322 0 P 0
L 57.5940936 41.27028322 58.1020936 41.52428322 0 P 0
L 57.60580808 60.22453538 57.85980808 60.73253538 0 P 0
L 57.60580808 60.22453538 58.11380808 60.47853538 0 P 0
L 57.60580808 61.24053538 57.85980808 60.73253538 0 P 0
L 57.60580808 61.24053538 58.11380808 60.98653538 0 P 0
L 57.62547276 73.37722434 57.87947276 73.88522434 0 P 0
L 57.62547276 73.37722434 58.13347276 73.63122434 0 P 0
L 57.62547276 74.39322434 57.87947276 73.88522434 0 P 0
L 57.62547276 74.39322434 58.13347276 74.13922434 0 P 0
L 57.6291583 58.77293554 57.8831583 59.28093554 0 P 0
L 57.6291583 58.77293554 58.1371583 59.02693554 0 P 0
L 57.6291583 59.78893554 57.8831583 59.28093554 0 P 0
L 57.6291583 59.78893554 58.1371583 59.53493554 0 P 0
L 57.6492624 42.709084 58.1572624 42.455084 0 P 0
L 57.6492624 43.217084 58.1572624 43.471084 0 P 0
L 57.66166522 32.91779294 58.16966522 32.66379294 0 P 0
L 57.66166522 33.42579294 58.16966522 33.67979294 0 P 0
L 57.67200302 53.9628461 57.92600302 53.4548461 0 P 0
L 57.67200302 53.9628461 57.92600302 54.4708461 0 P 0
L 57.6773548 13.79893354 57.9313548 14.30693354 0 P 0
L 57.6773548 13.79893354 58.1853548 14.05293354 0 P 0
L 57.6773548 14.81493354 57.9313548 14.30693354 0 P 0
L 57.6773548 14.81493354 58.1853548 14.56093354 0 P 0
L 57.67940966 15.50453592 58.18740966 15.25053592 0 P 0
L 57.67940966 16.01253592 58.18740966 16.26653592 0 P 0
L 57.68340254 42.0892986 57.93740254 42.5972986 0 P 0
L 57.68340254 42.0892986 58.19140254 42.3432986 0 P 0
L 57.68340254 43.1052986 57.93740254 42.5972986 0 P 0
L 57.68340254 43.1052986 58.19140254 42.8512986 0 P 0
L 57.71380888 60.73253538 57.96780888 60.22453538 0 P 0
L 57.71380888 60.73253538 57.96780888 61.24053538 0 P 0
L 57.7210174 65.52783694 57.9750174 65.01983694 0 P 0
L 57.7210174 65.52783694 57.9750174 66.03583694 0 P 0
L 57.72274206 74.71588054 58.23074206 74.46188054 0 P 0
L 57.72274206 75.22388054 58.23074206 75.47788054 0 P 0
L 57.72309512 46.54280506 58.23109512 46.28880506 0 P 0
L 57.72309512 47.05080506 58.23109512 47.30480506 0 P 0
L 57.7371591 59.28093554 57.9911591 58.77293554 0 P 0
L 57.7371591 59.28093554 57.9911591 59.78893554 0 P 0
L 57.75153296 44.82470334 58.25953296 44.57070334 0 P 0
L 57.75153296 45.33270334 58.25953296 45.58670334 0 P 0
L 57.7641593 73.09148196 58.2721593 72.83748196 0 P 0
L 57.7641593 73.59948196 58.2721593 73.85348196 0 P 0
L 57.77843664 41.66656132 58.03243664 41.15856132 0 P 0
L 57.77843664 41.66656132 58.03243664 42.17456132 0 P 0
L 57.780809 74.78941862 58.034809 75.29741862 0 P 0
L 57.780809 74.78941862 58.288809 75.04341862 0 P 0
L 57.780809 75.80541862 58.034809 75.29741862 0 P 0
L 57.780809 75.80541862 58.288809 75.55141862 0 P 0
L 57.7853556 14.30693354 58.0393556 13.79893354 0 P 0
L 57.7853556 14.30693354 58.0393556 14.81493354 0 P 0
L 57.79185038 53.31992384 58.04585038 52.81192384 0 P 0
L 57.79185038 53.31992384 58.04585038 53.82792384 0 P 0
L 57.80447164 66.17648944 58.05847164 65.66848944 0 P 0
L 57.80447164 66.17648944 58.05847164 66.68448944 0 P 0
L 57.81190114 44.24716576 58.06590114 44.75516576 0 P 0
L 57.81190114 44.24716576 58.31990114 44.50116576 0 P 0
L 57.81190114 45.26316576 58.06590114 44.75516576 0 P 0
L 57.81190114 45.26316576 58.31990114 45.00916576 0 P 0
L 57.8189725 48.08849158 58.0729725 47.58049158 0 P 0
L 57.8189725 48.08849158 58.0729725 48.59649158 0 P 0
L 57.8189725 48.74249078 58.0729725 48.23449078 0 P 0
L 57.8189725 48.74249078 58.0729725 49.25049078 0 P 0
L 57.8189725 49.39648998 58.0729725 48.88848998 0 P 0
L 57.8189725 49.39648998 58.0729725 49.90448998 0 P 0
L 57.8189725 50.05048918 58.0729725 49.54248918 0 P 0
L 57.8189725 50.05048918 58.0729725 50.55848918 0 P 0
L 57.8189725 50.70448838 58.0729725 50.19648838 0 P 0
L 57.8189725 50.70448838 58.0729725 51.21248838 0 P 0
L 57.8189725 51.35848758 58.0729725 50.85048758 0 P 0
L 57.8189725 51.35848758 58.0729725 51.86648758 0 P 0
L 57.8189725 52.01248678 58.0729725 51.50448678 0 P 0
L 57.8189725 52.01248678 58.0729725 52.52048678 0 P 0
L 57.8189725 52.66648598 58.0729725 52.15848598 0 P 0
L 57.8189725 52.66648598 58.0729725 53.17448598 0 P 0
L 57.8189725 66.83032608 58.0729725 66.32232608 0 P 0
L 57.8189725 66.83032608 58.0729725 67.33832608 0 P 0
L 57.8189725 67.48432528 58.0729725 66.97632528 0 P 0
L 57.8189725 67.48432528 58.0729725 67.99232528 0 P 0
L 57.8189725 68.13832448 58.0729725 67.63032448 0 P 0
L 57.8189725 68.13832448 58.0729725 68.64632448 0 P 0
L 57.8189725 68.79232368 58.0729725 68.28432368 0 P 0
L 57.8189725 68.79232368 58.0729725 69.30032368 0 P 0
L 57.8189725 69.44632288 58.0729725 68.93832288 0 P 0
L 57.8189725 69.44632288 58.0729725 69.95432288 0 P 0
L 57.8189725 70.10032208 58.0729725 69.59232208 0 P 0
L 57.8189725 70.10032208 58.0729725 70.60832208 0 P 0
L 57.8189725 70.75432128 58.0729725 70.24632128 0 P 0
L 57.8189725 70.75432128 58.0729725 71.26232128 0 P 0
L 57.8189725 71.40832048 58.0729725 70.90032048 0 P 0
L 57.8189725 71.40832048 58.0729725 71.91632048 0 P 0
L 57.8189725 72.06231968 58.0729725 71.55431968 0 P 0
L 57.8189725 72.06231968 58.0729725 72.57031968 0 P 0
L 57.82540886 15.25053592 58.07940886 15.75853592 0 P 0
L 57.82540886 15.25053592 58.33340886 15.50453592 0 P 0
L 57.82540886 16.26653592 58.07940886 15.75853592 0 P 0
L 57.82540886 16.26653592 58.33340886 16.01253592 0 P 0
L 57.83256658 47.43463462 58.08656658 46.92663462 0 P 0
L 57.83256658 47.43463462 58.08656658 47.94263462 0 P 0
L 57.84094858 72.71595058 58.09494858 72.20795058 0 P 0
L 57.84094858 72.71595058 58.09494858 73.22395058 0 P 0
L 57.8480936 33.82229202 58.1020936 33.31429202 0 P 0
L 57.8480936 33.82229202 58.1020936 34.33029202 0 P 0
L 57.8480936 34.47629122 58.1020936 33.96829122 0 P 0
L 57.8480936 34.47629122 58.1020936 34.98429122 0 P 0
L 57.8480936 35.13029042 58.1020936 34.62229042 0 P 0
L 57.8480936 35.13029042 58.1020936 35.63829042 0 P 0
L 57.8480936 35.78428962 58.1020936 35.27628962 0 P 0
L 57.8480936 35.78428962 58.1020936 36.29228962 0 P 0
L 57.8480936 36.43828882 58.1020936 35.93028882 0 P 0
L 57.8480936 36.43828882 58.1020936 36.94628882 0 P 0
L 57.8480936 37.09228802 58.1020936 36.58428802 0 P 0
L 57.8480936 37.09228802 58.1020936 37.60028802 0 P 0
L 57.8480936 37.74628722 58.1020936 37.23828722 0 P 0
L 57.8480936 37.74628722 58.1020936 38.25428722 0 P 0
L 57.8480936 38.40028642 58.1020936 37.89228642 0 P 0
L 57.8480936 38.40028642 58.1020936 38.90828642 0 P 0
L 57.8480936 39.05428562 58.1020936 38.54628562 0 P 0
L 57.8480936 39.05428562 58.1020936 39.56228562 0 P 0
L 57.8480936 39.70828482 58.1020936 39.20028482 0 P 0
L 57.8480936 39.70828482 58.1020936 40.21628482 0 P 0
L 57.8480936 40.36228402 58.1020936 39.85428402 0 P 0
L 57.8480936 40.36228402 58.1020936 40.87028402 0 P 0
L 57.8480936 41.01628322 58.1020936 40.50828322 0 P 0
L 57.8480936 41.01628322 58.1020936 41.52428322 0 P 0
L 57.9032624 42.963084 58.1572624 42.455084 0 P 0
L 57.9032624 42.963084 58.1572624 43.471084 0 P 0
L 57.91566522 33.17179294 58.16966522 32.66379294 0 P 0
L 57.91566522 33.17179294 58.16966522 33.67979294 0 P 0
L 57.93340966 15.75853592 58.18740966 15.25053592 0 P 0
L 57.93340966 15.75853592 58.18740966 16.26653592 0 P 0
L 57.96188052 31.66290594 58.21588052 32.17090594 0 P 0
L 57.96188052 31.66290594 58.46988052 31.91690594 0 P 0
L 57.96188052 32.67890594 58.21588052 32.17090594 0 P 0
L 57.96188052 32.67890594 58.46988052 32.42490594 0 P 0
L 57.97382106 32.34309762 58.48182106 32.08909762 0 P 0
L 57.97382106 32.85109762 58.48182106 33.10509762 0 P 0
L 57.97674206 74.96988054 58.23074206 74.46188054 0 P 0
L 57.97674206 74.96988054 58.23074206 75.47788054 0 P 0
L 57.97709512 46.79680506 58.23109512 46.28880506 0 P 0
L 57.97709512 46.79680506 58.23109512 47.30480506 0 P 0
L 58.00553296 45.07870334 58.25953296 44.57070334 0 P 0
L 58.00553296 45.07870334 58.25953296 45.58670334 0 P 0
L 58.0181593 73.34548196 58.2721593 72.83748196 0 P 0
L 58.0181593 73.34548196 58.2721593 73.85348196 0 P 0
L 58.03857328 41.54014552 58.29257328 42.04814552 0 P 0
L 58.03857328 41.54014552 58.54657328 41.79414552 0 P 0
L 58.03857328 42.55614552 58.29257328 42.04814552 0 P 0
L 58.03857328 42.55614552 58.54657328 42.30214552 0 P 0
L 58.0781922 45.99360372 58.5861922 45.73960372 0 P 0
L 58.0781922 46.50160372 58.5861922 46.75560372 0 P 0
L 58.08070172 45.3308339 58.33470172 45.8388339 0 P 0
L 58.08070172 45.3308339 58.58870172 45.5848339 0 P 0
L 58.08070172 46.3468339 58.33470172 45.8388339 0 P 0
L 58.08070172 46.3468339 58.58870172 46.0928339 0 P 0
L 58.11380808 60.47853538 58.62180808 60.22453538 0 P 0
L 58.11380808 60.98653538 58.62180808 61.24053538 0 P 0
L 58.13347276 73.63122434 58.64147276 73.37722434 0 P 0
L 58.13347276 74.13922434 58.64147276 74.39322434 0 P 0
L 58.1371583 59.02693554 58.6451583 58.77293554 0 P 0
L 58.1371583 59.53493554 58.6451583 59.78893554 0 P 0
L 58.15640642 73.75909556 58.41040642 74.26709556 0 P 0
L 58.15640642 73.75909556 58.66440642 74.01309556 0 P 0
L 58.15640642 74.77509556 58.41040642 74.26709556 0 P 0
L 58.15640642 74.77509556 58.66440642 74.52109556 0 P 0
L 58.16992176 33.70687188 58.42392176 34.21487188 0 P 0
L 58.16992176 33.70687188 58.67792176 33.96087188 0 P 0
L 58.16992176 34.36087108 58.42392176 34.86887108 0 P 0
L 58.16992176 34.36087108 58.67792176 34.61487108 0 P 0
L 58.16992176 34.72287188 58.42392176 34.21487188 0 P 0
L 58.16992176 34.72287188 58.67792176 34.46887188 0 P 0
L 58.16992176 35.01487028 58.42392176 35.52287028 0 P 0
L 58.16992176 35.01487028 58.67792176 35.26887028 0 P 0
L 58.16992176 35.37687108 58.42392176 34.86887108 0 P 0
L 58.16992176 35.37687108 58.67792176 35.12287108 0 P 0
L 58.16992176 35.66886948 58.42392176 36.17686948 0 P 0
L 58.16992176 35.66886948 58.67792176 35.92286948 0 P 0
L 58.16992176 36.03087028 58.42392176 35.52287028 0 P 0
L 58.16992176 36.03087028 58.67792176 35.77687028 0 P 0
L 58.16992176 36.32286868 58.42392176 36.83086868 0 P 0
L 58.16992176 36.32286868 58.67792176 36.57686868 0 P 0
L 58.16992176 36.68486948 58.42392176 36.17686948 0 P 0
L 58.16992176 36.68486948 58.67792176 36.43086948 0 P 0
L 58.16992176 36.97686788 58.42392176 37.48486788 0 P 0
L 58.16992176 36.97686788 58.67792176 37.23086788 0 P 0
L 58.16992176 37.33886868 58.42392176 36.83086868 0 P 0
L 58.16992176 37.33886868 58.67792176 37.08486868 0 P 0
L 58.16992176 37.63086708 58.42392176 38.13886708 0 P 0
L 58.16992176 37.63086708 58.67792176 37.88486708 0 P 0
L 58.16992176 37.99286788 58.42392176 37.48486788 0 P 0
L 58.16992176 37.99286788 58.67792176 37.73886788 0 P 0
L 58.16992176 38.28486628 58.42392176 38.79286628 0 P 0
L 58.16992176 38.28486628 58.67792176 38.53886628 0 P 0
L 58.16992176 38.64686708 58.42392176 38.13886708 0 P 0
L 58.16992176 38.64686708 58.67792176 38.39286708 0 P 0
L 58.16992176 38.93886548 58.42392176 39.44686548 0 P 0
L 58.16992176 38.93886548 58.67792176 39.19286548 0 P 0
L 58.16992176 39.30086628 58.42392176 38.79286628 0 P 0
L 58.16992176 39.30086628 58.67792176 39.04686628 0 P 0
L 58.16992176 39.59286468 58.42392176 40.10086468 0 P 0
L 58.16992176 39.59286468 58.67792176 39.84686468 0 P 0
L 58.16992176 39.95486548 58.42392176 39.44686548 0 P 0
L 58.16992176 39.95486548 58.67792176 39.70086548 0 P 0
L 58.16992176 40.24686388 58.42392176 40.75486388 0 P 0
L 58.16992176 40.24686388 58.67792176 40.50086388 0 P 0
L 58.16992176 40.60886468 58.42392176 40.10086468 0 P 0
L 58.16992176 40.60886468 58.67792176 40.35486468 0 P 0
L 58.16992176 41.26286388 58.42392176 40.75486388 0 P 0
L 58.16992176 41.26286388 58.67792176 41.00886388 0 P 0
L 58.17639114 40.9008326 58.43039114 41.4088326 0 P 0
L 58.17639114 40.9008326 58.68439114 41.1548326 0 P 0
L 58.17639114 41.9168326 58.43039114 41.4088326 0 P 0
L 58.17639114 41.9168326 58.68439114 41.6628326 0 P 0
L 58.1853548 14.05293354 58.6933548 13.79893354 0 P 0
L 58.1853548 14.56093354 58.6933548 14.81493354 0 P 0
L 58.18810816 33.05312668 58.44210816 33.56112668 0 P 0
L 58.18810816 33.05312668 58.69610816 33.30712668 0 P 0
L 58.18810816 34.06912668 58.44210816 33.56112668 0 P 0
L 58.18810816 34.06912668 58.69610816 33.81512668 0 P 0
L 58.19140254 42.3432986 58.69940254 42.0892986 0 P 0
L 58.19140254 42.8512986 58.69940254 43.1052986 0 P 0
L 58.22782106 32.59709762 58.48182106 32.08909762 0 P 0
L 58.22782106 32.59709762 58.48182106 33.10509762 0 P 0
L 58.25980728 60.22453538 58.51380728 60.73253538 0 P 0
L 58.25980728 60.22453538 58.76780728 60.47853538 0 P 0
L 58.25980728 61.24053538 58.51380728 60.73253538 0 P 0
L 58.25980728 61.24053538 58.76780728 60.98653538 0 P 0
L 58.2831575 58.77293554 58.5371575 59.28093554 0 P 0
L 58.2831575 58.77293554 58.7911575 59.02693554 0 P 0
L 58.2831575 59.78893554 58.5371575 59.28093554 0 P 0
L 58.2831575 59.78893554 58.7911575 59.53493554 0 P 0
L 58.288809 75.04341862 58.796809 74.78941862 0 P 0
L 58.288809 75.55141862 58.796809 75.80541862 0 P 0
L 58.31990114 44.50116576 58.82790114 44.24716576 0 P 0
L 58.31990114 45.00916576 58.82790114 45.26316576 0 P 0
L 58.331354 13.79893354 58.585354 14.30693354 0 P 0
L 58.331354 13.79893354 58.839354 14.05293354 0 P 0
L 58.331354 14.81493354 58.585354 14.30693354 0 P 0
L 58.331354 14.81493354 58.839354 14.56093354 0 P 0
L 58.3321922 46.24760372 58.5861922 45.73960372 0 P 0
L 58.3321922 46.24760372 58.5861922 46.75560372 0 P 0
L 58.33340886 15.50453592 58.84140886 15.25053592 0 P 0
L 58.33340886 16.01253592 58.84140886 16.26653592 0 P 0
L 58.36780808 60.73253538 58.62180808 60.22453538 0 P 0
L 58.36780808 60.73253538 58.62180808 61.24053538 0 P 0
L 58.38747276 73.88522434 58.64147276 73.37722434 0 P 0
L 58.38747276 73.88522434 58.64147276 74.39322434 0 P 0
L 58.3911583 59.28093554 58.6451583 58.77293554 0 P 0
L 58.3911583 59.28093554 58.6451583 59.78893554 0 P 0
L 58.40190758 74.9942366 58.65590758 75.5022366 0 P 0
L 58.40190758 74.9942366 58.90990758 75.2482366 0 P 0
L 58.40190758 76.0102366 58.65590758 75.5022366 0 P 0
L 58.40190758 76.0102366 58.90990758 75.7562366 0 P 0
L 58.43463294 44.0473719 58.68863294 44.5553719 0 P 0
L 58.43463294 44.0473719 58.94263294 44.3013719 0 P 0
L 58.43463294 45.0633719 58.68863294 44.5553719 0 P 0
L 58.43463294 45.0633719 58.94263294 44.8093719 0 P 0
L 58.4393548 14.30693354 58.6933548 13.79893354 0 P 0
L 58.4393548 14.30693354 58.6933548 14.81493354 0 P 0
L 58.44540254 42.5972986 58.69940254 42.0892986 0 P 0
L 58.44540254 42.5972986 58.69940254 43.1052986 0 P 0
L 58.46988052 31.91690594 58.97788052 31.66290594 0 P 0
L 58.46988052 32.42490594 58.97788052 32.67890594 0 P 0
L 58.47940806 15.25053592 58.73340806 15.75853592 0 P 0
L 58.47940806 15.25053592 58.98740806 15.50453592 0 P 0
L 58.47940806 16.26653592 58.73340806 15.75853592 0 P 0
L 58.47940806 16.26653592 58.98740806 16.01253592 0 P 0
L 58.542809 75.29741862 58.796809 74.78941862 0 P 0
L 58.542809 75.29741862 58.796809 75.80541862 0 P 0
L 58.54657328 41.79414552 59.05457328 41.54014552 0 P 0
L 58.54657328 42.30214552 59.05457328 42.55614552 0 P 0
L 58.57390114 44.75516576 58.82790114 44.24716576 0 P 0
L 58.57390114 44.75516576 58.82790114 45.26316576 0 P 0
L 58.5857858 31.4668027 58.8397858 31.9748027 0 P 0
L 58.5857858 31.4668027 59.0937858 31.7208027 0 P 0
L 58.5857858 32.4828027 58.8397858 31.9748027 0 P 0
L 58.5857858 32.4828027 59.0937858 32.2288027 0 P 0
L 58.58740886 15.75853592 58.84140886 15.25053592 0 P 0
L 58.58740886 15.75853592 58.84140886 16.26653592 0 P 0
L 58.58870172 45.5848339 59.09670172 45.3308339 0 P 0
L 58.58870172 46.0928339 59.09670172 46.3468339 0 P 0
L 58.62291298 32.56459832 58.87691298 33.07259832 0 P 0
L 58.62291298 32.56459832 59.13091298 32.81859832 0 P 0
L 58.62291298 33.58059832 58.87691298 33.07259832 0 P 0
L 58.62291298 33.58059832 59.13091298 33.32659832 0 P 0
L 58.66440642 74.01309556 59.17240642 73.75909556 0 P 0
L 58.66440642 74.52109556 59.17240642 74.77509556 0 P 0
L 58.67792176 33.96087188 59.18592176 33.70687188 0 P 0
L 58.67792176 34.46887188 59.18592176 34.72287188 0 P 0
L 58.67792176 34.61487108 59.18592176 34.36087108 0 P 0
L 58.67792176 35.12287108 59.18592176 35.37687108 0 P 0
L 58.67792176 35.26887028 59.18592176 35.01487028 0 P 0
L 58.67792176 35.77687028 59.18592176 36.03087028 0 P 0
L 58.67792176 35.92286948 59.18592176 35.66886948 0 P 0
L 58.67792176 36.43086948 59.18592176 36.68486948 0 P 0
L 58.67792176 36.57686868 59.18592176 36.32286868 0 P 0
L 58.67792176 37.08486868 59.18592176 37.33886868 0 P 0
L 58.67792176 37.23086788 59.18592176 36.97686788 0 P 0
L 58.67792176 37.73886788 59.18592176 37.99286788 0 P 0
L 58.67792176 37.88486708 59.18592176 37.63086708 0 P 0
L 58.67792176 38.39286708 59.18592176 38.64686708 0 P 0
L 58.67792176 38.53886628 59.18592176 38.28486628 0 P 0
L 58.67792176 39.04686628 59.18592176 39.30086628 0 P 0
L 58.67792176 39.19286548 59.18592176 38.93886548 0 P 0
L 58.67792176 39.70086548 59.18592176 39.95486548 0 P 0
L 58.67792176 39.84686468 59.18592176 39.59286468 0 P 0
L 58.67792176 40.35486468 59.18592176 40.60886468 0 P 0
L 58.67792176 40.50086388 59.18592176 40.24686388 0 P 0
L 58.67792176 41.00886388 59.18592176 41.26286388 0 P 0
L 58.68439114 41.1548326 59.19239114 40.9008326 0 P 0
L 58.68439114 41.6628326 59.19239114 41.9168326 0 P 0
L 58.6934564 45.10225422 58.9474564 45.61025422 0 P 0
L 58.6934564 45.10225422 59.2014564 45.35625422 0 P 0
L 58.6934564 46.11825422 58.9474564 45.61025422 0 P 0
L 58.6934564 46.11825422 59.2014564 45.86425422 0 P 0
L 58.69610816 33.30712668 59.20410816 33.05312668 0 P 0
L 58.69610816 33.81512668 59.20410816 34.06912668 0 P 0
L 58.72388052 32.17090594 58.97788052 31.66290594 0 P 0
L 58.72388052 32.17090594 58.97788052 32.67890594 0 P 0
L 58.76780728 60.47853538 59.27580728 60.22453538 0 P 0
L 58.76780728 60.98653538 59.27580728 61.24053538 0 P 0
L 58.78013898 73.95574744 59.03413898 74.46374744 0 P 0
L 58.78013898 73.95574744 59.28813898 74.20974744 0 P 0
L 58.78013898 74.97174744 59.03413898 74.46374744 0 P 0
L 58.78013898 74.97174744 59.28813898 74.71774744 0 P 0
L 58.7911575 59.02693554 59.2991575 58.77293554 0 P 0
L 58.7911575 59.53493554 59.2991575 59.78893554 0 P 0
L 58.80057328 42.04814552 59.05457328 41.54014552 0 P 0
L 58.80057328 42.04814552 59.05457328 42.55614552 0 P 0
L 58.839354 14.05293354 59.347354 13.79893354 0 P 0
L 58.839354 14.56093354 59.347354 14.81493354 0 P 0
L 58.84270172 45.8388339 59.09670172 45.3308339 0 P 0
L 58.84270172 45.8388339 59.09670172 46.3468339 0 P 0
L 58.90990758 75.2482366 59.41790758 74.9942366 0 P 0
L 58.90990758 75.7562366 59.41790758 76.0102366 0 P 0
L 58.91380648 60.22453538 59.16780648 60.73253538 0 P 0
L 58.91380648 60.22453538 59.42180648 60.47853538 0 P 0
L 58.91380648 61.24053538 59.16780648 60.73253538 0 P 0
L 58.91380648 61.24053538 59.42180648 60.98653538 0 P 0
L 58.91840642 74.26709556 59.17240642 73.75909556 0 P 0
L 58.91840642 74.26709556 59.17240642 74.77509556 0 P 0
L 58.93192176 34.21487188 59.18592176 33.70687188 0 P 0
L 58.93192176 34.21487188 59.18592176 34.72287188 0 P 0
L 58.93192176 34.86887108 59.18592176 34.36087108 0 P 0
L 58.93192176 34.86887108 59.18592176 35.37687108 0 P 0
L 58.93192176 35.52287028 59.18592176 35.01487028 0 P 0
L 58.93192176 35.52287028 59.18592176 36.03087028 0 P 0
L 58.93192176 36.17686948 59.18592176 35.66886948 0 P 0
L 58.93192176 36.17686948 59.18592176 36.68486948 0 P 0
L 58.93192176 36.83086868 59.18592176 36.32286868 0 P 0
L 58.93192176 36.83086868 59.18592176 37.33886868 0 P 0
L 58.93192176 37.48486788 59.18592176 36.97686788 0 P 0
L 58.93192176 37.48486788 59.18592176 37.99286788 0 P 0
L 58.93192176 38.13886708 59.18592176 37.63086708 0 P 0
L 58.93192176 38.13886708 59.18592176 38.64686708 0 P 0
L 58.93192176 38.79286628 59.18592176 38.28486628 0 P 0
L 58.93192176 38.79286628 59.18592176 39.30086628 0 P 0
L 58.93192176 39.44686548 59.18592176 38.93886548 0 P 0
L 58.93192176 39.44686548 59.18592176 39.95486548 0 P 0
L 58.93192176 40.10086468 59.18592176 39.59286468 0 P 0
L 58.93192176 40.10086468 59.18592176 40.60886468 0 P 0
L 58.93192176 40.75486388 59.18592176 40.24686388 0 P 0
L 58.93192176 40.75486388 59.18592176 41.26286388 0 P 0
L 58.9371567 58.77293554 59.1911567 59.28093554 0 P 0
L 58.9371567 58.77293554 59.4451567 59.02693554 0 P 0
L 58.9371567 59.78893554 59.1911567 59.28093554 0 P 0
L 58.9371567 59.78893554 59.4451567 59.53493554 0 P 0
L 58.93839114 41.4088326 59.19239114 40.9008326 0 P 0
L 58.93839114 41.4088326 59.19239114 41.9168326 0 P 0
L 58.94263294 44.3013719 59.45063294 44.0473719 0 P 0
L 58.94263294 44.8093719 59.45063294 45.0633719 0 P 0
L 58.95010816 33.56112668 59.20410816 33.05312668 0 P 0
L 58.95010816 33.56112668 59.20410816 34.06912668 0 P 0
L 58.9853532 13.79893354 59.2393532 14.30693354 0 P 0
L 58.9853532 13.79893354 59.4933532 14.05293354 0 P 0
L 58.9853532 14.81493354 59.2393532 14.30693354 0 P 0
L 58.9853532 14.81493354 59.4933532 14.56093354 0 P 0
L 58.98740806 15.50453592 59.49540806 15.25053592 0 P 0
L 58.98740806 16.01253592 59.49540806 16.26653592 0 P 0
L 59.02180728 60.73253538 59.27580728 60.22453538 0 P 0
L 59.02180728 60.73253538 59.27580728 61.24053538 0 P 0
L 59.0451575 59.28093554 59.2991575 58.77293554 0 P 0
L 59.0451575 59.28093554 59.2991575 59.78893554 0 P 0
L 59.0513678 75.07116812 59.3053678 75.57916812 0 P 0
L 59.0513678 75.07116812 59.5593678 75.32516812 0 P 0
L 59.0513678 76.08716812 59.3053678 75.57916812 0 P 0
L 59.0513678 76.08716812 59.5593678 75.83316812 0 P 0
L 59.08543936 43.98282034 59.33943936 44.49082034 0 P 0
L 59.08543936 43.98282034 59.59343936 44.23682034 0 P 0
L 59.08543936 44.99882034 59.33943936 44.49082034 0 P 0
L 59.08543936 44.99882034 59.59343936 44.74482034 0 P 0
L 59.093354 14.30693354 59.347354 13.79893354 0 P 0
L 59.093354 14.30693354 59.347354 14.81493354 0 P 0
L 59.0937858 31.7208027 59.6017858 31.4668027 0 P 0
L 59.0937858 32.2288027 59.6017858 32.4828027 0 P 0
L 59.13091298 32.81859832 59.63891298 32.56459832 0 P 0
L 59.13091298 33.32659832 59.63891298 33.58059832 0 P 0
L 59.13336408 15.25789684 59.38736408 15.76589684 0 P 0
L 59.13336408 15.25789684 59.64136408 15.51189684 0 P 0
L 59.13336408 16.27389684 59.38736408 15.76589684 0 P 0
L 59.13336408 16.27389684 59.64136408 16.01989684 0 P 0
L 59.16390758 75.5022366 59.41790758 74.9942366 0 P 0
L 59.16390758 75.5022366 59.41790758 76.0102366 0 P 0
L 59.19663294 44.5553719 59.45063294 44.0473719 0 P 0
L 59.19663294 44.5553719 59.45063294 45.0633719 0 P 0
L 59.2014564 45.35625422 59.7094564 45.10225422 0 P 0
L 59.2014564 45.86425422 59.7094564 46.11825422 0 P 0
L 59.23848452 31.50802944 59.49248452 32.01602944 0 P 0
L 59.23848452 31.50802944 59.74648452 31.76202944 0 P 0
L 59.23848452 32.52402944 59.49248452 32.01602944 0 P 0
L 59.23848452 32.52402944 59.74648452 32.27002944 0 P 0
L 59.24140806 15.75853592 59.49540806 15.25053592 0 P 0
L 59.24140806 15.75853592 59.49540806 16.26653592 0 P 0
L 59.25114896 32.74634802 59.50514896 33.25434802 0 P 0
L 59.25114896 32.74634802 59.75914896 33.00034802 0 P 0
L 59.25114896 33.76234802 59.50514896 33.25434802 0 P 0
L 59.25114896 33.76234802 59.75914896 33.50834802 0 P 0
L 59.28813898 74.20974744 59.79613898 73.95574744 0 P 0
L 59.28813898 74.71774744 59.79613898 74.97174744 0 P 0
L 59.34648532 45.0666485 59.60048532 45.5746485 0 P 0
L 59.34648532 45.0666485 59.85448532 45.3206485 0 P 0
L 59.34648532 46.0826485 59.60048532 45.5746485 0 P 0
L 59.34648532 46.0826485 59.85448532 45.8286485 0 P 0
L 59.3477858 31.9748027 59.6017858 31.4668027 0 P 0
L 59.3477858 31.9748027 59.6017858 32.4828027 0 P 0
L 59.38491298 33.07259832 59.63891298 32.56459832 0 P 0
L 59.38491298 33.07259832 59.63891298 33.58059832 0 P 0
L 59.41709224 33.37894264 59.67109224 33.88694264 0 P 0
L 59.41709224 33.37894264 59.92509224 33.63294264 0 P 0
L 59.41709224 34.03294184 59.67109224 34.54094184 0 P 0
L 59.41709224 34.03294184 59.92509224 34.28694184 0 P 0
L 59.41709224 34.39494264 59.67109224 33.88694264 0 P 0
L 59.41709224 34.39494264 59.92509224 34.14094264 0 P 0
L 59.41709224 34.68694104 59.67109224 35.19494104 0 P 0
L 59.41709224 34.68694104 59.92509224 34.94094104 0 P 0
L 59.41709224 35.04894184 59.67109224 34.54094184 0 P 0
L 59.41709224 35.04894184 59.92509224 34.79494184 0 P 0
L 59.41709224 35.34094024 59.67109224 35.84894024 0 P 0
L 59.41709224 35.34094024 59.92509224 35.59494024 0 P 0
L 59.41709224 35.70294104 59.67109224 35.19494104 0 P 0
L 59.41709224 35.70294104 59.92509224 35.44894104 0 P 0
L 59.41709224 35.99493944 59.67109224 36.50293944 0 P 0
L 59.41709224 35.99493944 59.92509224 36.24893944 0 P 0
L 59.41709224 36.35694024 59.67109224 35.84894024 0 P 0
L 59.41709224 36.35694024 59.92509224 36.10294024 0 P 0
L 59.41709224 36.64893864 59.67109224 37.15693864 0 P 0
L 59.41709224 36.64893864 59.92509224 36.90293864 0 P 0
L 59.41709224 37.01093944 59.67109224 36.50293944 0 P 0
L 59.41709224 37.01093944 59.92509224 36.75693944 0 P 0
L 59.41709224 37.30293784 59.67109224 37.81093784 0 P 0
L 59.41709224 37.30293784 59.92509224 37.55693784 0 P 0
L 59.41709224 37.66493864 59.67109224 37.15693864 0 P 0
L 59.41709224 37.66493864 59.92509224 37.41093864 0 P 0
L 59.41709224 37.95693704 59.67109224 38.46493704 0 P 0
L 59.41709224 37.95693704 59.92509224 38.21093704 0 P 0
L 59.41709224 38.31893784 59.67109224 37.81093784 0 P 0
L 59.41709224 38.31893784 59.92509224 38.06493784 0 P 0
L 59.41709224 38.61093624 59.67109224 39.11893624 0 P 0
L 59.41709224 38.61093624 59.92509224 38.86493624 0 P 0
L 59.41709224 38.97293704 59.67109224 38.46493704 0 P 0
L 59.41709224 38.97293704 59.92509224 38.71893704 0 P 0
L 59.41709224 39.26493544 59.67109224 39.77293544 0 P 0
L 59.41709224 39.26493544 59.92509224 39.51893544 0 P 0
L 59.41709224 39.62693624 59.67109224 39.11893624 0 P 0
L 59.41709224 39.62693624 59.92509224 39.37293624 0 P 0
L 59.41709224 39.91893464 59.67109224 40.42693464 0 P 0
L 59.41709224 39.91893464 59.92509224 40.17293464 0 P 0
L 59.41709224 40.28093544 59.67109224 39.77293544 0 P 0
L 59.41709224 40.28093544 59.92509224 40.02693544 0 P 0
L 59.41709224 40.57293384 59.67109224 41.08093384 0 P 0
L 59.41709224 40.57293384 59.92509224 40.82693384 0 P 0
L 59.41709224 40.93493464 59.67109224 40.42693464 0 P 0
L 59.41709224 40.93493464 59.92509224 40.68093464 0 P 0
L 59.41709224 41.58893384 59.67109224 41.08093384 0 P 0
L 59.41709224 41.58893384 59.92509224 41.33493384 0 P 0
L 59.42180648 60.47853538 59.92980648 60.22453538 0 P 0
L 59.42180648 60.98653538 59.92980648 61.24053538 0 P 0
L 59.43357938 73.98281876 59.68757938 74.49081876 0 P 0
L 59.43357938 73.98281876 59.94157938 74.23681876 0 P 0
L 59.43357938 74.99881876 59.68757938 74.49081876 0 P 0
L 59.43357938 74.99881876 59.94157938 74.74481876 0 P 0
L 59.4451567 59.02693554 59.9531567 58.77293554 0 P 0
L 59.4451567 59.53493554 59.9531567 59.78893554 0 P 0
L 59.4495255 41.2261304 59.7035255 41.7341304 0 P 0
L 59.4495255 41.2261304 59.9575255 41.4801304 0 P 0
L 59.4495255 42.2421304 59.7035255 41.7341304 0 P 0
L 59.4495255 42.2421304 59.9575255 41.9881304 0 P 0
L 59.4554564 45.61025422 59.7094564 45.10225422 0 P 0
L 59.4554564 45.61025422 59.7094564 46.11825422 0 P 0
L 59.4933532 14.05293354 60.0013532 13.79893354 0 P 0
L 59.4933532 14.56093354 60.0013532 14.81493354 0 P 0
L 59.54213898 74.46374744 59.79613898 73.95574744 0 P 0
L 59.54213898 74.46374744 59.79613898 74.97174744 0 P 0
L 59.5593678 75.32516812 60.0673678 75.07116812 0 P 0
L 59.5593678 75.83316812 60.0673678 76.08716812 0 P 0
L 59.56226594 60.3094806 59.81626594 60.8174806 0 P 0
L 59.56226594 60.3094806 60.07026594 60.5634806 0 P 0
L 59.56226594 61.3254806 59.81626594 60.8174806 0 P 0
L 59.56226594 61.3254806 60.07026594 61.0714806 0 P 0
L 59.58468906 58.68118566 59.83868906 59.18918566 0 P 0
L 59.58468906 58.68118566 60.09268906 58.93518566 0 P 0
L 59.58468906 59.69718566 59.83868906 59.18918566 0 P 0
L 59.58468906 59.69718566 60.09268906 59.44318566 0 P 0
L 59.59343936 44.23682034 60.10143936 43.98282034 0 P 0
L 59.59343936 44.74482034 60.10143936 44.99882034 0 P 0
L 59.63075196 13.69321366 59.88475196 14.20121366 0 P 0
L 59.63075196 13.69321366 60.13875196 13.94721366 0 P 0
L 59.63075196 14.70921366 59.88475196 14.20121366 0 P 0
L 59.63075196 14.70921366 60.13875196 14.45521366 0 P 0
L 59.64136408 15.51189684 60.14936408 15.25789684 0 P 0
L 59.64136408 16.01989684 60.14936408 16.27389684 0 P 0
L 59.67580648 60.73253538 59.92980648 60.22453538 0 P 0
L 59.67580648 60.73253538 59.92980648 61.24053538 0 P 0
L 59.69741426 41.83132858 59.95141426 42.33932858 0 P 0
L 59.69741426 41.83132858 60.20541426 42.08532858 0 P 0
L 59.69741426 42.84732858 59.95141426 42.33932858 0 P 0
L 59.69741426 42.84732858 60.20541426 42.59332858 0 P 0
L 59.6991567 59.28093554 59.9531567 58.77293554 0 P 0
L 59.6991567 59.28093554 59.9531567 59.78893554 0 P 0
L 59.70535176 75.06664692 59.95935176 75.57464692 0 P 0
L 59.70535176 75.06664692 60.21335176 75.32064692 0 P 0
L 59.70535176 76.08264692 59.95935176 75.57464692 0 P 0
L 59.70535176 76.08264692 60.21335176 75.82864692 0 P 0
L 59.73943856 43.98282034 59.99343856 44.49082034 0 P 0
L 59.73943856 43.98282034 60.24743856 44.23682034 0 P 0
L 59.73943856 44.99882034 59.99343856 44.49082034 0 P 0
L 59.73943856 44.99882034 60.24743856 44.74482034 0 P 0
L 59.74648452 31.76202944 60.25448452 31.50802944 0 P 0
L 59.74648452 32.27002944 60.25448452 32.52402944 0 P 0
L 59.7473532 14.30693354 60.0013532 13.79893354 0 P 0
L 59.7473532 14.30693354 60.0013532 14.81493354 0 P 0
L 59.75914896 33.00034802 60.26714896 32.74634802 0 P 0
L 59.75914896 33.50834802 60.26714896 33.76234802 0 P 0
L 59.77194294 15.39908782 60.02594294 15.90708782 0 P 0
L 59.77194294 15.39908782 60.27994294 15.65308782 0 P 0
L 59.77194294 16.41508782 60.02594294 15.90708782 0 P 0
L 59.77194294 16.41508782 60.27994294 16.16108782 0 P 0
L 59.8133678 75.57916812 60.0673678 75.07116812 0 P 0
L 59.8133678 75.57916812 60.0673678 76.08716812 0 P 0
L 59.82343128 31.80052314 60.07743128 32.30852314 0 P 0
L 59.82343128 31.80052314 60.33143128 32.05452314 0 P 0
L 59.82343128 32.81652314 60.07743128 32.30852314 0 P 0
L 59.82343128 32.81652314 60.33143128 32.56252314 0 P 0
L 59.84743936 44.49082034 60.10143936 43.98282034 0 P 0
L 59.84743936 44.49082034 60.10143936 44.99882034 0 P 0
L 59.85448532 45.3206485 60.36248532 45.0666485 0 P 0
L 59.85448532 45.8286485 60.36248532 46.0826485 0 P 0
L 59.89536408 15.76589684 60.14936408 15.25789684 0 P 0
L 59.89536408 15.76589684 60.14936408 16.27389684 0 P 0
L 59.92509224 33.63294264 60.43309224 33.37894264 0 P 0
L 59.92509224 34.14094264 60.43309224 34.39494264 0 P 0
L 59.92509224 34.28694184 60.43309224 34.03294184 0 P 0
L 59.92509224 34.79494184 60.43309224 35.04894184 0 P 0
L 59.92509224 34.94094104 60.43309224 34.68694104 0 P 0
L 59.92509224 35.44894104 60.43309224 35.70294104 0 P 0
L 59.92509224 35.59494024 60.43309224 35.34094024 0 P 0
L 59.92509224 36.10294024 60.43309224 36.35694024 0 P 0
L 59.92509224 36.24893944 60.43309224 35.99493944 0 P 0
L 59.92509224 36.75693944 60.43309224 37.01093944 0 P 0
L 59.92509224 36.90293864 60.43309224 36.64893864 0 P 0
L 59.92509224 37.41093864 60.43309224 37.66493864 0 P 0
L 59.92509224 37.55693784 60.43309224 37.30293784 0 P 0
L 59.92509224 38.06493784 60.43309224 38.31893784 0 P 0
L 59.92509224 38.21093704 60.43309224 37.95693704 0 P 0
L 59.92509224 38.71893704 60.43309224 38.97293704 0 P 0
L 59.92509224 38.86493624 60.43309224 38.61093624 0 P 0
L 59.92509224 39.37293624 60.43309224 39.62693624 0 P 0
L 59.92509224 39.51893544 60.43309224 39.26493544 0 P 0
L 59.92509224 40.02693544 60.43309224 40.28093544 0 P 0
L 59.92509224 40.17293464 60.43309224 39.91893464 0 P 0
L 59.92509224 40.68093464 60.43309224 40.93493464 0 P 0
L 59.92509224 40.82693384 60.43309224 40.57293384 0 P 0
L 59.92509224 41.33493384 60.43309224 41.58893384 0 P 0
L 59.94157938 74.23681876 60.44957938 73.98281876 0 P 0
L 59.94157938 74.74481876 60.44957938 74.99881876 0 P 0
L 59.9575255 41.4801304 60.4655255 41.2261304 0 P 0
L 59.9575255 41.9881304 60.4655255 42.2421304 0 P 0
L 60.00048452 32.01602944 60.25448452 31.50802944 0 P 0
L 60.00048452 32.01602944 60.25448452 32.52402944 0 P 0
L 60.00048452 45.0666485 60.25448452 45.5746485 0 P 0
L 60.00048452 45.0666485 60.50848452 45.3206485 0 P 0
L 60.00048452 46.0826485 60.25448452 45.5746485 0 P 0
L 60.00048452 46.0826485 60.50848452 45.8286485 0 P 0
L 60.01314896 33.25434802 60.26714896 32.74634802 0 P 0
L 60.01314896 33.25434802 60.26714896 33.76234802 0 P 0
L 60.07026594 60.5634806 60.57826594 60.3094806 0 P 0
L 60.07026594 61.0714806 60.57826594 61.3254806 0 P 0
L 60.08757858 73.98281876 60.34157858 74.49081876 0 P 0
L 60.08757858 73.98281876 60.59557858 74.23681876 0 P 0
L 60.08757858 74.99881876 60.34157858 74.49081876 0 P 0
L 60.08757858 74.99881876 60.59557858 74.74481876 0 P 0
L 60.09268906 58.93518566 60.60068906 58.68118566 0 P 0
L 60.09268906 59.44318566 60.60068906 59.69718566 0 P 0
L 60.10848532 45.5746485 60.36248532 45.0666485 0 P 0
L 60.10848532 45.5746485 60.36248532 46.0826485 0 P 0
L 60.13875196 13.94721366 60.64675196 13.69321366 0 P 0
L 60.13875196 14.45521366 60.64675196 14.70921366 0 P 0
L 60.15489874 60.58606882 60.40889874 61.09406882 0 P 0
L 60.15489874 60.58606882 60.66289874 60.84006882 0 P 0
L 60.15489874 61.60206882 60.40889874 61.09406882 0 P 0
L 60.15489874 61.60206882 60.66289874 61.34806882 0 P 0
L 60.15658276 42.29702996 60.41058276 42.80502996 0 P 0
L 60.15658276 42.29702996 60.66458276 42.55102996 0 P 0
L 60.15658276 43.31302996 60.41058276 42.80502996 0 P 0
L 60.15658276 43.31302996 60.66458276 43.05902996 0 P 0
L 60.1640021 67.21951758 60.4180021 67.72751758 0 P 0
L 60.1640021 67.21951758 60.6720021 67.47351758 0 P 0
L 60.1640021 68.23551758 60.4180021 67.72751758 0 P 0
L 60.1640021 68.23551758 60.6720021 67.98151758 0 P 0
L 60.16915576 21.79079716 60.42315576 22.29879716 0 P 0
L 60.16915576 21.79079716 60.67715576 22.04479716 0 P 0
L 60.16915576 22.80679716 60.42315576 22.29879716 0 P 0
L 60.16915576 22.80679716 60.67715576 22.55279716 0 P 0
L 60.17068484 51.7791827 60.42468484 52.2871827 0 P 0
L 60.17068484 51.7791827 60.67868484 52.0331827 0 P 0
L 60.17068484 52.7951827 60.42468484 52.2871827 0 P 0
L 60.17068484 52.7951827 60.67868484 52.5411827 0 P 0
L 60.1725746 6.7648328 60.4265746 7.2728328 0 P 0
L 60.1725746 6.7648328 60.6805746 7.0188328 0 P 0
L 60.1725746 7.7808328 60.4265746 7.2728328 0 P 0
L 60.1725746 7.7808328 60.6805746 7.5268328 0 P 0
L 60.17335438 58.396251 60.42735438 58.904251 0 P 0
L 60.17335438 58.396251 60.68135438 58.650251 0 P 0
L 60.17335438 59.412251 60.42735438 58.904251 0 P 0
L 60.17335438 59.412251 60.68135438 59.158251 0 P 0
L 60.17909224 33.88694264 60.43309224 33.37894264 0 P 0
L 60.17909224 33.88694264 60.43309224 34.39494264 0 P 0
L 60.17909224 34.54094184 60.43309224 34.03294184 0 P 0
L 60.17909224 34.54094184 60.43309224 35.04894184 0 P 0
L 60.17909224 35.19494104 60.43309224 34.68694104 0 P 0
L 60.17909224 35.19494104 60.43309224 35.70294104 0 P 0
L 60.17909224 35.84894024 60.43309224 35.34094024 0 P 0
L 60.17909224 35.84894024 60.43309224 36.35694024 0 P 0
L 60.17909224 36.50293944 60.43309224 35.99493944 0 P 0
L 60.17909224 36.50293944 60.43309224 37.01093944 0 P 0
L 60.17909224 37.15693864 60.43309224 36.64893864 0 P 0
L 60.17909224 37.15693864 60.43309224 37.66493864 0 P 0
L 60.17909224 37.81093784 60.43309224 37.30293784 0 P 0
L 60.17909224 37.81093784 60.43309224 38.31893784 0 P 0
L 60.17909224 38.46493704 60.43309224 37.95693704 0 P 0
L 60.17909224 38.46493704 60.43309224 38.97293704 0 P 0
L 60.17909224 39.11893624 60.43309224 38.61093624 0 P 0
L 60.17909224 39.11893624 60.43309224 39.62693624 0 P 0
L 60.17909224 39.77293544 60.43309224 39.26493544 0 P 0
L 60.17909224 39.77293544 60.43309224 40.28093544 0 P 0
L 60.17909224 40.42693464 60.43309224 39.91893464 0 P 0
L 60.17909224 40.42693464 60.43309224 40.93493464 0 P 0
L 60.17909224 41.08093384 60.43309224 40.57293384 0 P 0
L 60.17909224 41.08093384 60.43309224 41.58893384 0 P 0
L 60.19557938 74.49081876 60.44957938 73.98281876 0 P 0
L 60.19557938 74.49081876 60.44957938 74.99881876 0 P 0
L 60.20234848 7.41815382 60.45634848 7.92615382 0 P 0
L 60.20234848 7.41815382 60.71034848 7.67215382 0 P 0
L 60.20234848 8.43415382 60.45634848 7.92615382 0 P 0
L 60.20234848 8.43415382 60.71034848 8.18015382 0 P 0
L 60.20527456 52.4322675 60.45927456 52.9402675 0 P 0
L 60.20527456 52.4322675 60.71327456 52.6862675 0 P 0
L 60.20527456 53.4482675 60.45927456 52.9402675 0 P 0
L 60.20527456 53.4482675 60.71327456 53.1942675 0 P 0
L 60.20541426 42.08532858 60.71341426 41.83132858 0 P 0
L 60.20541426 42.59332858 60.71341426 42.84732858 0 P 0
L 60.209938 22.44352382 60.463938 22.95152382 0 P 0
L 60.209938 22.44352382 60.717938 22.69752382 0 P 0
L 60.209938 23.45952382 60.463938 22.95152382 0 P 0
L 60.209938 23.45952382 60.717938 23.20552382 0 P 0
L 60.21094638 13.39140324 60.46494638 13.89940324 0 P 0
L 60.21094638 13.39140324 60.71894638 13.64540324 0 P 0
L 60.21094638 14.40740324 60.46494638 13.89940324 0 P 0
L 60.21094638 14.40740324 60.71894638 14.15340324 0 P 0
L 60.2115255 41.7341304 60.4655255 41.2261304 0 P 0
L 60.2115255 41.7341304 60.4655255 42.2421304 0 P 0
L 60.21335176 75.32064692 60.72135176 75.06664692 0 P 0
L 60.21335176 75.82864692 60.72135176 76.08264692 0 P 0
L 60.2254828 66.56841398 60.4794828 67.07641398 0 P 0
L 60.2254828 66.56841398 60.7334828 66.82241398 0 P 0
L 60.2254828 67.58441398 60.4794828 67.07641398 0 P 0
L 60.2254828 67.58441398 60.7334828 67.33041398 0 P 0
L 60.24743856 44.23682034 60.75543856 43.98282034 0 P 0
L 60.24743856 44.74482034 60.75543856 44.99882034 0 P 0
L 60.26390284 32.28394864 60.51790284 32.79194864 0 P 0
L 60.26390284 32.28394864 60.77190284 32.53794864 0 P 0
L 60.26390284 33.29994864 60.51790284 32.79194864 0 P 0
L 60.26390284 33.29994864 60.77190284 33.04594864 0 P 0
L 60.27994294 15.65308782 60.78794294 15.39908782 0 P 0
L 60.27994294 16.16108782 60.78794294 16.41508782 0 P 0
L 60.32352934 15.7504638 60.57752934 16.2584638 0 P 0
L 60.32352934 15.7504638 60.83152934 16.0044638 0 P 0
L 60.32352934 16.7664638 60.57752934 16.2584638 0 P 0
L 60.32352934 16.7664638 60.83152934 16.5124638 0 P 0
L 60.32426594 60.8174806 60.57826594 60.3094806 0 P 0
L 60.32426594 60.8174806 60.57826594 61.3254806 0 P 0
L 60.33143128 32.05452314 60.83943128 31.80052314 0 P 0
L 60.33143128 32.56252314 60.83943128 32.81652314 0 P 0
L 60.34668906 59.18918566 60.60068906 58.68118566 0 P 0
L 60.34668906 59.18918566 60.60068906 59.69718566 0 P 0
L 60.35935096 75.06664692 60.61335096 75.57464692 0 P 0
L 60.35935096 75.06664692 60.86735096 75.32064692 0 P 0
L 60.35935096 76.08264692 60.61335096 75.57464692 0 P 0
L 60.35935096 76.08264692 60.86735096 75.82864692 0 P 0
L 60.39275196 14.20121366 60.64675196 13.69321366 0 P 0
L 60.39275196 14.20121366 60.64675196 14.70921366 0 P 0
L 60.39343776 43.98282034 60.64743776 44.49082034 0 P 0
L 60.39343776 43.98282034 60.90143776 44.23682034 0 P 0
L 60.39343776 44.99882034 60.64743776 44.49082034 0 P 0
L 60.39343776 44.99882034 60.90143776 44.74482034 0 P 0
L 60.40611744 67.82704748 60.66011744 68.33504748 0 P 0
L 60.40611744 67.82704748 60.91411744 68.08104748 0 P 0
L 60.40611744 68.84304748 60.66011744 68.33504748 0 P 0
L 60.40611744 68.84304748 60.91411744 68.58904748 0 P 0
L 60.4301306 21.19112602 60.6841306 21.69912602 0 P 0
L 60.4301306 21.19112602 60.9381306 21.44512602 0 P 0
L 60.4301306 22.20712602 60.6841306 21.69912602 0 P 0
L 60.4301306 22.20712602 60.9381306 21.95312602 0 P 0
L 60.43717656 51.18194234 60.69117656 51.68994234 0 P 0
L 60.43717656 51.18194234 60.94517656 51.43594234 0 P 0
L 60.43717656 52.19794234 60.69117656 51.68994234 0 P 0
L 60.43717656 52.19794234 60.94517656 51.94394234 0 P 0
L 60.44583542 6.17065822 60.69983542 6.67865822 0 P 0
L 60.44583542 6.17065822 60.95383542 6.42465822 0 P 0
L 60.44583542 7.18665822 60.69983542 6.67865822 0 P 0
L 60.44583542 7.18665822 60.95383542 6.93265822 0 P 0
L 60.45941426 42.33932858 60.71341426 41.83132858 0 P 0
L 60.45941426 42.33932858 60.71341426 42.84732858 0 P 0
L 60.46735176 75.57464692 60.72135176 75.06664692 0 P 0
L 60.46735176 75.57464692 60.72135176 76.08264692 0 P 0
L 60.47872842 32.90165632 60.73272842 33.40965632 0 P 0
L 60.47872842 32.90165632 60.98672842 33.15565632 0 P 0
L 60.47872842 33.91765632 60.73272842 33.40965632 0 P 0
L 60.47872842 33.91765632 60.98672842 33.66365632 0 P 0
L 60.5009204 33.5552796 60.7549204 34.0632796 0 P 0
L 60.5009204 33.5552796 61.0089204 33.8092796 0 P 0
L 60.5009204 34.2092788 60.7549204 34.7172788 0 P 0
L 60.5009204 34.2092788 61.0089204 34.4632788 0 P 0
L 60.5009204 34.5712796 60.7549204 34.0632796 0 P 0
L 60.5009204 34.5712796 61.0089204 34.3172796 0 P 0
L 60.5009204 34.863278 60.7549204 35.371278 0 P 0
L 60.5009204 34.863278 61.0089204 35.117278 0 P 0
L 60.5009204 35.2252788 60.7549204 34.7172788 0 P 0
L 60.5009204 35.2252788 61.0089204 34.9712788 0 P 0
L 60.5009204 35.5172772 60.7549204 36.0252772 0 P 0
L 60.5009204 35.5172772 61.0089204 35.7712772 0 P 0
L 60.5009204 35.879278 60.7549204 35.371278 0 P 0
L 60.5009204 35.879278 61.0089204 35.625278 0 P 0
L 60.5009204 36.1712764 60.7549204 36.6792764 0 P 0
L 60.5009204 36.1712764 61.0089204 36.4252764 0 P 0
L 60.5009204 36.5332772 60.7549204 36.0252772 0 P 0
L 60.5009204 36.5332772 61.0089204 36.2792772 0 P 0
L 60.5009204 36.8252756 60.7549204 37.3332756 0 P 0
L 60.5009204 36.8252756 61.0089204 37.0792756 0 P 0
L 60.5009204 37.1872764 60.7549204 36.6792764 0 P 0
L 60.5009204 37.1872764 61.0089204 36.9332764 0 P 0
L 60.5009204 37.4792748 60.7549204 37.9872748 0 P 0
L 60.5009204 37.4792748 61.0089204 37.7332748 0 P 0
L 60.5009204 37.8412756 60.7549204 37.3332756 0 P 0
L 60.5009204 37.8412756 61.0089204 37.5872756 0 P 0
L 60.5009204 38.133274 60.7549204 38.641274 0 P 0
L 60.5009204 38.133274 61.0089204 38.387274 0 P 0
L 60.5009204 38.4952748 60.7549204 37.9872748 0 P 0
L 60.5009204 38.4952748 61.0089204 38.2412748 0 P 0
L 60.5009204 38.7872732 60.7549204 39.2952732 0 P 0
L 60.5009204 38.7872732 61.0089204 39.0412732 0 P 0
L 60.5009204 39.149274 60.7549204 38.641274 0 P 0
L 60.5009204 39.149274 61.0089204 38.895274 0 P 0
L 60.5009204 39.4412724 60.7549204 39.9492724 0 P 0
L 60.5009204 39.4412724 61.0089204 39.6952724 0 P 0
L 60.5009204 39.8032732 60.7549204 39.2952732 0 P 0
L 60.5009204 39.8032732 61.0089204 39.5492732 0 P 0
L 60.5009204 40.0952716 60.7549204 40.6032716 0 P 0
L 60.5009204 40.0952716 61.0089204 40.3492716 0 P 0
L 60.5009204 40.4572724 60.7549204 39.9492724 0 P 0
L 60.5009204 40.4572724 61.0089204 40.2032724 0 P 0
L 60.5009204 40.7492708 60.7549204 41.2572708 0 P 0
L 60.5009204 40.7492708 61.0089204 41.0032708 0 P 0
L 60.5009204 41.1112716 60.7549204 40.6032716 0 P 0
L 60.5009204 41.1112716 61.0089204 40.8572716 0 P 0
L 60.5009204 41.7652708 60.7549204 41.2572708 0 P 0
L 60.5009204 41.7652708 61.0089204 41.5112708 0 P 0
L 60.50143856 44.49082034 60.75543856 43.98282034 0 P 0
L 60.50143856 44.49082034 60.75543856 44.99882034 0 P 0
L 60.50848452 45.3206485 61.01648452 45.0666485 0 P 0
L 60.50848452 45.8286485 61.01648452 46.0826485 0 P 0
L 60.53115656 7.9834867 60.78515656 8.4914867 0 P 0
L 60.53115656 7.9834867 61.03915656 8.2374867 0 P 0
L 60.53115656 8.9994867 60.78515656 8.4914867 0 P 0
L 60.53115656 8.9994867 61.03915656 8.7454867 0 P 0
L 60.53394294 15.90708782 60.78794294 15.39908782 0 P 0
L 60.53394294 15.90708782 60.78794294 16.41508782 0 P 0
L 60.54194902 52.99294964 60.79594902 53.50094964 0 P 0
L 60.54194902 52.99294964 61.04994902 53.24694964 0 P 0
L 60.54194902 54.00894964 60.79594902 53.50094964 0 P 0
L 60.54194902 54.00894964 61.04994902 53.75494964 0 P 0
L 60.55144608 23.00127734 60.80544608 23.50927734 0 P 0
L 60.55144608 23.00127734 61.05944608 23.25527734 0 P 0
L 60.55144608 24.01727734 60.80544608 23.50927734 0 P 0
L 60.55144608 24.01727734 61.05944608 23.76327734 0 P 0
L 60.57848438 66.0178639 60.83248438 66.5258639 0 P 0
L 60.57848438 66.0178639 61.08648438 66.2718639 0 P 0
L 60.57848438 67.0338639 60.83248438 66.5258639 0 P 0
L 60.57848438 67.0338639 61.08648438 66.7798639 0 P 0
L 60.58543128 32.30852314 60.83943128 31.80052314 0 P 0
L 60.58543128 32.30852314 60.83943128 32.81652314 0 P 0
L 60.59557858 74.23681876 61.10357858 73.98281876 0 P 0
L 60.59557858 74.74481876 61.10357858 74.99881876 0 P 0
L 60.62194632 61.0438708 60.87594632 61.5518708 0 P 0
L 60.62194632 61.0438708 61.12994632 61.2978708 0 P 0
L 60.62194632 62.0598708 60.87594632 61.5518708 0 P 0
L 60.62194632 62.0598708 61.12994632 61.8058708 0 P 0
L 60.63711266 57.93511908 60.89111266 58.44311908 0 P 0
L 60.63711266 57.93511908 61.14511266 58.18911908 0 P 0
L 60.63711266 58.95111908 60.89111266 58.44311908 0 P 0
L 60.63711266 58.95111908 61.14511266 58.69711908 0 P 0
L 60.65448372 45.0666485 60.90848372 45.5746485 0 P 0
L 60.65448372 45.0666485 61.16248372 45.3206485 0 P 0
L 60.65448372 46.0826485 60.90848372 45.5746485 0 P 0
L 60.65448372 46.0826485 61.16248372 45.8286485 0 P 0
L 60.66289874 60.84006882 61.17089874 60.58606882 0 P 0
L 60.66289874 61.34806882 61.17089874 61.60206882 0 P 0
L 60.66458276 42.55102996 61.17258276 42.29702996 0 P 0
L 60.66458276 43.05902996 61.17258276 43.31302996 0 P 0
L 60.66793556 12.92356064 60.92193556 13.43156064 0 P 0
L 60.66793556 12.92356064 61.17593556 13.17756064 0 P 0
L 60.66793556 13.93956064 60.92193556 13.43156064 0 P 0
L 60.66793556 13.93956064 61.17593556 13.68556064 0 P 0
L 60.6720021 67.47351758 61.1800021 67.21951758 0 P 0
L 60.6720021 67.98151758 61.1800021 68.23551758 0 P 0
L 60.67715576 22.04479716 61.18515576 21.79079716 0 P 0
L 60.67715576 22.55279716 61.18515576 22.80679716 0 P 0
L 60.67868484 52.0331827 61.18668484 51.7791827 0 P 0
L 60.67868484 52.5411827 61.18668484 52.7951827 0 P 0
L 60.6805746 7.0188328 61.1885746 6.7648328 0 P 0
L 60.6805746 7.5268328 61.1885746 7.7808328 0 P 0
L 60.68135438 58.650251 61.18935438 58.396251 0 P 0
L 60.68135438 59.158251 61.18935438 59.412251 0 P 0
L 60.69201222 14.76566008 60.94601222 15.27366008 0 P 0
L 60.69201222 14.76566008 61.20001222 15.01966008 0 P 0
L 60.69201222 15.78166008 60.94601222 15.27366008 0 P 0
L 60.69201222 15.78166008 61.20001222 15.52766008 0 P 0
L 60.71034848 7.67215382 61.21834848 7.41815382 0 P 0
L 60.71034848 8.18015382 61.21834848 8.43415382 0 P 0
L 60.71327456 52.6862675 61.22127456 52.4322675 0 P 0
L 60.71327456 53.1942675 61.22127456 53.4482675 0 P 0
L 60.7141153 59.75320282 60.9681153 60.26120282 0 P 0
L 60.7141153 59.75320282 61.2221153 60.00720282 0 P 0
L 60.7141153 60.76920282 60.9681153 60.26120282 0 P 0
L 60.7141153 60.76920282 61.2221153 60.51520282 0 P 0
L 60.717938 22.69752382 61.225938 22.44352382 0 P 0
L 60.717938 23.20552382 61.225938 23.45952382 0 P 0
L 60.71894638 13.64540324 61.22694638 13.39140324 0 P 0
L 60.71894638 14.15340324 61.22694638 14.40740324 0 P 0
L 60.72927656 41.36210676 60.98327656 41.87010676 0 P 0
L 60.72927656 41.36210676 61.23727656 41.61610676 0 P 0
L 60.72927656 42.37810676 60.98327656 41.87010676 0 P 0
L 60.72927656 42.37810676 61.23727656 42.12410676 0 P 0
L 60.7334828 66.82241398 61.2414828 66.56841398 0 P 0
L 60.7334828 67.33041398 61.2414828 67.58441398 0 P 0
L 60.74157778 73.98281876 60.99557778 74.49081876 0 P 0
L 60.74157778 73.98281876 61.24957778 74.23681876 0 P 0
L 60.74157778 74.99881876 60.99557778 74.49081876 0 P 0
L 60.74157778 74.99881876 61.24957778 74.74481876 0 P 0
L 60.74273094 16.25244654 60.99673094 16.76044654 0 P 0
L 60.74273094 16.25244654 61.25073094 16.50644654 0 P 0
L 60.74273094 17.26844654 60.99673094 16.76044654 0 P 0
L 60.74273094 17.26844654 61.25073094 17.01444654 0 P 0
L 60.75458258 42.56181734 61.00858258 43.06981734 0 P 0
L 60.75458258 42.56181734 61.26258258 42.81581734 0 P 0
L 60.75458258 43.57781734 61.00858258 43.06981734 0 P 0
L 60.75458258 43.57781734 61.26258258 43.32381734 0 P 0
L 60.76248452 45.5746485 61.01648452 45.0666485 0 P 0
L 60.76248452 45.5746485 61.01648452 46.0826485 0 P 0
L 60.77190284 32.53794864 61.27990284 32.28394864 0 P 0
L 60.77190284 33.04594864 61.27990284 33.29994864 0 P 0
L 60.83152934 16.0044638 61.33952934 15.7504638 0 P 0
L 60.83152934 16.5124638 61.33952934 16.7664638 0 P 0
L 60.84957858 74.49081876 61.10357858 73.98281876 0 P 0
L 60.84957858 74.49081876 61.10357858 74.99881876 0 P 0
L 60.86735096 75.32064692 61.37535096 75.06664692 0 P 0
L 60.86735096 75.82864692 61.37535096 76.08264692 0 P 0
L 60.8785041 59.1202018 61.1325041 59.6282018 0 P 0
L 60.8785041 59.1202018 61.3865041 59.3742018 0 P 0
L 60.8785041 60.1362018 61.1325041 59.6282018 0 P 0
L 60.8785041 60.1362018 61.3865041 59.8822018 0 P 0
L 60.88488966 14.14074896 61.13888966 14.64874896 0 P 0
L 60.88488966 14.14074896 61.39288966 14.39474896 0 P 0
L 60.88488966 15.15674896 61.13888966 14.64874896 0 P 0
L 60.88488966 15.15674896 61.39288966 14.90274896 0 P 0
L 60.89840754 68.25759018 61.15240754 68.76559018 0 P 0
L 60.89840754 68.25759018 61.40640754 68.51159018 0 P 0
L 60.89840754 69.27359018 61.15240754 68.76559018 0 P 0
L 60.89840754 69.27359018 61.40640754 69.01959018 0 P 0
L 60.90143776 44.23682034 61.40943776 43.98282034 0 P 0
L 60.90143776 44.74482034 61.40943776 44.99882034 0 P 0
L 60.91411744 68.08104748 61.42211744 67.82704748 0 P 0
L 60.91411744 68.58904748 61.42211744 68.84304748 0 P 0
L 60.91689874 61.09406882 61.17089874 60.58606882 0 P 0
L 60.91689874 61.09406882 61.17089874 61.60206882 0 P 0
L 60.91858276 42.80502996 61.17258276 42.29702996 0 P 0
L 60.91858276 42.80502996 61.17258276 43.31302996 0 P 0
L 60.92175268 61.62510154 61.17575268 62.13310154 0 P 0
L 60.92175268 61.62510154 61.42975268 61.87910154 0 P 0
L 60.92175268 62.64110154 61.17575268 62.13310154 0 P 0
L 60.92175268 62.64110154 61.42975268 62.38710154 0 P 0
L 60.9260021 67.72751758 61.1800021 67.21951758 0 P 0
L 60.9260021 67.72751758 61.1800021 68.23551758 0 P 0
L 60.92863354 57.34968718 61.18263354 57.85768718 0 P 0
L 60.92863354 57.34968718 61.43663354 57.60368718 0 P 0
L 60.92863354 58.36568718 61.18263354 57.85768718 0 P 0
L 60.92863354 58.36568718 61.43663354 58.11168718 0 P 0
L 60.93115576 22.29879716 61.18515576 21.79079716 0 P 0
L 60.93115576 22.29879716 61.18515576 22.80679716 0 P 0
L 60.93268484 52.2871827 61.18668484 51.7791827 0 P 0
L 60.93268484 52.2871827 61.18668484 52.7951827 0 P 0
L 60.9345746 7.2728328 61.1885746 6.7648328 0 P 0
L 60.9345746 7.2728328 61.1885746 7.7808328 0 P 0
L 60.93535438 58.904251 61.18935438 58.396251 0 P 0
L 60.93535438 58.904251 61.18935438 59.412251 0 P 0
L 60.93580396 20.7763872 61.18980396 21.2843872 0 P 0
L 60.93580396 20.7763872 61.44380396 21.0303872 0 P 0
L 60.93580396 21.7923872 61.18980396 21.2843872 0 P 0
L 60.93580396 21.7923872 61.44380396 21.5383872 0 P 0
L 60.9381306 21.44512602 61.4461306 21.19112602 0 P 0
L 60.9381306 21.95312602 61.4461306 22.20712602 0 P 0
L 60.94249686 12.3299855 61.19649686 12.8379855 0 P 0
L 60.94249686 12.3299855 61.45049686 12.5839855 0 P 0
L 60.94249686 13.3459855 61.19649686 12.8379855 0 P 0
L 60.94249686 13.3459855 61.45049686 13.0919855 0 P 0
L 60.94517656 51.43594234 61.45317656 51.18194234 0 P 0
L 60.94517656 51.94394234 61.45317656 52.19794234 0 P 0
L 60.94665992 50.77188982 61.20065992 51.27988982 0 P 0
L 60.94665992 50.77188982 61.45465992 51.02588982 0 P 0
L 60.94665992 51.78788982 61.20065992 51.27988982 0 P 0
L 60.94665992 51.78788982 61.45465992 51.53388982 0 P 0
L 60.95383542 6.42465822 61.46183542 6.17065822 0 P 0
L 60.95383542 6.93265822 61.46183542 7.18665822 0 P 0
L 60.9599238 5.7663969 61.2139238 6.2743969 0 P 0
L 60.9599238 5.7663969 61.4679238 6.0203969 0 P 0
L 60.9599238 6.7823969 61.2139238 6.2743969 0 P 0
L 60.9599238 6.7823969 61.4679238 6.5283969 0 P 0
L 60.96434848 7.92615382 61.21834848 7.41815382 0 P 0
L 60.96434848 7.92615382 61.21834848 8.43415382 0 P 0
L 60.96727456 52.9402675 61.22127456 52.4322675 0 P 0
L 60.96727456 52.9402675 61.22127456 53.4482675 0 P 0
L 60.971938 22.95152382 61.225938 22.44352382 0 P 0
L 60.971938 22.95152382 61.225938 23.45952382 0 P 0
L 60.97294638 13.89940324 61.22694638 13.39140324 0 P 0
L 60.97294638 13.89940324 61.22694638 14.40740324 0 P 0
L 60.98508758 16.85988246 61.23908758 17.36788246 0 P 0
L 60.98508758 16.85988246 61.49308758 17.11388246 0 P 0
L 60.98508758 17.87588246 61.23908758 17.36788246 0 P 0
L 60.98508758 17.87588246 61.49308758 17.62188246 0 P 0
L 60.98672842 33.15565632 61.49472842 32.90165632 0 P 0
L 60.98672842 33.66365632 61.49472842 33.91765632 0 P 0
L 60.9874828 67.07641398 61.2414828 66.56841398 0 P 0
L 60.9874828 67.07641398 61.2414828 67.58441398 0 P 0
L 61.0089204 33.8092796 61.5169204 33.5552796 0 P 0
L 61.0089204 34.3172796 61.5169204 34.5712796 0 P 0
L 61.0089204 34.4632788 61.5169204 34.2092788 0 P 0
L 61.0089204 34.9712788 61.5169204 35.2252788 0 P 0
L 61.0089204 35.117278 61.5169204 34.863278 0 P 0
L 61.0089204 35.625278 61.5169204 35.879278 0 P 0
L 61.0089204 35.7712772 61.5169204 35.5172772 0 P 0
L 61.0089204 36.2792772 61.5169204 36.5332772 0 P 0
L 61.0089204 36.4252764 61.5169204 36.1712764 0 P 0
L 61.0089204 36.9332764 61.5169204 37.1872764 0 P 0
L 61.0089204 37.0792756 61.5169204 36.8252756 0 P 0
L 61.0089204 37.5872756 61.5169204 37.8412756 0 P 0
L 61.0089204 37.7332748 61.5169204 37.4792748 0 P 0
L 61.0089204 38.2412748 61.5169204 38.4952748 0 P 0
L 61.0089204 38.387274 61.5169204 38.133274 0 P 0
L 61.0089204 38.895274 61.5169204 39.149274 0 P 0
L 61.0089204 39.0412732 61.5169204 38.7872732 0 P 0
L 61.0089204 39.5492732 61.5169204 39.8032732 0 P 0
L 61.0089204 39.6952724 61.5169204 39.4412724 0 P 0
L 61.0089204 40.2032724 61.5169204 40.4572724 0 P 0
L 61.0089204 40.3492716 61.5169204 40.0952716 0 P 0
L 61.0089204 40.8572716 61.5169204 41.1112716 0 P 0
L 61.0089204 41.0032708 61.5169204 40.7492708 0 P 0
L 61.0089204 41.5112708 61.5169204 41.7652708 0 P 0
L 61.01335016 75.06664692 61.26735016 75.57464692 0 P 0
L 61.01335016 75.06664692 61.52135016 75.32064692 0 P 0
L 61.01335016 76.08264692 61.26735016 75.57464692 0 P 0
L 61.01335016 76.08264692 61.52135016 75.82864692 0 P 0
L 61.02580378 8.41131922 61.27980378 8.91931922 0 P 0
L 61.02580378 8.41131922 61.53380378 8.66531922 0 P 0
L 61.02580378 9.06531842 61.27980378 9.57331842 0 P 0
L 61.02580378 9.06531842 61.53380378 9.31931842 0 P 0
L 61.02580378 9.42731922 61.27980378 8.91931922 0 P 0
L 61.02580378 9.42731922 61.53380378 9.17331922 0 P 0
L 61.02580378 9.71931762 61.27980378 10.22731762 0 P 0
L 61.02580378 9.71931762 61.53380378 9.97331762 0 P 0
L 61.02580378 10.08131842 61.27980378 9.57331842 0 P 0
L 61.02580378 10.08131842 61.53380378 9.82731842 0 P 0
L 61.02580378 10.37331682 61.27980378 10.88131682 0 P 0
L 61.02580378 10.37331682 61.53380378 10.62731682 0 P 0
L 61.02580378 10.73531762 61.27980378 10.22731762 0 P 0
L 61.02580378 10.73531762 61.53380378 10.48131762 0 P 0
L 61.02580378 11.02731602 61.27980378 11.53531602 0 P 0
L 61.02580378 11.02731602 61.53380378 11.28131602 0 P 0
L 61.02580378 11.38931682 61.27980378 10.88131682 0 P 0
L 61.02580378 11.38931682 61.53380378 11.13531682 0 P 0
L 61.02580378 11.68131522 61.27980378 12.18931522 0 P 0
L 61.02580378 11.68131522 61.53380378 11.93531522 0 P 0
L 61.02580378 12.04331602 61.27980378 11.53531602 0 P 0
L 61.02580378 12.04331602 61.53380378 11.78931602 0 P 0
L 61.02580378 12.69731522 61.27980378 12.18931522 0 P 0
L 61.02580378 12.69731522 61.53380378 12.44331522 0 P 0
L 61.02580378 17.51261166 61.27980378 18.02061166 0 P 0
L 61.02580378 17.51261166 61.53380378 17.76661166 0 P 0
L 61.02580378 18.16661086 61.27980378 18.67461086 0 P 0
L 61.02580378 18.16661086 61.53380378 18.42061086 0 P 0
L 61.02580378 18.52861166 61.27980378 18.02061166 0 P 0
L 61.02580378 18.52861166 61.53380378 18.27461166 0 P 0
L 61.02580378 18.82061006 61.27980378 19.32861006 0 P 0
L 61.02580378 18.82061006 61.53380378 19.07461006 0 P 0
L 61.02580378 19.18261086 61.27980378 18.67461086 0 P 0
L 61.02580378 19.18261086 61.53380378 18.92861086 0 P 0
L 61.02580378 19.47460926 61.27980378 19.98260926 0 P 0
L 61.02580378 19.47460926 61.53380378 19.72860926 0 P 0
L 61.02580378 19.83661006 61.27980378 19.32861006 0 P 0
L 61.02580378 19.83661006 61.53380378 19.58261006 0 P 0
L 61.02580378 20.12860846 61.27980378 20.63660846 0 P 0
L 61.02580378 20.12860846 61.53380378 20.38260846 0 P 0
L 61.02580378 20.49060926 61.27980378 19.98260926 0 P 0
L 61.02580378 20.49060926 61.53380378 20.23660926 0 P 0
L 61.02580378 21.14460846 61.27980378 20.63660846 0 P 0
L 61.02580378 21.14460846 61.53380378 20.89060846 0 P 0
L 61.02580378 53.4329513 61.27980378 53.9409513 0 P 0
L 61.02580378 53.4329513 61.53380378 53.6869513 0 P 0
L 61.02580378 54.0869505 61.27980378 54.5949505 0 P 0
L 61.02580378 54.0869505 61.53380378 54.3409505 0 P 0
L 61.02580378 54.4489513 61.27980378 53.9409513 0 P 0
L 61.02580378 54.4489513 61.53380378 54.1949513 0 P 0
L 61.02580378 54.7409497 61.27980378 55.2489497 0 P 0
L 61.02580378 54.7409497 61.53380378 54.9949497 0 P 0
L 61.02580378 55.1029505 61.27980378 54.5949505 0 P 0
L 61.02580378 55.1029505 61.53380378 54.8489505 0 P 0
L 61.02580378 55.3949489 61.27980378 55.9029489 0 P 0
L 61.02580378 55.3949489 61.53380378 55.6489489 0 P 0
L 61.02580378 55.7569497 61.27980378 55.2489497 0 P 0
L 61.02580378 55.7569497 61.53380378 55.5029497 0 P 0
L 61.02580378 56.0489481 61.27980378 56.5569481 0 P 0
L 61.02580378 56.0489481 61.53380378 56.3029481 0 P 0
L 61.02580378 56.4109489 61.27980378 55.9029489 0 P 0
L 61.02580378 56.4109489 61.53380378 56.1569489 0 P 0
L 61.02580378 56.7029473 61.27980378 57.2109473 0 P 0
L 61.02580378 56.7029473 61.53380378 56.9569473 0 P 0
L 61.02580378 57.0649481 61.27980378 56.5569481 0 P 0
L 61.02580378 57.0649481 61.53380378 56.8109481 0 P 0
L 61.02580378 57.7189473 61.27980378 57.2109473 0 P 0
L 61.02580378 57.7189473 61.53380378 57.4649473 0 P 0
L 61.02580378 62.27077208 61.27980378 62.77877208 0 P 0
L 61.02580378 62.27077208 61.53380378 62.52477208 0 P 0
L 61.02580378 62.92477128 61.27980378 63.43277128 0 P 0
L 61.02580378 62.92477128 61.53380378 63.17877128 0 P 0
L 61.02580378 63.28677208 61.27980378 62.77877208 0 P 0
L 61.02580378 63.28677208 61.53380378 63.03277208 0 P 0
L 61.02580378 63.57877048 61.27980378 64.08677048 0 P 0
L 61.02580378 63.57877048 61.53380378 63.83277048 0 P 0
L 61.02580378 63.94077128 61.27980378 63.43277128 0 P 0
L 61.02580378 63.94077128 61.53380378 63.68677128 0 P 0
L 61.02580378 64.23276968 61.27980378 64.74076968 0 P 0
L 61.02580378 64.23276968 61.53380378 64.48676968 0 P 0
L 61.02580378 64.59477048 61.27980378 64.08677048 0 P 0
L 61.02580378 64.59477048 61.53380378 64.34077048 0 P 0
L 61.02580378 64.88676888 61.27980378 65.39476888 0 P 0
L 61.02580378 64.88676888 61.53380378 65.14076888 0 P 0
L 61.02580378 65.24876968 61.27980378 64.74076968 0 P 0
L 61.02580378 65.24876968 61.53380378 64.99476968 0 P 0
L 61.02580378 65.54076808 61.27980378 66.04876808 0 P 0
L 61.02580378 65.54076808 61.53380378 65.79476808 0 P 0
L 61.02580378 65.90276888 61.27980378 65.39476888 0 P 0
L 61.02580378 65.90276888 61.53380378 65.64876888 0 P 0
L 61.02580378 66.55676808 61.27980378 66.04876808 0 P 0
L 61.02580378 66.55676808 61.53380378 66.30276808 0 P 0
L 61.02590284 32.79194864 61.27990284 32.28394864 0 P 0
L 61.02590284 32.79194864 61.27990284 33.29994864 0 P 0
L 61.03915656 8.2374867 61.54715656 7.9834867 0 P 0
L 61.03915656 8.7454867 61.54715656 8.9994867 0 P 0
L 61.04743696 43.98282034 61.30143696 44.49082034 0 P 0
L 61.04743696 43.98282034 61.55543696 44.23682034 0 P 0
L 61.04743696 44.99882034 61.30143696 44.49082034 0 P 0
L 61.04743696 44.99882034 61.55543696 44.74482034 0 P 0
L 61.04994902 53.24694964 61.55794902 52.99294964 0 P 0
L 61.04994902 53.75494964 61.55794902 54.00894964 0 P 0
L 61.05944608 23.25527734 61.56744608 23.00127734 0 P 0
L 61.05944608 23.76327734 61.56744608 24.01727734 0 P 0
L 61.08552934 16.2584638 61.33952934 15.7504638 0 P 0
L 61.08552934 16.2584638 61.33952934 16.7664638 0 P 0
L 61.08648438 66.2718639 61.59448438 66.0178639 0 P 0
L 61.08648438 66.7798639 61.59448438 67.0338639 0 P 0
L 61.10816074 23.34447198 61.36216074 23.85247198 0 P 0
L 61.10816074 23.34447198 61.61616074 23.59847198 0 P 0
L 61.10816074 24.36047198 61.36216074 23.85247198 0 P 0
L 61.10816074 24.36047198 61.61616074 24.10647198 0 P 0
L 61.12135096 75.57464692 61.37535096 75.06664692 0 P 0
L 61.12135096 75.57464692 61.37535096 76.08264692 0 P 0
L 61.12994632 61.2978708 61.63794632 61.0438708 0 P 0
L 61.12994632 61.8058708 61.63794632 62.0598708 0 P 0
L 61.14511266 58.18911908 61.65311266 57.93511908 0 P 0
L 61.14511266 58.69711908 61.65311266 58.95111908 0 P 0
L 61.15543776 44.49082034 61.40943776 43.98282034 0 P 0
L 61.15543776 44.49082034 61.40943776 44.99882034 0 P 0
L 61.16248372 45.3206485 61.67048372 45.0666485 0 P 0
L 61.16248372 45.8286485 61.67048372 46.0826485 0 P 0
L 61.16811744 68.33504748 61.42211744 67.82704748 0 P 0
L 61.16811744 68.33504748 61.42211744 68.84304748 0 P 0
L 61.17593556 13.17756064 61.68393556 12.92356064 0 P 0
L 61.17593556 13.68556064 61.68393556 13.93956064 0 P 0
L 61.1921306 21.69912602 61.4461306 21.19112602 0 P 0
L 61.1921306 21.69912602 61.4461306 22.20712602 0 P 0
L 61.19259542 15.18652792 61.44659542 15.69452792 0 P 0
L 61.19259542 15.18652792 61.70059542 15.44052792 0 P 0
L 61.19259542 16.20252792 61.44659542 15.69452792 0 P 0
L 61.19259542 16.20252792 61.70059542 15.94852792 0 P 0
L 61.19917656 51.68994234 61.45317656 51.18194234 0 P 0
L 61.19917656 51.68994234 61.45317656 52.19794234 0 P 0
L 61.20001222 15.01966008 61.70801222 14.76566008 0 P 0
L 61.20001222 15.52766008 61.70801222 15.78166008 0 P 0
L 61.20783542 6.67865822 61.46183542 6.17065822 0 P 0
L 61.20783542 6.67865822 61.46183542 7.18665822 0 P 0
L 61.2094407 60.18025048 61.4634407 60.68825048 0 P 0
L 61.2094407 60.18025048 61.7174407 60.43425048 0 P 0
L 61.2094407 61.19625048 61.4634407 60.68825048 0 P 0
L 61.2094407 61.19625048 61.7174407 60.94225048 0 P 0
L 61.2221153 60.00720282 61.7301153 59.75320282 0 P 0
L 61.2221153 60.51520282 61.7301153 60.76920282 0 P 0
L 61.23727656 41.61610676 61.74527656 41.36210676 0 P 0
L 61.23727656 42.12410676 61.74527656 42.37810676 0 P 0
L 61.24072842 33.40965632 61.49472842 32.90165632 0 P 0
L 61.24072842 33.40965632 61.49472842 33.91765632 0 P 0
L 61.24957778 74.23681876 61.75757778 73.98281876 0 P 0
L 61.24957778 74.74481876 61.75757778 74.99881876 0 P 0
L 61.25073094 16.50644654 61.75873094 16.25244654 0 P 0
L 61.25073094 17.01444654 61.75873094 17.26844654 0 P 0
L 61.26258258 42.81581734 61.77058258 42.56181734 0 P 0
L 61.26258258 43.32381734 61.77058258 43.57781734 0 P 0
L 61.2629204 34.0632796 61.5169204 33.5552796 0 P 0
L 61.2629204 34.0632796 61.5169204 34.5712796 0 P 0
L 61.2629204 34.7172788 61.5169204 34.2092788 0 P 0
L 61.2629204 34.7172788 61.5169204 35.2252788 0 P 0
L 61.2629204 35.371278 61.5169204 34.863278 0 P 0
L 61.2629204 35.371278 61.5169204 35.879278 0 P 0
L 61.2629204 36.0252772 61.5169204 35.5172772 0 P 0
L 61.2629204 36.0252772 61.5169204 36.5332772 0 P 0
L 61.2629204 36.6792764 61.5169204 36.1712764 0 P 0
L 61.2629204 36.6792764 61.5169204 37.1872764 0 P 0
L 61.2629204 37.3332756 61.5169204 36.8252756 0 P 0
L 61.2629204 37.3332756 61.5169204 37.8412756 0 P 0
L 61.2629204 37.9872748 61.5169204 37.4792748 0 P 0
L 61.2629204 37.9872748 61.5169204 38.4952748 0 P 0
L 61.2629204 38.641274 61.5169204 38.133274 0 P 0
L 61.2629204 38.641274 61.5169204 39.149274 0 P 0
L 61.2629204 39.2952732 61.5169204 38.7872732 0 P 0
L 61.2629204 39.2952732 61.5169204 39.8032732 0 P 0
L 61.2629204 39.9492724 61.5169204 39.4412724 0 P 0
L 61.2629204 39.9492724 61.5169204 40.4572724 0 P 0
L 61.2629204 40.6032716 61.5169204 40.0952716 0 P 0
L 61.2629204 40.6032716 61.5169204 41.1112716 0 P 0
L 61.2629204 41.2572708 61.5169204 40.7492708 0 P 0
L 61.2629204 41.2572708 61.5169204 41.7652708 0 P 0
L 61.29315656 8.4914867 61.54715656 7.9834867 0 P 0
L 61.29315656 8.4914867 61.54715656 8.9994867 0 P 0
L 61.30394902 53.50094964 61.55794902 52.99294964 0 P 0
L 61.30394902 53.50094964 61.55794902 54.00894964 0 P 0
L 61.30848292 45.0666485 61.56248292 45.5746485 0 P 0
L 61.30848292 45.0666485 61.81648292 45.3206485 0 P 0
L 61.30848292 46.0826485 61.56248292 45.5746485 0 P 0
L 61.30848292 46.0826485 61.81648292 45.8286485 0 P 0
L 61.31344608 23.50927734 61.56744608 23.00127734 0 P 0
L 61.31344608 23.50927734 61.56744608 24.01727734 0 P 0
L 61.34048438 66.5258639 61.59448438 66.0178639 0 P 0
L 61.34048438 66.5258639 61.59448438 67.0338639 0 P 0
L 61.34347142 58.66028908 61.59747142 59.16828908 0 P 0
L 61.34347142 58.66028908 61.85147142 58.91428908 0 P 0
L 61.34347142 59.67628908 61.59747142 59.16828908 0 P 0
L 61.34347142 59.67628908 61.85147142 59.42228908 0 P 0
L 61.34892988 13.67989898 61.60292988 14.18789898 0 P 0
L 61.34892988 13.67989898 61.85692988 13.93389898 0 P 0
L 61.34892988 14.69589898 61.60292988 14.18789898 0 P 0
L 61.34892988 14.69589898 61.85692988 14.44189898 0 P 0
L 61.37715436 41.45138776 61.63115436 41.95938776 0 P 0
L 61.37715436 41.45138776 61.88515436 41.70538776 0 P 0
L 61.37715436 42.46738776 61.63115436 41.95938776 0 P 0
L 61.37715436 42.46738776 61.88515436 42.21338776 0 P 0
L 61.38394632 61.5518708 61.63794632 61.0438708 0 P 0
L 61.38394632 61.5518708 61.63794632 62.0598708 0 P 0
L 61.3865041 59.3742018 61.8945041 59.1202018 0 P 0
L 61.3865041 59.8822018 61.8945041 60.1362018 0 P 0
L 61.39288966 14.39474896 61.90088966 14.14074896 0 P 0
L 61.39288966 14.90274896 61.90088966 15.15674896 0 P 0
L 61.39557698 73.98281876 61.64957698 74.49081876 0 P 0
L 61.39557698 73.98281876 61.90357698 74.23681876 0 P 0
L 61.39557698 74.99881876 61.64957698 74.49081876 0 P 0
L 61.39557698 74.99881876 61.90357698 74.74481876 0 P 0
L 61.39911266 58.44311908 61.65311266 57.93511908 0 P 0
L 61.39911266 58.44311908 61.65311266 58.95111908 0 P 0
L 61.40640754 68.51159018 61.91440754 68.25759018 0 P 0
L 61.40640754 69.01959018 61.91440754 69.27359018 0 P 0
L 61.40848526 42.5731305 61.66248526 43.0811305 0 P 0
L 61.40848526 42.5731305 61.91648526 42.8271305 0 P 0
L 61.40848526 43.5891305 61.66248526 43.0811305 0 P 0
L 61.40848526 43.5891305 61.91648526 43.3351305 0 P 0
L 61.41648372 45.5746485 61.67048372 45.0666485 0 P 0
L 61.41648372 45.5746485 61.67048372 46.0826485 0 P 0
L 61.42975268 61.87910154 61.93775268 61.62510154 0 P 0
L 61.42975268 62.38710154 61.93775268 62.64110154 0 P 0
L 61.42993556 13.43156064 61.68393556 12.92356064 0 P 0
L 61.42993556 13.43156064 61.68393556 13.93956064 0 P 0
L 61.43663354 57.60368718 61.94463354 57.34968718 0 P 0
L 61.43663354 58.11168718 61.94463354 58.36568718 0 P 0
L 61.44380396 21.0303872 61.95180396 20.7763872 0 P 0
L 61.44380396 21.5383872 61.95180396 21.7923872 0 P 0
L 61.45049686 12.5839855 61.95849686 12.3299855 0 P 0
L 61.45049686 13.0919855 61.95849686 13.3459855 0 P 0
L 61.45401222 15.27366008 61.70801222 14.76566008 0 P 0
L 61.45401222 15.27366008 61.70801222 15.78166008 0 P 0
L 61.45465992 51.02588982 61.96265992 50.77188982 0 P 0
L 61.45465992 51.53388982 61.96265992 51.78788982 0 P 0
L 61.4679238 6.0203969 61.9759238 5.7663969 0 P 0
L 61.4679238 6.5283969 61.9759238 6.7823969 0 P 0
L 61.4761153 60.26120282 61.7301153 59.75320282 0 P 0
L 61.4761153 60.26120282 61.7301153 60.76920282 0 P 0
L 61.49127656 41.87010676 61.74527656 41.36210676 0 P 0
L 61.49127656 41.87010676 61.74527656 42.37810676 0 P 0
L 61.49308758 17.11388246 62.00108758 16.85988246 0 P 0
L 61.49308758 17.62188246 62.00108758 17.87588246 0 P 0
L 61.50357778 74.49081876 61.75757778 73.98281876 0 P 0
L 61.50357778 74.49081876 61.75757778 74.99881876 0 P 0
L 61.50473094 16.76044654 61.75873094 16.25244654 0 P 0
L 61.50473094 16.76044654 61.75873094 17.26844654 0 P 0
L 61.51658258 43.06981734 61.77058258 42.56181734 0 P 0
L 61.51658258 43.06981734 61.77058258 43.57781734 0 P 0
L 61.52135016 75.32064692 62.02935016 75.06664692 0 P 0
L 61.52135016 75.82864692 62.02935016 76.08264692 0 P 0
L 61.53160414 7.02473576 61.53160414 8.04073576 0 P 0
L 61.53160414 7.02473576 62.54760414 7.02473576 0 P 0
L 61.53160414 8.04073576 62.54760414 8.04073576 0 P 0
L 61.53160414 22.0247337 61.53160414 23.0407337 0 P 0
L 61.53160414 22.0247337 62.54760414 22.0247337 0 P 0
L 61.53160414 23.0407337 62.54760414 23.0407337 0 P 0
L 61.53160414 52.02473466 61.53160414 53.04073466 0 P 0
L 61.53160414 52.02473466 62.54760414 52.02473466 0 P 0
L 61.53160414 53.04073466 62.54760414 53.04073466 0 P 0
L 61.53160414 67.02473514 61.53160414 68.04073514 0 P 0
L 61.53160414 67.02473514 62.54760414 67.02473514 0 P 0
L 61.53160414 68.04073514 62.54760414 68.04073514 0 P 0
L 61.53380378 8.66531922 62.04180378 8.41131922 0 P 0
L 61.53380378 9.17331922 62.04180378 9.42731922 0 P 0
L 61.53380378 9.31931842 62.04180378 9.06531842 0 P 0
L 61.53380378 9.82731842 62.04180378 10.08131842 0 P 0
L 61.53380378 9.97331762 62.04180378 9.71931762 0 P 0
L 61.53380378 10.48131762 62.04180378 10.73531762 0 P 0
L 61.53380378 10.62731682 62.04180378 10.37331682 0 P 0
L 61.53380378 11.13531682 62.04180378 11.38931682 0 P 0
L 61.53380378 11.28131602 62.04180378 11.02731602 0 P 0
L 61.53380378 11.78931602 62.04180378 12.04331602 0 P 0
L 61.53380378 11.93531522 62.04180378 11.68131522 0 P 0
L 61.53380378 12.44331522 62.04180378 12.69731522 0 P 0
L 61.53380378 17.76661166 62.04180378 17.51261166 0 P 0
L 61.53380378 18.27461166 62.04180378 18.52861166 0 P 0
L 61.53380378 18.42061086 62.04180378 18.16661086 0 P 0
L 61.53380378 18.92861086 62.04180378 19.18261086 0 P 0
L 61.53380378 19.07461006 62.04180378 18.82061006 0 P 0
L 61.53380378 19.58261006 62.04180378 19.83661006 0 P 0
L 61.53380378 19.72860926 62.04180378 19.47460926 0 P 0
L 61.53380378 20.23660926 62.04180378 20.49060926 0 P 0
L 61.53380378 20.38260846 62.04180378 20.12860846 0 P 0
L 61.53380378 20.89060846 62.04180378 21.14460846 0 P 0
L 61.53380378 53.6869513 62.04180378 53.4329513 0 P 0
L 61.53380378 54.1949513 62.04180378 54.4489513 0 P 0
L 61.53380378 54.3409505 62.04180378 54.0869505 0 P 0
L 61.53380378 54.8489505 62.04180378 55.1029505 0 P 0
L 61.53380378 54.9949497 62.04180378 54.7409497 0 P 0
L 61.53380378 55.5029497 62.04180378 55.7569497 0 P 0
L 61.53380378 55.6489489 62.04180378 55.3949489 0 P 0
L 61.53380378 56.1569489 62.04180378 56.4109489 0 P 0
L 61.53380378 56.3029481 62.04180378 56.0489481 0 P 0
L 61.53380378 56.8109481 62.04180378 57.0649481 0 P 0
L 61.53380378 56.9569473 62.04180378 56.7029473 0 P 0
L 61.53380378 57.4649473 62.04180378 57.7189473 0 P 0
L 61.53380378 62.52477208 62.04180378 62.27077208 0 P 0
L 61.53380378 63.03277208 62.04180378 63.28677208 0 P 0
L 61.53380378 63.17877128 62.04180378 62.92477128 0 P 0
L 61.53380378 63.68677128 62.04180378 63.94077128 0 P 0
L 61.53380378 63.83277048 62.04180378 63.57877048 0 P 0
L 61.53380378 64.34077048 62.04180378 64.59477048 0 P 0
L 61.53380378 64.48676968 62.04180378 64.23276968 0 P 0
L 61.53380378 64.99476968 62.04180378 65.24876968 0 P 0
L 61.53380378 65.14076888 62.04180378 64.88676888 0 P 0
L 61.53380378 65.64876888 62.04180378 65.90276888 0 P 0
L 61.53380378 65.79476808 62.04180378 65.54076808 0 P 0
L 61.53380378 66.30276808 62.04180378 66.55676808 0 P 0
L 61.55543696 44.23682034 62.06343696 43.98282034 0 P 0
L 61.55543696 44.74482034 62.06343696 44.99882034 0 P 0
L 61.58672722 15.70842426 61.84072722 16.21642426 0 P 0
L 61.58672722 15.70842426 62.09472722 15.96242426 0 P 0
L 61.58672722 16.72442426 61.84072722 16.21642426 0 P 0
L 61.58672722 16.72442426 62.09472722 16.47042426 0 P 0
L 61.58696852 50.63877604 61.84096852 51.14677604 0 P 0
L 61.58696852 50.63877604 62.09496852 50.89277604 0 P 0
L 61.58696852 51.65477604 61.84096852 51.14677604 0 P 0
L 61.58696852 51.65477604 62.09496852 51.40077604 0 P 0
L 61.60031114 60.70459284 61.85431114 61.21259284 0 P 0
L 61.60031114 60.70459284 62.10831114 60.95859284 0 P 0
L 61.60031114 61.72059284 61.85431114 61.21259284 0 P 0
L 61.60031114 61.72059284 62.10831114 61.46659284 0 P 0
L 61.60173608 5.64072278 61.85573608 6.14872278 0 P 0
L 61.60173608 5.64072278 62.10973608 5.89472278 0 P 0
L 61.60173608 6.65672278 61.85573608 6.14872278 0 P 0
L 61.60173608 6.65672278 62.10973608 6.40272278 0 P 0
L 61.61616074 23.59847198 62.12416074 23.34447198 0 P 0
L 61.61616074 24.10647198 62.12416074 24.36047198 0 P 0
L 61.6405041 59.6282018 61.8945041 59.1202018 0 P 0
L 61.6405041 59.6282018 61.8945041 60.1362018 0 P 0
L 61.64688966 14.64874896 61.90088966 14.14074896 0 P 0
L 61.64688966 14.64874896 61.90088966 15.15674896 0 P 0
L 61.66040754 68.76559018 61.91440754 68.25759018 0 P 0
L 61.66040754 68.76559018 61.91440754 69.27359018 0 P 0
L 61.66734936 75.06664692 61.92134936 75.57464692 0 P 0
L 61.66734936 75.06664692 62.17534936 75.32064692 0 P 0
L 61.66734936 76.08264692 61.92134936 75.57464692 0 P 0
L 61.66734936 76.08264692 62.17534936 75.82864692 0 P 0
L 61.68375268 62.13310154 61.93775268 61.62510154 0 P 0
L 61.68375268 62.13310154 61.93775268 62.64110154 0 P 0
L 61.69063354 57.85768718 61.94463354 57.34968718 0 P 0
L 61.69063354 57.85768718 61.94463354 58.36568718 0 P 0
L 61.69780396 21.2843872 61.95180396 20.7763872 0 P 0
L 61.69780396 21.2843872 61.95180396 21.7923872 0 P 0
L 61.70059542 15.44052792 62.20859542 15.18652792 0 P 0
L 61.70059542 15.94852792 62.20859542 16.20252792 0 P 0
L 61.70143616 43.98282034 61.95543616 44.49082034 0 P 0
L 61.70143616 43.98282034 62.20943616 44.23682034 0 P 0
L 61.70143616 44.99882034 61.95543616 44.49082034 0 P 0
L 61.70143616 44.99882034 62.20943616 44.74482034 0 P 0
L 61.7032167 58.11412304 61.9572167 58.62212304 0 P 0
L 61.7032167 58.11412304 62.2112167 58.36812304 0 P 0
L 61.7032167 59.13012304 61.9572167 58.62212304 0 P 0
L 61.7032167 59.13012304 62.2112167 58.87612304 0 P 0
L 61.70449686 12.8379855 61.95849686 12.3299855 0 P 0
L 61.70449686 12.8379855 61.95849686 13.3459855 0 P 0
L 61.70784712 13.13318938 61.96184712 13.64118938 0 P 0
L 61.70784712 13.13318938 62.21584712 13.38718938 0 P 0
L 61.70784712 14.14918938 61.96184712 13.64118938 0 P 0
L 61.70784712 14.14918938 62.21584712 13.89518938 0 P 0
L 61.70865992 51.27988982 61.96265992 50.77188982 0 P 0
L 61.70865992 51.27988982 61.96265992 51.78788982 0 P 0
L 61.7174407 60.43425048 62.2254407 60.18025048 0 P 0
L 61.7174407 60.94225048 62.2254407 61.19625048 0 P 0
L 61.7219238 6.2743969 61.9759238 5.7663969 0 P 0
L 61.7219238 6.2743969 61.9759238 6.7823969 0 P 0
L 61.74155546 40.90831798 61.99555546 41.41631798 0 P 0
L 61.74155546 40.90831798 62.24955546 41.16231798 0 P 0
L 61.74155546 41.92431798 61.99555546 41.41631798 0 P 0
L 61.74155546 41.92431798 62.24955546 41.67031798 0 P 0
L 61.74708758 17.36788246 62.00108758 16.85988246 0 P 0
L 61.74708758 17.36788246 62.00108758 17.87588246 0 P 0
L 61.74809088 33.71435726 62.00209088 34.22235726 0 P 0
L 61.74809088 33.71435726 62.25609088 33.96835726 0 P 0
L 61.74809088 34.36835646 62.00209088 34.87635646 0 P 0
L 61.74809088 34.36835646 62.25609088 34.62235646 0 P 0
L 61.74809088 34.73035726 62.00209088 34.22235726 0 P 0
L 61.74809088 34.73035726 62.25609088 34.47635726 0 P 0
L 61.74809088 35.02235566 62.00209088 35.53035566 0 P 0
L 61.74809088 35.02235566 62.25609088 35.27635566 0 P 0
L 61.74809088 35.38435646 62.00209088 34.87635646 0 P 0
L 61.74809088 35.38435646 62.25609088 35.13035646 0 P 0
L 61.74809088 35.67635486 62.00209088 36.18435486 0 P 0
L 61.74809088 35.67635486 62.25609088 35.93035486 0 P 0
L 61.74809088 36.03835566 62.00209088 35.53035566 0 P 0
L 61.74809088 36.03835566 62.25609088 35.78435566 0 P 0
L 61.74809088 36.33035406 62.00209088 36.83835406 0 P 0
L 61.74809088 36.33035406 62.25609088 36.58435406 0 P 0
L 61.74809088 36.69235486 62.00209088 36.18435486 0 P 0
L 61.74809088 36.69235486 62.25609088 36.43835486 0 P 0
L 61.74809088 36.98435326 62.00209088 37.49235326 0 P 0
L 61.74809088 36.98435326 62.25609088 37.23835326 0 P 0
L 61.74809088 37.34635406 62.00209088 36.83835406 0 P 0
L 61.74809088 37.34635406 62.25609088 37.09235406 0 P 0
L 61.74809088 37.63835246 62.00209088 38.14635246 0 P 0
L 61.74809088 37.63835246 62.25609088 37.89235246 0 P 0
L 61.74809088 38.00035326 62.00209088 37.49235326 0 P 0
L 61.74809088 38.00035326 62.25609088 37.74635326 0 P 0
L 61.74809088 38.29235166 62.00209088 38.80035166 0 P 0
L 61.74809088 38.29235166 62.25609088 38.54635166 0 P 0
L 61.74809088 38.65435246 62.00209088 38.14635246 0 P 0
L 61.74809088 38.65435246 62.25609088 38.40035246 0 P 0
L 61.74809088 38.94635086 62.00209088 39.45435086 0 P 0
L 61.74809088 38.94635086 62.25609088 39.20035086 0 P 0
L 61.74809088 39.30835166 62.00209088 38.80035166 0 P 0
L 61.74809088 39.30835166 62.25609088 39.05435166 0 P 0
L 61.74809088 39.60035006 62.00209088 40.10835006 0 P 0
L 61.74809088 39.60035006 62.25609088 39.85435006 0 P 0
L 61.74809088 39.96235086 62.00209088 39.45435086 0 P 0
L 61.74809088 39.96235086 62.25609088 39.70835086 0 P 0
L 61.74809088 40.25434926 62.00209088 40.76234926 0 P 0
L 61.74809088 40.25434926 62.25609088 40.50834926 0 P 0
L 61.74809088 40.61635006 62.00209088 40.10835006 0 P 0
L 61.74809088 40.61635006 62.25609088 40.36235006 0 P 0
L 61.74809088 41.27034926 62.00209088 40.76234926 0 P 0
L 61.74809088 41.27034926 62.25609088 41.01634926 0 P 0
L 61.74938628 33.0603606 62.00338628 33.5683606 0 P 0
L 61.74938628 33.0603606 62.25738628 33.3143606 0 P 0
L 61.74938628 34.0763606 62.00338628 33.5683606 0 P 0
L 61.74938628 34.0763606 62.25738628 33.8223606 0 P 0
L 61.77535016 75.57464692 62.02935016 75.06664692 0 P 0
L 61.77535016 75.57464692 62.02935016 76.08264692 0 P 0
L 61.78780378 8.91931922 62.04180378 8.41131922 0 P 0
L 61.78780378 8.91931922 62.04180378 9.42731922 0 P 0
L 61.78780378 9.57331842 62.04180378 9.06531842 0 P 0
L 61.78780378 9.57331842 62.04180378 10.08131842 0 P 0
L 61.78780378 10.22731762 62.04180378 9.71931762 0 P 0
L 61.78780378 10.22731762 62.04180378 10.73531762 0 P 0
L 61.78780378 10.88131682 62.04180378 10.37331682 0 P 0
L 61.78780378 10.88131682 62.04180378 11.38931682 0 P 0
L 61.78780378 11.53531602 62.04180378 11.02731602 0 P 0
L 61.78780378 11.53531602 62.04180378 12.04331602 0 P 0
L 61.78780378 12.18931522 62.04180378 11.68131522 0 P 0
L 61.78780378 12.18931522 62.04180378 12.69731522 0 P 0
L 61.78780378 18.02061166 62.04180378 17.51261166 0 P 0
L 61.78780378 18.02061166 62.04180378 18.52861166 0 P 0
L 61.78780378 18.67461086 62.04180378 18.16661086 0 P 0
L 61.78780378 18.67461086 62.04180378 19.18261086 0 P 0
L 61.78780378 19.32861006 62.04180378 18.82061006 0 P 0
L 61.78780378 19.32861006 62.04180378 19.83661006 0 P 0
L 61.78780378 19.98260926 62.04180378 19.47460926 0 P 0
L 61.78780378 19.98260926 62.04180378 20.49060926 0 P 0
L 61.78780378 20.63660846 62.04180378 20.12860846 0 P 0
L 61.78780378 20.63660846 62.04180378 21.14460846 0 P 0
L 61.78780378 53.9409513 62.04180378 53.4329513 0 P 0
L 61.78780378 53.9409513 62.04180378 54.4489513 0 P 0
L 61.78780378 54.5949505 62.04180378 54.0869505 0 P 0
L 61.78780378 54.5949505 62.04180378 55.1029505 0 P 0
L 61.78780378 55.2489497 62.04180378 54.7409497 0 P 0
L 61.78780378 55.2489497 62.04180378 55.7569497 0 P 0
L 61.78780378 55.9029489 62.04180378 55.3949489 0 P 0
L 61.78780378 55.9029489 62.04180378 56.4109489 0 P 0
L 61.78780378 56.5569481 62.04180378 56.0489481 0 P 0
L 61.78780378 56.5569481 62.04180378 57.0649481 0 P 0
L 61.78780378 57.2109473 62.04180378 56.7029473 0 P 0
L 61.78780378 57.2109473 62.04180378 57.7189473 0 P 0
L 61.78780378 62.77877208 62.04180378 62.27077208 0 P 0
L 61.78780378 62.77877208 62.04180378 63.28677208 0 P 0
L 61.78780378 63.43277128 62.04180378 62.92477128 0 P 0
L 61.78780378 63.43277128 62.04180378 63.94077128 0 P 0
L 61.78780378 64.08677048 62.04180378 63.57877048 0 P 0
L 61.78780378 64.08677048 62.04180378 64.59477048 0 P 0
L 61.78780378 64.74076968 62.04180378 64.23276968 0 P 0
L 61.78780378 64.74076968 62.04180378 65.24876968 0 P 0
L 61.78780378 65.39476888 62.04180378 64.88676888 0 P 0
L 61.78780378 65.39476888 62.04180378 65.90276888 0 P 0
L 61.78780378 66.04876808 62.04180378 65.54076808 0 P 0
L 61.78780378 66.04876808 62.04180378 66.55676808 0 P 0
L 61.80943696 44.49082034 62.06343696 43.98282034 0 P 0
L 61.80943696 44.49082034 62.06343696 44.99882034 0 P 0
L 61.81648292 45.3206485 62.32448292 45.0666485 0 P 0
L 61.81648292 45.8286485 62.32448292 46.0826485 0 P 0
L 61.84242902 23.37705764 62.09642902 23.88505764 0 P 0
L 61.84242902 23.37705764 62.35042902 23.63105764 0 P 0
L 61.84242902 24.39305764 62.09642902 23.88505764 0 P 0
L 61.84242902 24.39305764 62.35042902 24.13905764 0 P 0
L 61.84242902 68.37705908 62.09642902 68.88505908 0 P 0
L 61.84242902 68.37705908 62.35042902 68.63105908 0 P 0
L 61.84242902 69.39305908 62.09642902 68.88505908 0 P 0
L 61.84242902 69.39305908 62.35042902 69.13905908 0 P 0
L 61.85147142 58.91428908 62.35947142 58.66028908 0 P 0
L 61.85147142 59.42228908 62.35947142 59.67628908 0 P 0
L 61.85692988 13.93389898 62.36492988 13.67989898 0 P 0
L 61.85692988 14.44189898 62.36492988 14.69589898 0 P 0
L 61.86944192 16.29815892 62.12344192 16.80615892 0 P 0
L 61.86944192 16.29815892 62.37744192 16.55215892 0 P 0
L 61.86944192 17.31415892 62.12344192 16.80615892 0 P 0
L 61.86944192 17.31415892 62.37744192 17.06015892 0 P 0
L 61.87016074 23.85247198 62.12416074 23.34447198 0 P 0
L 61.87016074 23.85247198 62.12416074 24.36047198 0 P 0
L 61.8781211 61.29665414 62.1321211 61.80465414 0 P 0
L 61.8781211 61.29665414 62.3861211 61.55065414 0 P 0
L 61.8781211 62.31265414 62.1321211 61.80465414 0 P 0
L 61.8781211 62.31265414 62.3861211 62.05865414 0 P 0
L 61.88515436 41.70538776 62.39315436 41.45138776 0 P 0
L 61.88515436 42.21338776 62.39315436 42.46738776 0 P 0
L 61.90357698 74.23681876 62.41157698 73.98281876 0 P 0
L 61.90357698 74.74481876 62.41157698 74.99881876 0 P 0
L 61.91361506 32.4273164 62.16761506 32.9353164 0 P 0
L 61.91361506 32.4273164 62.42161506 32.6813164 0 P 0
L 61.91361506 33.4433164 62.16761506 32.9353164 0 P 0
L 61.91361506 33.4433164 62.42161506 33.1893164 0 P 0
L 61.91648526 42.8271305 62.42448526 42.5731305 0 P 0
L 61.91648526 43.3351305 62.42448526 43.5891305 0 P 0
L 61.931169 57.50113468 62.185169 58.00913468 0 P 0
L 61.931169 57.50113468 62.439169 57.75513468 0 P 0
L 61.931169 58.51713468 62.185169 58.00913468 0 P 0
L 61.931169 58.51713468 62.439169 58.26313468 0 P 0
L 61.93307654 12.51919772 62.18707654 13.02719772 0 P 0
L 61.93307654 12.51919772 62.44107654 12.77319772 0 P 0
L 61.93307654 13.53519772 62.18707654 13.02719772 0 P 0
L 61.93307654 13.53519772 62.44107654 13.28119772 0 P 0
L 61.95459542 15.69452792 62.20859542 15.18652792 0 P 0
L 61.95459542 15.69452792 62.20859542 16.20252792 0 P 0
L 61.96248212 45.0666485 62.21648212 45.5746485 0 P 0
L 61.96248212 45.0666485 62.47048212 45.3206485 0 P 0
L 61.96248212 46.0826485 62.21648212 45.5746485 0 P 0
L 61.96248212 46.0826485 62.47048212 45.8286485 0 P 0
L 61.9714407 60.68825048 62.2254407 60.18025048 0 P 0
L 61.9714407 60.68825048 62.2254407 61.19625048 0 P 0
L 62.00993948 16.93688764 62.26393948 17.44488764 0 P 0
L 62.00993948 16.93688764 62.51793948 17.19088764 0 P 0
L 62.00993948 17.95288764 62.26393948 17.44488764 0 P 0
L 62.00993948 17.95288764 62.51793948 17.69888764 0 P 0
L 62.01198164 61.9368078 62.26598164 62.4448078 0 P 0
L 62.01198164 61.9368078 62.51998164 62.1908078 0 P 0
L 62.01198164 62.9528078 62.26598164 62.4448078 0 P 0
L 62.01198164 62.9528078 62.51998164 62.6988078 0 P 0
L 62.02322622 42.34995594 62.27722622 42.85795594 0 P 0
L 62.02322622 42.34995594 62.53122622 42.60395594 0 P 0
L 62.02322622 43.36595594 62.27722622 42.85795594 0 P 0
L 62.02322622 43.36595594 62.53122622 43.11195594 0 P 0
L 62.02821478 56.85437702 62.28221478 57.36237702 0 P 0
L 62.02821478 56.85437702 62.53621478 57.10837702 0 P 0
L 62.02821478 57.87037702 62.28221478 57.36237702 0 P 0
L 62.02821478 57.87037702 62.53621478 57.61637702 0 P 0
L 62.02885486 11.87224956 62.28285486 12.38024956 0 P 0
L 62.02885486 11.87224956 62.53685486 12.12624956 0 P 0
L 62.02885486 12.88824956 62.28285486 12.38024956 0 P 0
L 62.02885486 12.88824956 62.53685486 12.63424956 0 P 0
L 62.0374045 8.60230944 62.2914045 9.11030944 0 P 0
L 62.0374045 8.60230944 62.5454045 8.85630944 0 P 0
L 62.0374045 9.25630864 62.2914045 9.76430864 0 P 0
L 62.0374045 9.25630864 62.5454045 9.51030864 0 P 0
L 62.0374045 9.61830944 62.2914045 9.11030944 0 P 0
L 62.0374045 9.61830944 62.5454045 9.36430944 0 P 0
L 62.0374045 9.91030784 62.2914045 10.41830784 0 P 0
L 62.0374045 9.91030784 62.5454045 10.16430784 0 P 0
L 62.0374045 10.27230864 62.2914045 9.76430864 0 P 0
L 62.0374045 10.27230864 62.5454045 10.01830864 0 P 0
L 62.0374045 10.56430704 62.2914045 11.07230704 0 P 0
L 62.0374045 10.56430704 62.5454045 10.81830704 0 P 0
L 62.0374045 10.92630784 62.2914045 10.41830784 0 P 0
L 62.0374045 10.92630784 62.5454045 10.67230784 0 P 0
L 62.0374045 11.21830624 62.2914045 11.72630624 0 P 0
L 62.0374045 11.21830624 62.5454045 11.47230624 0 P 0
L 62.0374045 11.58030704 62.2914045 11.07230704 0 P 0
L 62.0374045 11.58030704 62.5454045 11.32630704 0 P 0
L 62.0374045 12.23430624 62.2914045 11.72630624 0 P 0
L 62.0374045 12.23430624 62.5454045 11.98030624 0 P 0
L 62.0374045 17.59031026 62.2914045 18.09831026 0 P 0
L 62.0374045 17.59031026 62.5454045 17.84431026 0 P 0
L 62.0374045 18.24430946 62.2914045 18.75230946 0 P 0
L 62.0374045 18.24430946 62.5454045 18.49830946 0 P 0
L 62.0374045 18.60631026 62.2914045 18.09831026 0 P 0
L 62.0374045 18.60631026 62.5454045 18.35231026 0 P 0
L 62.0374045 18.89830866 62.2914045 19.40630866 0 P 0
L 62.0374045 18.89830866 62.5454045 19.15230866 0 P 0
L 62.0374045 19.26030946 62.2914045 18.75230946 0 P 0
L 62.0374045 19.26030946 62.5454045 19.00630946 0 P 0
L 62.0374045 19.55230786 62.2914045 20.06030786 0 P 0
L 62.0374045 19.55230786 62.5454045 19.80630786 0 P 0
L 62.0374045 19.91430866 62.2914045 19.40630866 0 P 0
L 62.0374045 19.91430866 62.5454045 19.66030866 0 P 0
L 62.0374045 20.20630706 62.2914045 20.71430706 0 P 0
L 62.0374045 20.20630706 62.5454045 20.46030706 0 P 0
L 62.0374045 20.56830786 62.2914045 20.06030786 0 P 0
L 62.0374045 20.56830786 62.5454045 20.31430786 0 P 0
L 62.0374045 21.22230706 62.2914045 20.71430706 0 P 0
L 62.0374045 21.22230706 62.5454045 20.96830706 0 P 0
L 62.0374045 53.58444452 62.2914045 54.09244452 0 P 0
L 62.0374045 53.58444452 62.5454045 53.83844452 0 P 0
L 62.0374045 54.23844372 62.2914045 54.74644372 0 P 0
L 62.0374045 54.23844372 62.5454045 54.49244372 0 P 0
L 62.0374045 54.60044452 62.2914045 54.09244452 0 P 0
L 62.0374045 54.60044452 62.5454045 54.34644452 0 P 0
L 62.0374045 54.89244292 62.2914045 55.40044292 0 P 0
L 62.0374045 54.89244292 62.5454045 55.14644292 0 P 0
L 62.0374045 55.25444372 62.2914045 54.74644372 0 P 0
L 62.0374045 55.25444372 62.5454045 55.00044372 0 P 0
L 62.0374045 55.54644212 62.2914045 56.05444212 0 P 0
L 62.0374045 55.54644212 62.5454045 55.80044212 0 P 0
L 62.0374045 55.90844292 62.2914045 55.40044292 0 P 0
L 62.0374045 55.90844292 62.5454045 55.65444292 0 P 0
L 62.0374045 56.20044132 62.2914045 56.70844132 0 P 0
L 62.0374045 56.20044132 62.5454045 56.45444132 0 P 0
L 62.0374045 56.56244212 62.2914045 56.05444212 0 P 0
L 62.0374045 56.56244212 62.5454045 56.30844212 0 P 0
L 62.0374045 57.21644132 62.2914045 56.70844132 0 P 0
L 62.0374045 57.21644132 62.5454045 56.96244132 0 P 0
L 62.0374045 62.5903117 62.2914045 63.0983117 0 P 0
L 62.0374045 62.5903117 62.5454045 62.8443117 0 P 0
L 62.0374045 63.2443109 62.2914045 63.7523109 0 P 0
L 62.0374045 63.2443109 62.5454045 63.4983109 0 P 0
L 62.0374045 63.6063117 62.2914045 63.0983117 0 P 0
L 62.0374045 63.6063117 62.5454045 63.3523117 0 P 0
L 62.0374045 63.8983101 62.2914045 64.4063101 0 P 0
L 62.0374045 63.8983101 62.5454045 64.1523101 0 P 0
L 62.0374045 64.2603109 62.2914045 63.7523109 0 P 0
L 62.0374045 64.2603109 62.5454045 64.0063109 0 P 0
L 62.0374045 64.5523093 62.2914045 65.0603093 0 P 0
L 62.0374045 64.5523093 62.5454045 64.8063093 0 P 0
L 62.0374045 64.9143101 62.2914045 64.4063101 0 P 0
L 62.0374045 64.9143101 62.5454045 64.6603101 0 P 0
L 62.0374045 65.2063085 62.2914045 65.7143085 0 P 0
L 62.0374045 65.2063085 62.5454045 65.4603085 0 P 0
L 62.0374045 65.5683093 62.2914045 65.0603093 0 P 0
L 62.0374045 65.5683093 62.5454045 65.3143093 0 P 0
L 62.0374045 66.2223085 62.2914045 65.7143085 0 P 0
L 62.0374045 66.2223085 62.5454045 65.9683085 0 P 0
L 62.04957618 73.98281876 62.30357618 74.49081876 0 P 0
L 62.04957618 73.98281876 62.55757618 74.23681876 0 P 0
L 62.04957618 74.99881876 62.30357618 74.49081876 0 P 0
L 62.04957618 74.99881876 62.55757618 74.74481876 0 P 0
L 62.07048292 45.5746485 62.32448292 45.0666485 0 P 0
L 62.07048292 45.5746485 62.32448292 46.0826485 0 P 0
L 62.09472722 15.96242426 62.60272722 15.70842426 0 P 0
L 62.09472722 16.47042426 62.60272722 16.72442426 0 P 0
L 62.09496852 50.89277604 62.60296852 50.63877604 0 P 0
L 62.09496852 51.40077604 62.60296852 51.65477604 0 P 0
L 62.10547142 59.16828908 62.35947142 58.66028908 0 P 0
L 62.10547142 59.16828908 62.35947142 59.67628908 0 P 0
L 62.10831114 60.95859284 62.61631114 60.70459284 0 P 0
L 62.10831114 61.46659284 62.61631114 61.72059284 0 P 0
L 62.10973608 5.89472278 62.61773608 5.64072278 0 P 0
L 62.10973608 6.40272278 62.61773608 6.65672278 0 P 0
L 62.11092988 14.18789898 62.36492988 13.67989898 0 P 0
L 62.11092988 14.18789898 62.36492988 14.69589898 0 P 0
L 62.13915436 41.95938776 62.39315436 41.45138776 0 P 0
L 62.13915436 41.95938776 62.39315436 42.46738776 0 P 0
L 62.15757698 74.49081876 62.41157698 73.98281876 0 P 0
L 62.15757698 74.49081876 62.41157698 74.99881876 0 P 0
L 62.17048526 43.0811305 62.42448526 42.5731305 0 P 0
L 62.17048526 43.0811305 62.42448526 43.5891305 0 P 0
L 62.17534936 75.32064692 62.68334936 75.06664692 0 P 0
L 62.17534936 75.82864692 62.68334936 76.08264692 0 P 0
L 62.20943616 44.23682034 62.71743616 43.98282034 0 P 0
L 62.20943616 44.74482034 62.71743616 44.99882034 0 P 0
L 62.2112167 58.36812304 62.7192167 58.11412304 0 P 0
L 62.2112167 58.87612304 62.7192167 59.13012304 0 P 0
L 62.21503686 50.82111502 62.46903686 51.32911502 0 P 0
L 62.21503686 50.82111502 62.72303686 51.07511502 0 P 0
L 62.21503686 51.83711502 62.46903686 51.32911502 0 P 0
L 62.21503686 51.83711502 62.72303686 51.58311502 0 P 0
L 62.21584712 13.38718938 62.72384712 13.13318938 0 P 0
L 62.21584712 13.89518938 62.72384712 14.14918938 0 P 0
L 62.22805182 5.82898504 62.48205182 6.33698504 0 P 0
L 62.22805182 5.82898504 62.73605182 6.08298504 0 P 0
L 62.22805182 6.84498504 62.48205182 6.33698504 0 P 0
L 62.22805182 6.84498504 62.73605182 6.59098504 0 P 0
L 62.23169418 20.8307813 62.48569418 21.3387813 0 P 0
L 62.23169418 20.8307813 62.73969418 21.0847813 0 P 0
L 62.23169418 21.8467813 62.48569418 21.3387813 0 P 0
L 62.23169418 21.8467813 62.73969418 21.5927813 0 P 0
L 62.23169418 65.83078274 62.48569418 66.33878274 0 P 0
L 62.23169418 65.83078274 62.73969418 66.08478274 0 P 0
L 62.23169418 66.84678274 62.48569418 66.33878274 0 P 0
L 62.23169418 66.84678274 62.73969418 66.59278274 0 P 0
L 62.24955546 41.16231798 62.75755546 40.90831798 0 P 0
L 62.24955546 41.67031798 62.75755546 41.92431798 0 P 0
L 62.25609088 33.96835726 62.76409088 33.71435726 0 P 0
L 62.25609088 34.47635726 62.76409088 34.73035726 0 P 0
L 62.25609088 34.62235646 62.76409088 34.36835646 0 P 0
L 62.25609088 35.13035646 62.76409088 35.38435646 0 P 0
L 62.25609088 35.27635566 62.76409088 35.02235566 0 P 0
L 62.25609088 35.78435566 62.76409088 36.03835566 0 P 0
L 62.25609088 35.93035486 62.76409088 35.67635486 0 P 0
L 62.25609088 36.43835486 62.76409088 36.69235486 0 P 0
L 62.25609088 36.58435406 62.76409088 36.33035406 0 P 0
L 62.25609088 37.09235406 62.76409088 37.34635406 0 P 0
L 62.25609088 37.23835326 62.76409088 36.98435326 0 P 0
L 62.25609088 37.74635326 62.76409088 38.00035326 0 P 0
L 62.25609088 37.89235246 62.76409088 37.63835246 0 P 0
L 62.25609088 38.40035246 62.76409088 38.65435246 0 P 0
L 62.25609088 38.54635166 62.76409088 38.29235166 0 P 0
L 62.25609088 39.05435166 62.76409088 39.30835166 0 P 0
L 62.25609088 39.20035086 62.76409088 38.94635086 0 P 0
L 62.25609088 39.70835086 62.76409088 39.96235086 0 P 0
L 62.25609088 39.85435006 62.76409088 39.60035006 0 P 0
L 62.25609088 40.36235006 62.76409088 40.61635006 0 P 0
L 62.25609088 40.50834926 62.76409088 40.25434926 0 P 0
L 62.25609088 41.01634926 62.76409088 41.27034926 0 P 0
L 62.25738628 33.3143606 62.76538628 33.0603606 0 P 0
L 62.25738628 33.8223606 62.76538628 34.0763606 0 P 0
L 62.29814566 31.89830806 62.55214566 32.40630806 0 P 0
L 62.29814566 31.89830806 62.80614566 32.15230806 0 P 0
L 62.29814566 32.91430806 62.55214566 32.40630806 0 P 0
L 62.29814566 32.91430806 62.80614566 32.66030806 0 P 0
L 62.32134856 75.06664692 62.57534856 75.57464692 0 P 0
L 62.32134856 75.06664692 62.82934856 75.32064692 0 P 0
L 62.32134856 76.08264692 62.57534856 75.57464692 0 P 0
L 62.32134856 76.08264692 62.82934856 75.82864692 0 P 0
L 62.34872722 16.21642426 62.60272722 15.70842426 0 P 0
L 62.34872722 16.21642426 62.60272722 16.72442426 0 P 0
L 62.34896852 51.14677604 62.60296852 50.63877604 0 P 0
L 62.34896852 51.14677604 62.60296852 51.65477604 0 P 0
L 62.35042902 23.63105764 62.85842902 23.37705764 0 P 0
L 62.35042902 24.13905764 62.85842902 24.39305764 0 P 0
L 62.35042902 68.63105908 62.85842902 68.37705908 0 P 0
L 62.35042902 69.13905908 62.85842902 69.39305908 0 P 0
L 62.35543536 43.98282034 62.60943536 44.49082034 0 P 0
L 62.35543536 43.98282034 62.86343536 44.23682034 0 P 0
L 62.35543536 44.99882034 62.60943536 44.49082034 0 P 0
L 62.35543536 44.99882034 62.86343536 44.74482034 0 P 0
L 62.36231114 61.21259284 62.61631114 60.70459284 0 P 0
L 62.36231114 61.21259284 62.61631114 61.72059284 0 P 0
L 62.36373608 6.14872278 62.61773608 5.64072278 0 P 0
L 62.36373608 6.14872278 62.61773608 6.65672278 0 P 0
L 62.37744192 16.55215892 62.88544192 16.29815892 0 P 0
L 62.37744192 17.06015892 62.88544192 17.31415892 0 P 0
L 62.3861211 61.55065414 62.8941211 61.29665414 0 P 0
L 62.3861211 62.05865414 62.8941211 62.31265414 0 P 0
L 62.42161506 32.6813164 62.92961506 32.4273164 0 P 0
L 62.42161506 33.1893164 62.92961506 33.4433164 0 P 0
L 62.42517106 23.08019514 62.67917106 23.58819514 0 P 0
L 62.42517106 23.08019514 62.93317106 23.33419514 0 P 0
L 62.42517106 24.09619514 62.67917106 23.58819514 0 P 0
L 62.42517106 24.09619514 62.93317106 23.84219514 0 P 0
L 62.42517106 68.08019658 62.67917106 68.58819658 0 P 0
L 62.42517106 68.08019658 62.93317106 68.33419658 0 P 0
L 62.42517106 69.09619658 62.67917106 68.58819658 0 P 0
L 62.42517106 69.09619658 62.93317106 68.84219658 0 P 0
L 62.42817588 8.07789342 62.68217588 8.58589342 0 P 0
L 62.42817588 8.07789342 62.93617588 8.33189342 0 P 0
L 62.42817588 9.09389342 62.68217588 8.58589342 0 P 0
L 62.42817588 9.09389342 62.93617588 8.83989342 0 P 0
L 62.42934936 75.57464692 62.68334936 75.06664692 0 P 0
L 62.42934936 75.57464692 62.68334936 76.08264692 0 P 0
L 62.439169 57.75513468 62.947169 57.50113468 0 P 0
L 62.439169 58.26313468 62.947169 58.51713468 0 P 0
L 62.43984972 53.06893374 62.69384972 53.57693374 0 P 0
L 62.43984972 53.06893374 62.94784972 53.32293374 0 P 0
L 62.43984972 54.08493374 62.69384972 53.57693374 0 P 0
L 62.43984972 54.08493374 62.94784972 53.83093374 0 P 0
L 62.44107654 12.77319772 62.94907654 12.51919772 0 P 0
L 62.44107654 13.28119772 62.94907654 13.53519772 0 P 0
L 62.46343616 44.49082034 62.71743616 43.98282034 0 P 0
L 62.46343616 44.49082034 62.71743616 44.99882034 0 P 0
L 62.4652167 58.62212304 62.7192167 58.11412304 0 P 0
L 62.4652167 58.62212304 62.7192167 59.13012304 0 P 0
L 62.46984712 13.64118938 62.72384712 13.13318938 0 P 0
L 62.46984712 13.64118938 62.72384712 14.14918938 0 P 0
L 62.47048212 45.3206485 62.97848212 45.0666485 0 P 0
L 62.47048212 45.8286485 62.97848212 46.0826485 0 P 0
L 62.49842466 41.90061978 62.75242466 42.40861978 0 P 0
L 62.49842466 41.90061978 63.00642466 42.15461978 0 P 0
L 62.49842466 42.91661978 62.75242466 42.40861978 0 P 0
L 62.49842466 42.91661978 63.00642466 42.66261978 0 P 0
L 62.50355546 41.41631798 62.75755546 40.90831798 0 P 0
L 62.50355546 41.41631798 62.75755546 41.92431798 0 P 0
L 62.51009088 34.22235726 62.76409088 33.71435726 0 P 0
L 62.51009088 34.22235726 62.76409088 34.73035726 0 P 0
L 62.51009088 34.87635646 62.76409088 34.36835646 0 P 0
L 62.51009088 34.87635646 62.76409088 35.38435646 0 P 0
L 62.51009088 35.53035566 62.76409088 35.02235566 0 P 0
L 62.51009088 35.53035566 62.76409088 36.03835566 0 P 0
L 62.51009088 36.18435486 62.76409088 35.67635486 0 P 0
L 62.51009088 36.18435486 62.76409088 36.69235486 0 P 0
L 62.51009088 36.83835406 62.76409088 36.33035406 0 P 0
L 62.51009088 36.83835406 62.76409088 37.34635406 0 P 0
L 62.51009088 37.49235326 62.76409088 36.98435326 0 P 0
L 62.51009088 37.49235326 62.76409088 38.00035326 0 P 0
L 62.51009088 38.14635246 62.76409088 37.63835246 0 P 0
L 62.51009088 38.14635246 62.76409088 38.65435246 0 P 0
L 62.51009088 38.80035166 62.76409088 38.29235166 0 P 0
L 62.51009088 38.80035166 62.76409088 39.30835166 0 P 0
L 62.51009088 39.45435086 62.76409088 38.94635086 0 P 0
L 62.51009088 39.45435086 62.76409088 39.96235086 0 P 0
L 62.51009088 40.10835006 62.76409088 39.60035006 0 P 0
L 62.51009088 40.10835006 62.76409088 40.61635006 0 P 0
L 62.51009088 40.76234926 62.76409088 40.25434926 0 P 0
L 62.51009088 40.76234926 62.76409088 41.27034926 0 P 0
L 62.51138628 33.5683606 62.76538628 33.0603606 0 P 0
L 62.51138628 33.5683606 62.76538628 34.0763606 0 P 0
L 62.51793948 17.19088764 63.02593948 16.93688764 0 P 0
L 62.51793948 17.69888764 63.02593948 17.95288764 0 P 0
L 62.51998164 62.1908078 63.02798164 61.9368078 0 P 0
L 62.51998164 62.6988078 63.02798164 62.9528078 0 P 0
L 62.53122622 42.60395594 63.03922622 42.34995594 0 P 0
L 62.53122622 43.11195594 63.03922622 43.36595594 0 P 0
L 62.53621478 57.10837702 63.04421478 56.85437702 0 P 0
L 62.53621478 57.61637702 63.04421478 57.87037702 0 P 0
L 62.53685486 12.12624956 63.04485486 11.87224956 0 P 0
L 62.53685486 12.63424956 63.04485486 12.88824956 0 P 0
L 62.5454045 8.85630944 63.0534045 8.60230944 0 P 0
L 62.5454045 9.36430944 63.0534045 9.61830944 0 P 0
L 62.5454045 9.51030864 63.0534045 9.25630864 0 P 0
L 62.5454045 10.01830864 63.0534045 10.27230864 0 P 0
L 62.5454045 10.16430784 63.0534045 9.91030784 0 P 0
L 62.5454045 10.67230784 63.0534045 10.92630784 0 P 0
L 62.5454045 10.81830704 63.0534045 10.56430704 0 P 0
L 62.5454045 11.32630704 63.0534045 11.58030704 0 P 0
L 62.5454045 11.47230624 63.0534045 11.21830624 0 P 0
L 62.5454045 11.98030624 63.0534045 12.23430624 0 P 0
L 62.5454045 17.84431026 63.0534045 17.59031026 0 P 0
L 62.5454045 18.35231026 63.0534045 18.60631026 0 P 0
L 62.5454045 18.49830946 63.0534045 18.24430946 0 P 0
L 62.5454045 19.00630946 63.0534045 19.26030946 0 P 0
L 62.5454045 19.15230866 63.0534045 18.89830866 0 P 0
L 62.5454045 19.66030866 63.0534045 19.91430866 0 P 0
L 62.5454045 19.80630786 63.0534045 19.55230786 0 P 0
L 62.5454045 20.31430786 63.0534045 20.56830786 0 P 0
L 62.5454045 20.46030706 63.0534045 20.20630706 0 P 0
L 62.5454045 20.96830706 63.0534045 21.22230706 0 P 0
L 62.5454045 53.83844452 63.0534045 53.58444452 0 P 0
L 62.5454045 54.34644452 63.0534045 54.60044452 0 P 0
L 62.5454045 54.49244372 63.0534045 54.23844372 0 P 0
L 62.5454045 55.00044372 63.0534045 55.25444372 0 P 0
L 62.5454045 55.14644292 63.0534045 54.89244292 0 P 0
L 62.5454045 55.65444292 63.0534045 55.90844292 0 P 0
L 62.5454045 55.80044212 63.0534045 55.54644212 0 P 0
L 62.5454045 56.30844212 63.0534045 56.56244212 0 P 0
L 62.5454045 56.45444132 63.0534045 56.20044132 0 P 0
L 62.5454045 56.96244132 63.0534045 57.21644132 0 P 0
L 62.5454045 62.8443117 63.0534045 62.5903117 0 P 0
L 62.5454045 63.3523117 63.0534045 63.6063117 0 P 0
L 62.5454045 63.4983109 63.0534045 63.2443109 0 P 0
L 62.5454045 64.0063109 63.0534045 64.2603109 0 P 0
L 62.5454045 64.1523101 63.0534045 63.8983101 0 P 0
L 62.5454045 64.6603101 63.0534045 64.9143101 0 P 0
L 62.5454045 64.8063093 63.0534045 64.5523093 0 P 0
L 62.5454045 65.3143093 63.0534045 65.5683093 0 P 0
L 62.5454045 65.4603085 63.0534045 65.2063085 0 P 0
L 62.5454045 65.9683085 63.0534045 66.2223085 0 P 0
L 62.54760414 7.02473576 62.54760414 8.04073576 0 P 0
L 62.54760414 22.0247337 62.54760414 23.0407337 0 P 0
L 62.54760414 52.02473466 62.54760414 53.04073466 0 P 0
L 62.54760414 67.02473514 62.54760414 68.04073514 0 P 0
L 62.55757618 74.23681876 63.06557618 73.98281876 0 P 0
L 62.55757618 74.74481876 63.06557618 74.99881876 0 P 0
L 62.60442902 23.88505764 62.85842902 23.37705764 0 P 0
L 62.60442902 23.88505764 62.85842902 24.39305764 0 P 0
L 62.60442902 68.88505908 62.85842902 68.37705908 0 P 0
L 62.60442902 68.88505908 62.85842902 69.39305908 0 P 0
L 62.61648132 45.0666485 62.87048132 45.5746485 0 P 0
L 62.61648132 45.0666485 63.12448132 45.3206485 0 P 0
L 62.61648132 46.0826485 62.87048132 45.5746485 0 P 0
L 62.61648132 46.0826485 63.12448132 45.8286485 0 P 0
L 62.63144192 16.80615892 62.88544192 16.29815892 0 P 0
L 62.63144192 16.80615892 62.88544192 17.31415892 0 P 0
L 62.6401211 61.80465414 62.8941211 61.29665414 0 P 0
L 62.6401211 61.80465414 62.8941211 62.31265414 0 P 0
L 62.67561506 32.9353164 62.92961506 32.4273164 0 P 0
L 62.67561506 32.9353164 62.92961506 33.4433164 0 P 0
L 62.69227746 51.26827948 62.94627746 51.77627948 0 P 0
L 62.69227746 51.26827948 63.20027746 51.52227948 0 P 0
L 62.69227746 52.28427948 62.94627746 51.77627948 0 P 0
L 62.69227746 52.28427948 63.20027746 52.03027948 0 P 0
L 62.693169 58.00913468 62.947169 57.50113468 0 P 0
L 62.693169 58.00913468 62.947169 58.51713468 0 P 0
L 62.69507654 13.02719772 62.94907654 12.51919772 0 P 0
L 62.69507654 13.02719772 62.94907654 13.53519772 0 P 0
L 62.70144178 6.28022366 62.95544178 6.78822366 0 P 0
L 62.70144178 6.28022366 63.20944178 6.53422366 0 P 0
L 62.70144178 7.29622366 62.95544178 6.78822366 0 P 0
L 62.70144178 7.29622366 63.20944178 7.04222366 0 P 0
L 62.70357538 73.98281876 62.95757538 74.49081876 0 P 0
L 62.70357538 73.98281876 63.21157538 74.23681876 0 P 0
L 62.70357538 74.99881876 62.95757538 74.49081876 0 P 0
L 62.70357538 74.99881876 63.21157538 74.74481876 0 P 0
L 62.70382938 21.2833331 62.95782938 21.7913331 0 P 0
L 62.70382938 21.2833331 63.21182938 21.5373331 0 P 0
L 62.70382938 22.2993331 62.95782938 21.7913331 0 P 0
L 62.70382938 22.2993331 63.21182938 22.0453331 0 P 0
L 62.70382938 66.28333454 62.95782938 66.79133454 0 P 0
L 62.70382938 66.28333454 63.21182938 66.53733454 0 P 0
L 62.70382938 67.29933454 62.95782938 66.79133454 0 P 0
L 62.70382938 67.29933454 63.21182938 67.04533454 0 P 0
L 62.72303686 51.07511502 63.23103686 50.82111502 0 P 0
L 62.72303686 51.58311502 63.23103686 51.83711502 0 P 0
L 62.72448212 45.5746485 62.97848212 45.0666485 0 P 0
L 62.72448212 45.5746485 62.97848212 46.0826485 0 P 0
L 62.73605182 6.08298504 63.24405182 5.82898504 0 P 0
L 62.73605182 6.59098504 63.24405182 6.84498504 0 P 0
L 62.73969418 21.0847813 63.24769418 20.8307813 0 P 0
L 62.73969418 21.5927813 63.24769418 21.8467813 0 P 0
L 62.73969418 66.08478274 63.24769418 65.83078274 0 P 0
L 62.73969418 66.59278274 63.24769418 66.84678274 0 P 0
L 62.77193948 17.44488764 63.02593948 16.93688764 0 P 0
L 62.77193948 17.44488764 63.02593948 17.95288764 0 P 0
L 62.77398164 62.4448078 63.02798164 61.9368078 0 P 0
L 62.77398164 62.4448078 63.02798164 62.9528078 0 P 0
L 62.7829834 41.31177412 63.0369834 41.81977412 0 P 0
L 62.7829834 41.31177412 63.2909834 41.56577412 0 P 0
L 62.7829834 42.32777412 63.0369834 41.81977412 0 P 0
L 62.7829834 42.32777412 63.2909834 42.07377412 0 P 0
L 62.78522622 42.85795594 63.03922622 42.34995594 0 P 0
L 62.78522622 42.85795594 63.03922622 43.36595594 0 P 0
L 62.79021478 57.36237702 63.04421478 56.85437702 0 P 0
L 62.79021478 57.36237702 63.04421478 57.87037702 0 P 0
L 62.79085486 12.38024956 63.04485486 11.87224956 0 P 0
L 62.79085486 12.38024956 63.04485486 12.88824956 0 P 0
L 62.7994045 9.11030944 63.0534045 8.60230944 0 P 0
L 62.7994045 9.11030944 63.0534045 9.61830944 0 P 0
L 62.7994045 9.76430864 63.0534045 9.25630864 0 P 0
L 62.7994045 9.76430864 63.0534045 10.27230864 0 P 0
L 62.7994045 10.41830784 63.0534045 9.91030784 0 P 0
L 62.7994045 10.41830784 63.0534045 10.92630784 0 P 0
L 62.7994045 11.07230704 63.0534045 10.56430704 0 P 0
L 62.7994045 11.07230704 63.0534045 11.58030704 0 P 0
L 62.7994045 11.72630624 63.0534045 11.21830624 0 P 0
L 62.7994045 11.72630624 63.0534045 12.23430624 0 P 0
L 62.7994045 18.09831026 63.0534045 17.59031026 0 P 0
L 62.7994045 18.09831026 63.0534045 18.60631026 0 P 0
L 62.7994045 18.75230946 63.0534045 18.24430946 0 P 0
L 62.7994045 18.75230946 63.0534045 19.26030946 0 P 0
L 62.7994045 19.40630866 63.0534045 18.89830866 0 P 0
L 62.7994045 19.40630866 63.0534045 19.91430866 0 P 0
L 62.7994045 20.06030786 63.0534045 19.55230786 0 P 0
L 62.7994045 20.06030786 63.0534045 20.56830786 0 P 0
L 62.7994045 20.71430706 63.0534045 20.20630706 0 P 0
L 62.7994045 20.71430706 63.0534045 21.22230706 0 P 0
L 62.7994045 54.09244452 63.0534045 53.58444452 0 P 0
L 62.7994045 54.09244452 63.0534045 54.60044452 0 P 0
L 62.7994045 54.74644372 63.0534045 54.23844372 0 P 0
L 62.7994045 54.74644372 63.0534045 55.25444372 0 P 0
L 62.7994045 55.40044292 63.0534045 54.89244292 0 P 0
L 62.7994045 55.40044292 63.0534045 55.90844292 0 P 0
L 62.7994045 56.05444212 63.0534045 55.54644212 0 P 0
L 62.7994045 56.05444212 63.0534045 56.56244212 0 P 0
L 62.7994045 56.70844132 63.0534045 56.20044132 0 P 0
L 62.7994045 56.70844132 63.0534045 57.21644132 0 P 0
L 62.7994045 63.0983117 63.0534045 62.5903117 0 P 0
L 62.7994045 63.0983117 63.0534045 63.6063117 0 P 0
L 62.7994045 63.7523109 63.0534045 63.2443109 0 P 0
L 62.7994045 63.7523109 63.0534045 64.2603109 0 P 0
L 62.7994045 64.4063101 63.0534045 63.8983101 0 P 0
L 62.7994045 64.4063101 63.0534045 64.9143101 0 P 0
L 62.7994045 65.0603093 63.0534045 64.5523093 0 P 0
L 62.7994045 65.0603093 63.0534045 65.5683093 0 P 0
L 62.7994045 65.7143085 63.0534045 65.2063085 0 P 0
L 62.7994045 65.7143085 63.0534045 66.2223085 0 P 0
L 62.80614566 32.15230806 63.31414566 31.89830806 0 P 0
L 62.80614566 32.66030806 63.31414566 32.91430806 0 P 0
L 62.80890918 22.55061276 63.06290918 23.05861276 0 P 0
L 62.80890918 22.55061276 63.31690918 22.80461276 0 P 0
L 62.80890918 23.56661276 63.06290918 23.05861276 0 P 0
L 62.80890918 23.56661276 63.31690918 23.31261276 0 P 0
L 62.80890918 67.5506142 63.06290918 68.0586142 0 P 0
L 62.80890918 67.5506142 63.31690918 67.8046142 0 P 0
L 62.80890918 68.5666142 63.06290918 68.0586142 0 P 0
L 62.80890918 68.5666142 63.31690918 68.3126142 0 P 0
L 62.81033666 7.54717058 63.06433666 8.05517058 0 P 0
L 62.81033666 7.54717058 63.31833666 7.80117058 0 P 0
L 62.81033666 8.56317058 63.06433666 8.05517058 0 P 0
L 62.81033666 8.56317058 63.31833666 8.30917058 0 P 0
L 62.81157618 74.49081876 63.06557618 73.98281876 0 P 0
L 62.81157618 74.49081876 63.06557618 74.99881876 0 P 0
L 62.81586116 52.53383448 63.06986116 53.04183448 0 P 0
L 62.81586116 52.53383448 63.32386116 52.78783448 0 P 0
L 62.81586116 53.54983448 63.06986116 53.04183448 0 P 0
L 62.81586116 53.54983448 63.32386116 53.29583448 0 P 0
L 62.82934856 75.32064692 63.33734856 75.06664692 0 P 0
L 62.82934856 75.82864692 63.33734856 76.08264692 0 P 0
L 62.83191904 33.46561506 63.08591904 33.97361506 0 P 0
L 62.83191904 33.46561506 63.33991904 33.71961506 0 P 0
L 62.83191904 34.11961426 63.08591904 34.62761426 0 P 0
L 62.83191904 34.11961426 63.33991904 34.37361426 0 P 0
L 62.83191904 34.48161506 63.08591904 33.97361506 0 P 0
L 62.83191904 34.48161506 63.33991904 34.22761506 0 P 0
L 62.83191904 34.77361346 63.08591904 35.28161346 0 P 0
L 62.83191904 34.77361346 63.33991904 35.02761346 0 P 0
L 62.83191904 35.13561426 63.08591904 34.62761426 0 P 0
L 62.83191904 35.13561426 63.33991904 34.88161426 0 P 0
L 62.83191904 35.42761266 63.08591904 35.93561266 0 P 0
L 62.83191904 35.42761266 63.33991904 35.68161266 0 P 0
L 62.83191904 35.78961346 63.08591904 35.28161346 0 P 0
L 62.83191904 35.78961346 63.33991904 35.53561346 0 P 0
L 62.83191904 36.08161186 63.08591904 36.58961186 0 P 0
L 62.83191904 36.08161186 63.33991904 36.33561186 0 P 0
L 62.83191904 36.44361266 63.08591904 35.93561266 0 P 0
L 62.83191904 36.44361266 63.33991904 36.18961266 0 P 0
L 62.83191904 36.73561106 63.08591904 37.24361106 0 P 0
L 62.83191904 36.73561106 63.33991904 36.98961106 0 P 0
L 62.83191904 37.09761186 63.08591904 36.58961186 0 P 0
L 62.83191904 37.09761186 63.33991904 36.84361186 0 P 0
L 62.83191904 37.38961026 63.08591904 37.89761026 0 P 0
L 62.83191904 37.38961026 63.33991904 37.64361026 0 P 0
L 62.83191904 37.75161106 63.08591904 37.24361106 0 P 0
L 62.83191904 37.75161106 63.33991904 37.49761106 0 P 0
L 62.83191904 38.04360946 63.08591904 38.55160946 0 P 0
L 62.83191904 38.04360946 63.33991904 38.29760946 0 P 0
L 62.83191904 38.40561026 63.08591904 37.89761026 0 P 0
L 62.83191904 38.40561026 63.33991904 38.15161026 0 P 0
L 62.83191904 38.69760866 63.08591904 39.20560866 0 P 0
L 62.83191904 38.69760866 63.33991904 38.95160866 0 P 0
L 62.83191904 39.05960946 63.08591904 38.55160946 0 P 0
L 62.83191904 39.05960946 63.33991904 38.80560946 0 P 0
L 62.83191904 39.35160786 63.08591904 39.85960786 0 P 0
L 62.83191904 39.35160786 63.33991904 39.60560786 0 P 0
L 62.83191904 39.71360866 63.08591904 39.20560866 0 P 0
L 62.83191904 39.71360866 63.33991904 39.45960866 0 P 0
L 62.83191904 40.00560706 63.08591904 40.51360706 0 P 0
L 62.83191904 40.00560706 63.33991904 40.25960706 0 P 0
L 62.83191904 40.36760786 63.08591904 39.85960786 0 P 0
L 62.83191904 40.36760786 63.33991904 40.11360786 0 P 0
L 62.83191904 40.65960626 63.08591904 41.16760626 0 P 0
L 62.83191904 40.65960626 63.33991904 40.91360626 0 P 0
L 62.83191904 41.02160706 63.08591904 40.51360706 0 P 0
L 62.83191904 41.02160706 63.33991904 40.76760706 0 P 0
L 62.83191904 41.67560626 63.08591904 41.16760626 0 P 0
L 62.83191904 41.67560626 63.33991904 41.42160626 0 P 0
L 62.85846966 31.56103924 63.11246966 32.06903924 0 P 0
L 62.85846966 31.56103924 63.36646966 31.81503924 0 P 0
L 62.85846966 32.57703924 63.11246966 32.06903924 0 P 0
L 62.85846966 32.57703924 63.36646966 32.32303924 0 P 0
L 62.86343536 44.23682034 63.37143536 43.98282034 0 P 0
L 62.86343536 44.74482034 63.37143536 44.99882034 0 P 0
L 62.9066052 51.88616242 63.1606052 52.39416242 0 P 0
L 62.9066052 51.88616242 63.4146052 52.14016242 0 P 0
L 62.9066052 52.90216242 63.1606052 52.39416242 0 P 0
L 62.9066052 52.90216242 63.4146052 52.64816242 0 P 0
L 62.90850258 6.90058056 63.16250258 7.40858056 0 P 0
L 62.90850258 6.90058056 63.41650258 7.15458056 0 P 0
L 62.90850258 7.91658056 63.16250258 7.40858056 0 P 0
L 62.90850258 7.91658056 63.41650258 7.66258056 0 P 0
L 62.90899534 21.90431738 63.16299534 22.41231738 0 P 0
L 62.90899534 21.90431738 63.41699534 22.15831738 0 P 0
L 62.90899534 22.92031738 63.16299534 22.41231738 0 P 0
L 62.90899534 22.92031738 63.41699534 22.66631738 0 P 0
L 62.90899534 66.90431882 63.16299534 67.41231882 0 P 0
L 62.90899534 66.90431882 63.41699534 67.15831882 0 P 0
L 62.90899534 67.92031882 63.16299534 67.41231882 0 P 0
L 62.90899534 67.92031882 63.41699534 67.66631882 0 P 0
L 62.93317106 23.33419514 63.44117106 23.08019514 0 P 0
L 62.93317106 23.84219514 63.44117106 24.09619514 0 P 0
L 62.93317106 68.33419658 63.44117106 68.08019658 0 P 0
L 62.93317106 68.84219658 63.44117106 69.09619658 0 P 0
L 62.93617588 8.33189342 63.44417588 8.07789342 0 P 0
L 62.93617588 8.83989342 63.44417588 9.09389342 0 P 0
L 62.94077582 32.82073954 63.19477582 33.32873954 0 P 0
L 62.94077582 32.82073954 63.44877582 33.07473954 0 P 0
L 62.94077582 33.83673954 63.19477582 33.32873954 0 P 0
L 62.94077582 33.83673954 63.44877582 33.58273954 0 P 0
L 62.94784972 53.32293374 63.45584972 53.06893374 0 P 0
L 62.94784972 53.83093374 63.45584972 54.08493374 0 P 0
L 62.97534776 75.06664692 63.22934776 75.57464692 0 P 0
L 62.97534776 75.06664692 63.48334776 75.32064692 0 P 0
L 62.97534776 76.08264692 63.22934776 75.57464692 0 P 0
L 62.97534776 76.08264692 63.48334776 75.82864692 0 P 0
L 62.97703686 51.32911502 63.23103686 50.82111502 0 P 0
L 62.97703686 51.32911502 63.23103686 51.83711502 0 P 0
L 62.99005182 6.33698504 63.24405182 5.82898504 0 P 0
L 62.99005182 6.33698504 63.24405182 6.84498504 0 P 0
L 62.99369418 21.3387813 63.24769418 20.8307813 0 P 0
L 62.99369418 21.3387813 63.24769418 21.8467813 0 P 0
L 62.99369418 66.33878274 63.24769418 65.83078274 0 P 0
L 62.99369418 66.33878274 63.24769418 66.84678274 0 P 0
L 63.00642466 42.15461978 63.51442466 41.90061978 0 P 0
L 63.00642466 42.66261978 63.51442466 42.91661978 0 P 0
L 63.00943456 43.98282034 63.26343456 44.49082034 0 P 0
L 63.00943456 43.98282034 63.51743456 44.23682034 0 P 0
L 63.00943456 44.99882034 63.26343456 44.49082034 0 P 0
L 63.00943456 44.99882034 63.51743456 44.74482034 0 P 0
L 63.06014566 32.40630806 63.31414566 31.89830806 0 P 0
L 63.06014566 32.40630806 63.31414566 32.91430806 0 P 0
L 63.08334856 75.57464692 63.33734856 75.06664692 0 P 0
L 63.08334856 75.57464692 63.33734856 76.08264692 0 P 0
L 63.11743536 44.49082034 63.37143536 43.98282034 0 P 0
L 63.11743536 44.49082034 63.37143536 44.99882034 0 P 0
L 63.12448132 45.3206485 63.63248132 45.0666485 0 P 0
L 63.12448132 45.8286485 63.63248132 46.0826485 0 P 0
L 63.18717106 23.58819514 63.44117106 23.08019514 0 P 0
L 63.18717106 23.58819514 63.44117106 24.09619514 0 P 0
L 63.18717106 68.58819658 63.44117106 68.08019658 0 P 0
L 63.18717106 68.58819658 63.44117106 69.09619658 0 P 0
L 63.19017588 8.58589342 63.44417588 8.07789342 0 P 0
L 63.19017588 8.58589342 63.44417588 9.09389342 0 P 0
L 63.20027746 51.52227948 63.70827746 51.26827948 0 P 0
L 63.20027746 52.03027948 63.70827746 52.28427948 0 P 0
L 63.20184972 53.57693374 63.45584972 53.06893374 0 P 0
L 63.20184972 53.57693374 63.45584972 54.08493374 0 P 0
L 63.20944178 6.53422366 63.71744178 6.28022366 0 P 0
L 63.20944178 7.04222366 63.71744178 7.29622366 0 P 0
L 63.21157538 74.23681876 63.71957538 73.98281876 0 P 0
L 63.21157538 74.74481876 63.71957538 74.99881876 0 P 0
L 63.21182938 21.5373331 63.71982938 21.2833331 0 P 0
L 63.21182938 22.0453331 63.71982938 22.2993331 0 P 0
L 63.21182938 66.53733454 63.71982938 66.28333454 0 P 0
L 63.21182938 67.04533454 63.71982938 67.29933454 0 P 0
L 63.26042466 42.40861978 63.51442466 41.90061978 0 P 0
L 63.26042466 42.40861978 63.51442466 42.91661978 0 P 0
L 63.27048052 45.0666485 63.52448052 45.5746485 0 P 0
L 63.27048052 45.0666485 63.77848052 45.3206485 0 P 0
L 63.27048052 46.0826485 63.52448052 45.5746485 0 P 0
L 63.27048052 46.0826485 63.77848052 45.8286485 0 P 0
L 63.2909834 41.56577412 63.7989834 41.31177412 0 P 0
L 63.2909834 42.07377412 63.7989834 42.32777412 0 P 0
L 63.31690918 22.80461276 63.82490918 22.55061276 0 P 0
L 63.31690918 23.31261276 63.82490918 23.56661276 0 P 0
L 63.31690918 67.8046142 63.82490918 67.5506142 0 P 0
L 63.31690918 68.3126142 63.82490918 68.5666142 0 P 0
L 63.31833666 7.80117058 63.82633666 7.54717058 0 P 0
L 63.31833666 8.30917058 63.82633666 8.56317058 0 P 0
L 63.32386116 52.78783448 63.83186116 52.53383448 0 P 0
L 63.32386116 53.29583448 63.83186116 53.54983448 0 P 0
L 63.33991904 33.71961506 63.84791904 33.46561506 0 P 0
L 63.33991904 34.22761506 63.84791904 34.48161506 0 P 0
L 63.33991904 34.37361426 63.84791904 34.11961426 0 P 0
L 63.33991904 34.88161426 63.84791904 35.13561426 0 P 0
L 63.33991904 35.02761346 63.84791904 34.77361346 0 P 0
L 63.33991904 35.53561346 63.84791904 35.78961346 0 P 0
L 63.33991904 35.68161266 63.84791904 35.42761266 0 P 0
L 63.33991904 36.18961266 63.84791904 36.44361266 0 P 0
L 63.33991904 36.33561186 63.84791904 36.08161186 0 P 0
L 63.33991904 36.84361186 63.84791904 37.09761186 0 P 0
L 63.33991904 36.98961106 63.84791904 36.73561106 0 P 0
L 63.33991904 37.49761106 63.84791904 37.75161106 0 P 0
L 63.33991904 37.64361026 63.84791904 37.38961026 0 P 0
L 63.33991904 38.15161026 63.84791904 38.40561026 0 P 0
L 63.33991904 38.29760946 63.84791904 38.04360946 0 P 0
L 63.33991904 38.80560946 63.84791904 39.05960946 0 P 0
L 63.33991904 38.95160866 63.84791904 38.69760866 0 P 0
L 63.33991904 39.45960866 63.84791904 39.71360866 0 P 0
L 63.33991904 39.60560786 63.84791904 39.35160786 0 P 0
L 63.33991904 40.11360786 63.84791904 40.36760786 0 P 0
L 63.33991904 40.25960706 63.84791904 40.00560706 0 P 0
L 63.33991904 40.76760706 63.84791904 41.02160706 0 P 0
L 63.33991904 40.91360626 63.84791904 40.65960626 0 P 0
L 63.33991904 41.42160626 63.84791904 41.67560626 0 P 0
L 63.35757458 73.98281876 63.61157458 74.49081876 0 P 0
L 63.35757458 73.98281876 63.86557458 74.23681876 0 P 0
L 63.35757458 74.99881876 63.61157458 74.49081876 0 P 0
L 63.35757458 74.99881876 63.86557458 74.74481876 0 P 0
L 63.36646966 31.81503924 63.87446966 31.56103924 0 P 0
L 63.36646966 32.32303924 63.87446966 32.57703924 0 P 0
L 63.37848132 45.5746485 63.63248132 45.0666485 0 P 0
L 63.37848132 45.5746485 63.63248132 46.0826485 0 P 0
L 63.4146052 52.14016242 63.9226052 51.88616242 0 P 0
L 63.4146052 52.64816242 63.9226052 52.90216242 0 P 0
L 63.41650258 7.15458056 63.92450258 6.90058056 0 P 0
L 63.41650258 7.66258056 63.92450258 7.91658056 0 P 0
L 63.41699534 22.15831738 63.92499534 21.90431738 0 P 0
L 63.41699534 22.66631738 63.92499534 22.92031738 0 P 0
L 63.41699534 67.15831882 63.92499534 66.90431882 0 P 0
L 63.41699534 67.66631882 63.92499534 67.92031882 0 P 0
L 63.44877582 33.07473954 63.95677582 32.82073954 0 P 0
L 63.44877582 33.58273954 63.95677582 33.83673954 0 P 0
L 63.45427746 51.77627948 63.70827746 51.26827948 0 P 0
L 63.45427746 51.77627948 63.70827746 52.28427948 0 P 0
L 63.46344178 6.78822366 63.71744178 6.28022366 0 P 0
L 63.46344178 6.78822366 63.71744178 7.29622366 0 P 0
L 63.46557538 74.49081876 63.71957538 73.98281876 0 P 0
L 63.46557538 74.49081876 63.71957538 74.99881876 0 P 0
L 63.46582938 21.7913331 63.71982938 21.2833331 0 P 0
L 63.46582938 21.7913331 63.71982938 22.2993331 0 P 0
L 63.46582938 66.79133454 63.71982938 66.28333454 0 P 0
L 63.46582938 66.79133454 63.71982938 67.29933454 0 P 0
L 63.48334776 75.32064692 63.99134776 75.06664692 0 P 0
L 63.48334776 75.82864692 63.99134776 76.08264692 0 P 0
L 63.50230886 31.4462033 63.75630886 31.9542033 0 P 0
L 63.50230886 31.4462033 64.01030886 31.7002033 0 P 0
L 63.50230886 32.4622033 63.75630886 31.9542033 0 P 0
L 63.50230886 32.4622033 64.01030886 32.2082033 0 P 0
L 63.51743456 44.23682034 64.02543456 43.98282034 0 P 0
L 63.51743456 44.74482034 64.02543456 44.99882034 0 P 0
L 63.53602482 32.54982568 63.79002482 33.05782568 0 P 0
L 63.53602482 32.54982568 64.04402482 32.80382568 0 P 0
L 63.53602482 33.56582568 63.79002482 33.05782568 0 P 0
L 63.53602482 33.56582568 64.04402482 33.31182568 0 P 0
L 63.5449834 41.81977412 63.7989834 41.31177412 0 P 0
L 63.5449834 41.81977412 63.7989834 42.32777412 0 P 0
L 63.57090918 23.05861276 63.82490918 22.55061276 0 P 0
L 63.57090918 23.05861276 63.82490918 23.56661276 0 P 0
L 63.57090918 68.0586142 63.82490918 67.5506142 0 P 0
L 63.57090918 68.0586142 63.82490918 68.5666142 0 P 0
L 63.57233666 8.05517058 63.82633666 7.54717058 0 P 0
L 63.57233666 8.05517058 63.82633666 8.56317058 0 P 0
L 63.57786116 53.04183448 63.83186116 52.53383448 0 P 0
L 63.57786116 53.04183448 63.83186116 53.54983448 0 P 0
L 63.59391904 33.97361506 63.84791904 33.46561506 0 P 0
L 63.59391904 33.97361506 63.84791904 34.48161506 0 P 0
L 63.59391904 34.62761426 63.84791904 34.11961426 0 P 0
L 63.59391904 34.62761426 63.84791904 35.13561426 0 P 0
L 63.59391904 35.28161346 63.84791904 34.77361346 0 P 0
L 63.59391904 35.28161346 63.84791904 35.78961346 0 P 0
L 63.59391904 35.93561266 63.84791904 35.42761266 0 P 0
L 63.59391904 35.93561266 63.84791904 36.44361266 0 P 0
L 63.59391904 36.58961186 63.84791904 36.08161186 0 P 0
L 63.59391904 36.58961186 63.84791904 37.09761186 0 P 0
L 63.59391904 37.24361106 63.84791904 36.73561106 0 P 0
L 63.59391904 37.24361106 63.84791904 37.75161106 0 P 0
L 63.59391904 37.89761026 63.84791904 37.38961026 0 P 0
L 63.59391904 37.89761026 63.84791904 38.40561026 0 P 0
L 63.59391904 38.55160946 63.84791904 38.04360946 0 P 0
L 63.59391904 38.55160946 63.84791904 39.05960946 0 P 0
L 63.59391904 39.20560866 63.84791904 38.69760866 0 P 0
L 63.59391904 39.20560866 63.84791904 39.71360866 0 P 0
L 63.59391904 39.85960786 63.84791904 39.35160786 0 P 0
L 63.59391904 39.85960786 63.84791904 40.36760786 0 P 0
L 63.59391904 40.51360706 63.84791904 40.00560706 0 P 0
L 63.59391904 40.51360706 63.84791904 41.02160706 0 P 0
L 63.59391904 41.16760626 63.84791904 40.65960626 0 P 0
L 63.59391904 41.16760626 63.84791904 41.67560626 0 P 0
L 63.62046966 32.06903924 63.87446966 31.56103924 0 P 0
L 63.62046966 32.06903924 63.87446966 32.57703924 0 P 0
L 63.62934696 75.06664692 63.88334696 75.57464692 0 P 0
L 63.62934696 75.06664692 64.13734696 75.32064692 0 P 0
L 63.62934696 76.08264692 63.88334696 75.57464692 0 P 0
L 63.62934696 76.08264692 64.13734696 75.82864692 0 P 0
L 63.66343376 43.98282034 63.91743376 44.49082034 0 P 0
L 63.66343376 43.98282034 64.17143376 44.23682034 0 P 0
L 63.66343376 44.99882034 63.91743376 44.49082034 0 P 0
L 63.66343376 44.99882034 64.17143376 44.74482034 0 P 0
L 63.6686052 52.39416242 63.9226052 51.88616242 0 P 0
L 63.6686052 52.39416242 63.9226052 52.90216242 0 P 0
L 63.67050258 7.40858056 63.92450258 6.90058056 0 P 0
L 63.67050258 7.40858056 63.92450258 7.91658056 0 P 0
L 63.67099534 22.41231738 63.92499534 21.90431738 0 P 0
L 63.67099534 22.41231738 63.92499534 22.92031738 0 P 0
L 63.67099534 67.41231882 63.92499534 66.90431882 0 P 0
L 63.67099534 67.41231882 63.92499534 67.92031882 0 P 0
L 63.70277582 33.32873954 63.95677582 32.82073954 0 P 0
L 63.70277582 33.32873954 63.95677582 33.83673954 0 P 0
L 63.73734776 75.57464692 63.99134776 75.06664692 0 P 0
L 63.73734776 75.57464692 63.99134776 76.08264692 0 P 0
L 63.77143456 44.49082034 64.02543456 43.98282034 0 P 0
L 63.77143456 44.49082034 64.02543456 44.99882034 0 P 0
L 63.77848052 45.3206485 64.28648052 45.0666485 0 P 0
L 63.77848052 45.8286485 64.28648052 46.0826485 0 P 0
L 63.86557458 74.23681876 64.37357458 73.98281876 0 P 0
L 63.86557458 74.74481876 64.37357458 74.99881876 0 P 0
L 63.92447972 45.0666485 64.17847972 45.5746485 0 P 0
L 63.92447972 45.0666485 64.43247972 45.3206485 0 P 0
L 63.92447972 46.0826485 64.17847972 45.5746485 0 P 0
L 63.92447972 46.0826485 64.43247972 45.8286485 0 P 0
L 64.01030886 31.7002033 64.51830886 31.4462033 0 P 0
L 64.01030886 32.2082033 64.51830886 32.4622033 0 P 0
L 64.01157378 73.98281876 64.26557378 74.49081876 0 P 0
L 64.01157378 73.98281876 64.51957378 74.23681876 0 P 0
L 64.01157378 74.99881876 64.26557378 74.49081876 0 P 0
L 64.01157378 74.99881876 64.51957378 74.74481876 0 P 0
L 64.03248052 45.5746485 64.28648052 45.0666485 0 P 0
L 64.03248052 45.5746485 64.28648052 46.0826485 0 P 0
L 64.04039008 32.966152 64.29439008 33.474152 0 P 0
L 64.04039008 32.966152 64.54839008 33.220152 0 P 0
L 64.04039008 33.982152 64.29439008 33.474152 0 P 0
L 64.04039008 33.982152 64.54839008 33.728152 0 P 0
L 64.04402482 32.80382568 64.55202482 32.54982568 0 P 0
L 64.04402482 33.31182568 64.55202482 33.56582568 0 P 0
L 64.07908952 33.61900566 64.33308952 34.12700566 0 P 0
L 64.07908952 33.61900566 64.58708952 33.87300566 0 P 0
L 64.07908952 34.27300486 64.33308952 34.78100486 0 P 0
L 64.07908952 34.27300486 64.58708952 34.52700486 0 P 0
L 64.07908952 34.63500566 64.33308952 34.12700566 0 P 0
L 64.07908952 34.63500566 64.58708952 34.38100566 0 P 0
L 64.07908952 34.92700406 64.33308952 35.43500406 0 P 0
L 64.07908952 34.92700406 64.58708952 35.18100406 0 P 0
L 64.07908952 35.28900486 64.33308952 34.78100486 0 P 0
L 64.07908952 35.28900486 64.58708952 35.03500486 0 P 0
L 64.07908952 35.58100326 64.33308952 36.08900326 0 P 0
L 64.07908952 35.58100326 64.58708952 35.83500326 0 P 0
L 64.07908952 35.94300406 64.33308952 35.43500406 0 P 0
L 64.07908952 35.94300406 64.58708952 35.68900406 0 P 0
L 64.07908952 36.23500246 64.33308952 36.74300246 0 P 0
L 64.07908952 36.23500246 64.58708952 36.48900246 0 P 0
L 64.07908952 36.59700326 64.33308952 36.08900326 0 P 0
L 64.07908952 36.59700326 64.58708952 36.34300326 0 P 0
L 64.07908952 36.88900166 64.33308952 37.39700166 0 P 0
L 64.07908952 36.88900166 64.58708952 37.14300166 0 P 0
L 64.07908952 37.25100246 64.33308952 36.74300246 0 P 0
L 64.07908952 37.25100246 64.58708952 36.99700246 0 P 0
L 64.07908952 37.54300086 64.33308952 38.05100086 0 P 0
L 64.07908952 37.54300086 64.58708952 37.79700086 0 P 0
L 64.07908952 37.90500166 64.33308952 37.39700166 0 P 0
L 64.07908952 37.90500166 64.58708952 37.65100166 0 P 0
L 64.07908952 38.19700006 64.33308952 38.70500006 0 P 0
L 64.07908952 38.19700006 64.58708952 38.45100006 0 P 0
L 64.07908952 38.55900086 64.33308952 38.05100086 0 P 0
L 64.07908952 38.55900086 64.58708952 38.30500086 0 P 0
L 64.07908952 38.85099926 64.33308952 39.35899926 0 P 0
L 64.07908952 38.85099926 64.58708952 39.10499926 0 P 0
L 64.07908952 39.21300006 64.33308952 38.70500006 0 P 0
L 64.07908952 39.21300006 64.58708952 38.95900006 0 P 0
L 64.07908952 39.50499846 64.33308952 40.01299846 0 P 0
L 64.07908952 39.50499846 64.58708952 39.75899846 0 P 0
L 64.07908952 39.86699926 64.33308952 39.35899926 0 P 0
L 64.07908952 39.86699926 64.58708952 39.61299926 0 P 0
L 64.07908952 40.15899766 64.33308952 40.66699766 0 P 0
L 64.07908952 40.15899766 64.58708952 40.41299766 0 P 0
L 64.07908952 40.52099846 64.33308952 40.01299846 0 P 0
L 64.07908952 40.52099846 64.58708952 40.26699846 0 P 0
L 64.07908952 40.81299686 64.33308952 41.32099686 0 P 0
L 64.07908952 40.81299686 64.58708952 41.06699686 0 P 0
L 64.07908952 41.17499766 64.33308952 40.66699766 0 P 0
L 64.07908952 41.17499766 64.58708952 40.92099766 0 P 0
L 64.07908952 41.82899686 64.33308952 41.32099686 0 P 0
L 64.07908952 41.82899686 64.58708952 41.57499686 0 P 0
L 64.11957458 74.49081876 64.37357458 73.98281876 0 P 0
L 64.11957458 74.49081876 64.37357458 74.99881876 0 P 0
L 64.13734696 75.32064692 64.64534696 75.06664692 0 P 0
L 64.13734696 75.82864692 64.64534696 76.08264692 0 P 0
L 64.13874396 31.5967491 64.39274396 32.1047491 0 P 0
L 64.13874396 31.5967491 64.64674396 31.8507491 0 P 0
L 64.13874396 32.6127491 64.39274396 32.1047491 0 P 0
L 64.13874396 32.6127491 64.64674396 32.3587491 0 P 0
L 64.17143376 44.23682034 64.67943376 43.98282034 0 P 0
L 64.17143376 44.74482034 64.67943376 44.99882034 0 P 0
L 64.17707764 41.45961482 64.43107764 41.96761482 0 P 0
L 64.17707764 41.45961482 64.68507764 41.71361482 0 P 0
L 64.17707764 42.47561482 64.43107764 41.96761482 0 P 0
L 64.17707764 42.47561482 64.68507764 42.22161482 0 P 0
L 64.26430886 31.9542033 64.51830886 31.4462033 0 P 0
L 64.26430886 31.9542033 64.51830886 32.4622033 0 P 0
L 64.28334616 75.06664692 64.53734616 75.57464692 0 P 0
L 64.28334616 75.06664692 64.79134616 75.32064692 0 P 0
L 64.28334616 76.08264692 64.53734616 75.57464692 0 P 0
L 64.28334616 76.08264692 64.79134616 75.82864692 0 P 0
L 64.29802482 33.05782568 64.55202482 32.54982568 0 P 0
L 64.29802482 33.05782568 64.55202482 33.56582568 0 P 0
L 64.31743296 43.98282034 64.57143296 44.49082034 0 P 0
L 64.31743296 43.98282034 64.82543296 44.23682034 0 P 0
L 64.31743296 44.99882034 64.57143296 44.49082034 0 P 0
L 64.31743296 44.99882034 64.82543296 44.74482034 0 P 0
L 64.39134696 75.57464692 64.64534696 75.06664692 0 P 0
L 64.39134696 75.57464692 64.64534696 76.08264692 0 P 0
L 64.42543376 44.49082034 64.67943376 43.98282034 0 P 0
L 64.42543376 44.49082034 64.67943376 44.99882034 0 P 0
L 64.43247972 45.3206485 64.94047972 45.0666485 0 P 0
L 64.43247972 45.8286485 64.94047972 46.0826485 0 P 0
L 64.50733352 42.02410188 64.76133352 42.53210188 0 P 0
L 64.50733352 42.02410188 65.01533352 42.27810188 0 P 0
L 64.50733352 43.04010188 64.76133352 42.53210188 0 P 0
L 64.50733352 43.04010188 65.01533352 42.78610188 0 P 0
L 64.51957378 74.23681876 65.02757378 73.98281876 0 P 0
L 64.51957378 74.74481876 65.02757378 74.99881876 0 P 0
L 64.54839008 33.220152 65.05639008 32.966152 0 P 0
L 64.54839008 33.728152 65.05639008 33.982152 0 P 0
L 64.57847892 45.0666485 64.83247892 45.5746485 0 P 0
L 64.57847892 45.0666485 65.08647892 45.3206485 0 P 0
L 64.57847892 46.0826485 64.83247892 45.5746485 0 P 0
L 64.57847892 46.0826485 65.08647892 45.8286485 0 P 0
L 64.58708952 33.87300566 65.09508952 33.61900566 0 P 0
L 64.58708952 34.38100566 65.09508952 34.63500566 0 P 0
L 64.58708952 34.52700486 65.09508952 34.27300486 0 P 0
L 64.58708952 35.03500486 65.09508952 35.28900486 0 P 0
L 64.58708952 35.18100406 65.09508952 34.92700406 0 P 0
L 64.58708952 35.68900406 65.09508952 35.94300406 0 P 0
L 64.58708952 35.83500326 65.09508952 35.58100326 0 P 0
L 64.58708952 36.34300326 65.09508952 36.59700326 0 P 0
L 64.58708952 36.48900246 65.09508952 36.23500246 0 P 0
L 64.58708952 36.99700246 65.09508952 37.25100246 0 P 0
L 64.58708952 37.14300166 65.09508952 36.88900166 0 P 0
L 64.58708952 37.65100166 65.09508952 37.90500166 0 P 0
L 64.58708952 37.79700086 65.09508952 37.54300086 0 P 0
L 64.58708952 38.30500086 65.09508952 38.55900086 0 P 0
L 64.58708952 38.45100006 65.09508952 38.19700006 0 P 0
L 64.58708952 38.95900006 65.09508952 39.21300006 0 P 0
L 64.58708952 39.10499926 65.09508952 38.85099926 0 P 0
L 64.58708952 39.61299926 65.09508952 39.86699926 0 P 0
L 64.58708952 39.75899846 65.09508952 39.50499846 0 P 0
L 64.58708952 40.26699846 65.09508952 40.52099846 0 P 0
L 64.58708952 40.41299766 65.09508952 40.15899766 0 P 0
L 64.58708952 40.92099766 65.09508952 41.17499766 0 P 0
L 64.58708952 41.06699686 65.09508952 40.81299686 0 P 0
L 64.58708952 41.57499686 65.09508952 41.82899686 0 P 0
L 64.64674396 31.8507491 65.15474396 31.5967491 0 P 0
L 64.64674396 32.3587491 65.15474396 32.6127491 0 P 0
L 64.66557298 73.98281876 64.91957298 74.49081876 0 P 0
L 64.66557298 73.98281876 65.17357298 74.23681876 0 P 0
L 64.66557298 74.99881876 64.91957298 74.49081876 0 P 0
L 64.66557298 74.99881876 65.17357298 74.74481876 0 P 0
L 64.68000526 31.96383752 64.93400526 32.47183752 0 P 0
L 64.68000526 31.96383752 65.18800526 32.21783752 0 P 0
L 64.68000526 32.97983752 64.93400526 32.47183752 0 P 0
L 64.68000526 32.97983752 65.18800526 32.72583752 0 P 0
L 64.68507764 41.71361482 65.19307764 41.45961482 0 P 0
L 64.68507764 42.22161482 65.19307764 42.47561482 0 P 0
L 64.68647972 45.5746485 64.94047972 45.0666485 0 P 0
L 64.68647972 45.5746485 64.94047972 46.0826485 0 P 0
L 64.77357378 74.49081876 65.02757378 73.98281876 0 P 0
L 64.77357378 74.49081876 65.02757378 74.99881876 0 P 0
L 64.79134616 75.32064692 65.29934616 75.06664692 0 P 0
L 64.79134616 75.82864692 65.29934616 76.08264692 0 P 0
L 64.80239008 33.474152 65.05639008 32.966152 0 P 0
L 64.80239008 33.474152 65.05639008 33.982152 0 P 0
L 64.82543296 44.23682034 65.33343296 43.98282034 0 P 0
L 64.82543296 44.74482034 65.33343296 44.99882034 0 P 0
L 64.84108952 34.12700566 65.09508952 33.61900566 0 P 0
L 64.84108952 34.12700566 65.09508952 34.63500566 0 P 0
L 64.84108952 34.78100486 65.09508952 34.27300486 0 P 0
L 64.84108952 34.78100486 65.09508952 35.28900486 0 P 0
L 64.84108952 35.43500406 65.09508952 34.92700406 0 P 0
L 64.84108952 35.43500406 65.09508952 35.94300406 0 P 0
L 64.84108952 36.08900326 65.09508952 35.58100326 0 P 0
L 64.84108952 36.08900326 65.09508952 36.59700326 0 P 0
L 64.84108952 36.74300246 65.09508952 36.23500246 0 P 0
L 64.84108952 36.74300246 65.09508952 37.25100246 0 P 0
L 64.84108952 37.39700166 65.09508952 36.88900166 0 P 0
L 64.84108952 37.39700166 65.09508952 37.90500166 0 P 0
L 64.84108952 38.05100086 65.09508952 37.54300086 0 P 0
L 64.84108952 38.05100086 65.09508952 38.55900086 0 P 0
L 64.84108952 38.70500006 65.09508952 38.19700006 0 P 0
L 64.84108952 38.70500006 65.09508952 39.21300006 0 P 0
L 64.84108952 39.35899926 65.09508952 38.85099926 0 P 0
L 64.84108952 39.35899926 65.09508952 39.86699926 0 P 0
L 64.84108952 40.01299846 65.09508952 39.50499846 0 P 0
L 64.84108952 40.01299846 65.09508952 40.52099846 0 P 0
L 64.84108952 40.66699766 65.09508952 40.15899766 0 P 0
L 64.84108952 40.66699766 65.09508952 41.17499766 0 P 0
L 64.84108952 41.32099686 65.09508952 40.81299686 0 P 0
L 64.84108952 41.32099686 65.09508952 41.82899686 0 P 0
L 64.90074396 32.1047491 65.15474396 31.5967491 0 P 0
L 64.90074396 32.1047491 65.15474396 32.6127491 0 P 0
L 64.93734536 75.06664692 65.19134536 75.57464692 0 P 0
L 64.93734536 75.06664692 65.44534536 75.32064692 0 P 0
L 64.93734536 76.08264692 65.19134536 75.57464692 0 P 0
L 64.93734536 76.08264692 65.44534536 75.82864692 0 P 0
L 64.93907764 41.96761482 65.19307764 41.45961482 0 P 0
L 64.93907764 41.96761482 65.19307764 42.47561482 0 P 0
L 64.97143216 43.98282034 65.22543216 44.49082034 0 P 0
L 64.97143216 43.98282034 65.47943216 44.23682034 0 P 0
L 64.97143216 44.99882034 65.22543216 44.49082034 0 P 0
L 64.97143216 44.99882034 65.47943216 44.74482034 0 P 0
L 65.01533352 42.27810188 65.52333352 42.02410188 0 P 0
L 65.01533352 42.78610188 65.52333352 43.04010188 0 P 0
L 65.02672796 42.42152552 65.28072796 42.92952552 0 P 0
L 65.02672796 42.42152552 65.53472796 42.67552552 0 P 0
L 65.02672796 43.43752552 65.28072796 42.92952552 0 P 0
L 65.02672796 43.43752552 65.53472796 43.18352552 0 P 0
L 65.03336244 32.51415646 65.28736244 33.02215646 0 P 0
L 65.03336244 32.51415646 65.54136244 32.76815646 0 P 0
L 65.03336244 33.53015646 65.28736244 33.02215646 0 P 0
L 65.03336244 33.53015646 65.54136244 33.27615646 0 P 0
L 65.04534616 75.57464692 65.29934616 75.06664692 0 P 0
L 65.04534616 75.57464692 65.29934616 76.08264692 0 P 0
L 65.07943296 44.49082034 65.33343296 43.98282034 0 P 0
L 65.07943296 44.49082034 65.33343296 44.99882034 0 P 0
L 65.08647892 45.3206485 65.59447892 45.0666485 0 P 0
L 65.08647892 45.8286485 65.59447892 46.0826485 0 P 0
L 65.16291768 33.80762098 65.41691768 34.31562098 0 P 0
L 65.16291768 33.80762098 65.67091768 34.06162098 0 P 0
L 65.16291768 34.46162018 65.41691768 34.96962018 0 P 0
L 65.16291768 34.46162018 65.67091768 34.71562018 0 P 0
L 65.16291768 34.82362098 65.41691768 34.31562098 0 P 0
L 65.16291768 34.82362098 65.67091768 34.56962098 0 P 0
L 65.16291768 35.11561938 65.41691768 35.62361938 0 P 0
L 65.16291768 35.11561938 65.67091768 35.36961938 0 P 0
L 65.16291768 35.47762018 65.41691768 34.96962018 0 P 0
L 65.16291768 35.47762018 65.67091768 35.22362018 0 P 0
L 65.16291768 35.76961858 65.41691768 36.27761858 0 P 0
L 65.16291768 35.76961858 65.67091768 36.02361858 0 P 0
L 65.16291768 36.13161938 65.41691768 35.62361938 0 P 0
L 65.16291768 36.13161938 65.67091768 35.87761938 0 P 0
L 65.16291768 36.42361778 65.41691768 36.93161778 0 P 0
L 65.16291768 36.42361778 65.67091768 36.67761778 0 P 0
L 65.16291768 36.78561858 65.41691768 36.27761858 0 P 0
L 65.16291768 36.78561858 65.67091768 36.53161858 0 P 0
L 65.16291768 37.07761698 65.41691768 37.58561698 0 P 0
L 65.16291768 37.07761698 65.67091768 37.33161698 0 P 0
L 65.16291768 37.43961778 65.41691768 36.93161778 0 P 0
L 65.16291768 37.43961778 65.67091768 37.18561778 0 P 0
L 65.16291768 37.73161618 65.41691768 38.23961618 0 P 0
L 65.16291768 37.73161618 65.67091768 37.98561618 0 P 0
L 65.16291768 38.09361698 65.41691768 37.58561698 0 P 0
L 65.16291768 38.09361698 65.67091768 37.83961698 0 P 0
L 65.16291768 38.38561538 65.41691768 38.89361538 0 P 0
L 65.16291768 38.38561538 65.67091768 38.63961538 0 P 0
L 65.16291768 38.74761618 65.41691768 38.23961618 0 P 0
L 65.16291768 38.74761618 65.67091768 38.49361618 0 P 0
L 65.16291768 39.03961458 65.41691768 39.54761458 0 P 0
L 65.16291768 39.03961458 65.67091768 39.29361458 0 P 0
L 65.16291768 39.40161538 65.41691768 38.89361538 0 P 0
L 65.16291768 39.40161538 65.67091768 39.14761538 0 P 0
L 65.16291768 39.69361378 65.41691768 40.20161378 0 P 0
L 65.16291768 39.69361378 65.67091768 39.94761378 0 P 0
L 65.16291768 40.05561458 65.41691768 39.54761458 0 P 0
L 65.16291768 40.05561458 65.67091768 39.80161458 0 P 0
L 65.16291768 40.34761298 65.41691768 40.85561298 0 P 0
L 65.16291768 40.34761298 65.67091768 40.60161298 0 P 0
L 65.16291768 40.70961378 65.41691768 40.20161378 0 P 0
L 65.16291768 40.70961378 65.67091768 40.45561378 0 P 0
L 65.16291768 41.36361298 65.41691768 40.85561298 0 P 0
L 65.16291768 41.36361298 65.67091768 41.10961298 0 P 0
L 65.17028622 33.15366242 65.42428622 33.66166242 0 P 0
L 65.17028622 33.15366242 65.67828622 33.40766242 0 P 0
L 65.17028622 34.16966242 65.42428622 33.66166242 0 P 0
L 65.17028622 34.16966242 65.67828622 33.91566242 0 P 0
L 65.17357298 74.23681876 65.68157298 73.98281876 0 P 0
L 65.17357298 74.74481876 65.68157298 74.99881876 0 P 0
L 65.18169844 41.0013404 65.43569844 41.5093404 0 P 0
L 65.18169844 41.0013404 65.68969844 41.2553404 0 P 0
L 65.18169844 42.0173404 65.43569844 41.5093404 0 P 0
L 65.18169844 42.0173404 65.68969844 41.7633404 0 P 0
L 65.18800526 32.21783752 65.69600526 31.96383752 0 P 0
L 65.18800526 32.72583752 65.69600526 32.97983752 0 P 0
L 65.23247812 45.0666485 65.48647812 45.5746485 0 P 0
L 65.23247812 45.0666485 65.74047812 45.3206485 0 P 0
L 65.23247812 46.0826485 65.48647812 45.5746485 0 P 0
L 65.23247812 46.0826485 65.74047812 45.8286485 0 P 0
L 65.26933352 42.53210188 65.52333352 42.02410188 0 P 0
L 65.26933352 42.53210188 65.52333352 43.04010188 0 P 0
L 65.31957218 73.98281876 65.57357218 74.49081876 0 P 0
L 65.31957218 73.98281876 65.82757218 74.23681876 0 P 0
L 65.31957218 74.99881876 65.57357218 74.49081876 0 P 0
L 65.31957218 74.99881876 65.82757218 74.74481876 0 P 0
L 65.34047892 45.5746485 65.59447892 45.0666485 0 P 0
L 65.34047892 45.5746485 65.59447892 46.0826485 0 P 0
L 65.42757298 74.49081876 65.68157298 73.98281876 0 P 0
L 65.42757298 74.49081876 65.68157298 74.99881876 0 P 0
L 65.44200526 32.47183752 65.69600526 31.96383752 0 P 0
L 65.44200526 32.47183752 65.69600526 32.97983752 0 P 0
L 65.44534536 75.32064692 65.95334536 75.06664692 0 P 0
L 65.44534536 75.82864692 65.95334536 76.08264692 0 P 0
L 65.47943216 44.23682034 65.98743216 43.98282034 0 P 0
L 65.47943216 44.74482034 65.98743216 44.99882034 0 P 0
L 65.53472796 42.67552552 66.04272796 42.42152552 0 P 0
L 65.53472796 43.18352552 66.04272796 43.43752552 0 P 0
L 65.54136244 32.76815646 66.04936244 32.51415646 0 P 0
L 65.54136244 33.27615646 66.04936244 33.53015646 0 P 0
L 65.59134456 75.06664692 65.84534456 75.57464692 0 P 0
L 65.59134456 75.06664692 66.09934456 75.32064692 0 P 0
L 65.59134456 76.08264692 65.84534456 75.57464692 0 P 0
L 65.59134456 76.08264692 66.09934456 75.82864692 0 P 0
L 65.6197443 41.48696554 65.8737443 41.99496554 0 P 0
L 65.6197443 41.48696554 66.1277443 41.74096554 0 P 0
L 65.6197443 42.50296554 65.8737443 41.99496554 0 P 0
L 65.6197443 42.50296554 66.1277443 42.24896554 0 P 0
L 65.62543136 43.98282034 65.87943136 44.49082034 0 P 0
L 65.62543136 43.98282034 66.13343136 44.23682034 0 P 0
L 65.62543136 44.99882034 65.87943136 44.49082034 0 P 0
L 65.62543136 44.99882034 66.13343136 44.74482034 0 P 0
L 65.65769444 42.59355972 65.91169444 43.10155972 0 P 0
L 65.65769444 42.59355972 66.16569444 42.84755972 0 P 0
L 65.65769444 43.60955972 65.91169444 43.10155972 0 P 0
L 65.65769444 43.60955972 66.16569444 43.35555972 0 P 0
L 65.67091768 34.06162098 66.17891768 33.80762098 0 P 0
L 65.67091768 34.56962098 66.17891768 34.82362098 0 P 0
L 65.67091768 34.71562018 66.17891768 34.46162018 0 P 0
L 65.67091768 35.22362018 66.17891768 35.47762018 0 P 0
L 65.67091768 35.36961938 66.17891768 35.11561938 0 P 0
L 65.67091768 35.87761938 66.17891768 36.13161938 0 P 0
L 65.67091768 36.02361858 66.17891768 35.76961858 0 P 0
L 65.67091768 36.53161858 66.17891768 36.78561858 0 P 0
L 65.67091768 36.67761778 66.17891768 36.42361778 0 P 0
L 65.67091768 37.18561778 66.17891768 37.43961778 0 P 0
L 65.67091768 37.33161698 66.17891768 37.07761698 0 P 0
L 65.67091768 37.83961698 66.17891768 38.09361698 0 P 0
L 65.67091768 37.98561618 66.17891768 37.73161618 0 P 0
L 65.67091768 38.49361618 66.17891768 38.74761618 0 P 0
L 65.67091768 38.63961538 66.17891768 38.38561538 0 P 0
L 65.67091768 39.14761538 66.17891768 39.40161538 0 P 0
L 65.67091768 39.29361458 66.17891768 39.03961458 0 P 0
L 65.67091768 39.80161458 66.17891768 40.05561458 0 P 0
L 65.67091768 39.94761378 66.17891768 39.69361378 0 P 0
L 65.67091768 40.45561378 66.17891768 40.70961378 0 P 0
L 65.67091768 40.60161298 66.17891768 40.34761298 0 P 0
L 65.67091768 41.10961298 66.17891768 41.36361298 0 P 0
L 65.67828622 33.40766242 66.18628622 33.15366242 0 P 0
L 65.67828622 33.91566242 66.18628622 34.16966242 0 P 0
L 65.68969844 41.2553404 66.19769844 41.0013404 0 P 0
L 65.68969844 41.7633404 66.19769844 42.0173404 0 P 0
L 65.69934536 75.57464692 65.95334536 75.06664692 0 P 0
L 65.69934536 75.57464692 65.95334536 76.08264692 0 P 0
L 65.73343216 44.49082034 65.98743216 43.98282034 0 P 0
L 65.73343216 44.49082034 65.98743216 44.99882034 0 P 0
L 65.74047812 45.3206485 66.24847812 45.0666485 0 P 0
L 65.74047812 45.8286485 66.24847812 46.0826485 0 P 0
L 65.78872796 42.92952552 66.04272796 42.42152552 0 P 0
L 65.78872796 42.92952552 66.04272796 43.43752552 0 P 0
L 65.79536244 33.02215646 66.04936244 32.51415646 0 P 0
L 65.79536244 33.02215646 66.04936244 33.53015646 0 P 0
L 65.82757218 74.23681876 66.33557218 73.98281876 0 P 0
L 65.82757218 74.74481876 66.33557218 74.99881876 0 P 0
L 65.88647732 45.0666485 66.14047732 45.5746485 0 P 0
L 65.88647732 45.0666485 66.39447732 45.3206485 0 P 0
L 65.88647732 46.0826485 66.14047732 45.5746485 0 P 0
L 65.88647732 46.0826485 66.39447732 45.8286485 0 P 0
L 65.92491768 34.31562098 66.17891768 33.80762098 0 P 0
L 65.92491768 34.31562098 66.17891768 34.82362098 0 P 0
L 65.92491768 34.96962018 66.17891768 34.46162018 0 P 0
L 65.92491768 34.96962018 66.17891768 35.47762018 0 P 0
L 65.92491768 35.62361938 66.17891768 35.11561938 0 P 0
L 65.92491768 35.62361938 66.17891768 36.13161938 0 P 0
L 65.92491768 36.27761858 66.17891768 35.76961858 0 P 0
L 65.92491768 36.27761858 66.17891768 36.78561858 0 P 0
L 65.92491768 36.93161778 66.17891768 36.42361778 0 P 0
L 65.92491768 36.93161778 66.17891768 37.43961778 0 P 0
L 65.92491768 37.58561698 66.17891768 37.07761698 0 P 0
L 65.92491768 37.58561698 66.17891768 38.09361698 0 P 0
L 65.92491768 38.23961618 66.17891768 37.73161618 0 P 0
L 65.92491768 38.23961618 66.17891768 38.74761618 0 P 0
L 65.92491768 38.89361538 66.17891768 38.38561538 0 P 0
L 65.92491768 38.89361538 66.17891768 39.40161538 0 P 0
L 65.92491768 39.54761458 66.17891768 39.03961458 0 P 0
L 65.92491768 39.54761458 66.17891768 40.05561458 0 P 0
L 65.92491768 40.20161378 66.17891768 39.69361378 0 P 0
L 65.92491768 40.20161378 66.17891768 40.70961378 0 P 0
L 65.92491768 40.85561298 66.17891768 40.34761298 0 P 0
L 65.92491768 40.85561298 66.17891768 41.36361298 0 P 0
L 65.93228622 33.66166242 66.18628622 33.15366242 0 P 0
L 65.93228622 33.66166242 66.18628622 34.16966242 0 P 0
L 65.94369844 41.5093404 66.19769844 41.0013404 0 P 0
L 65.94369844 41.5093404 66.19769844 42.0173404 0 P 0
L 65.97357138 73.98281876 66.22757138 74.49081876 0 P 0
L 65.97357138 73.98281876 66.48157138 74.23681876 0 P 0
L 65.97357138 74.99881876 66.22757138 74.49081876 0 P 0
L 65.97357138 74.99881876 66.48157138 74.74481876 0 P 0
L 65.99447812 45.5746485 66.24847812 45.0666485 0 P 0
L 65.99447812 45.5746485 66.24847812 46.0826485 0 P 0
L 66.08157218 74.49081876 66.33557218 73.98281876 0 P 0
L 66.08157218 74.49081876 66.33557218 74.99881876 0 P 0
L 66.09934456 75.32064692 66.60734456 75.06664692 0 P 0
L 66.09934456 75.82864692 66.60734456 76.08264692 0 P 0
L 66.1277443 41.74096554 66.6357443 41.48696554 0 P 0
L 66.1277443 42.24896554 66.6357443 42.50296554 0 P 0
L 66.13343136 44.23682034 66.64143136 43.98282034 0 P 0
L 66.13343136 44.74482034 66.64143136 44.99882034 0 P 0
L 66.16569444 42.84755972 66.67369444 42.59355972 0 P 0
L 66.16569444 43.35555972 66.67369444 43.60955972 0 P 0
L 66.18164564 42.55849756 66.43564564 43.06649756 0 P 0
L 66.18164564 42.55849756 66.68964564 42.81249756 0 P 0
L 66.18164564 43.57449756 66.43564564 43.06649756 0 P 0
L 66.18164564 43.57449756 66.68964564 43.32049756 0 P 0
L 66.24534376 75.06664692 66.49934376 75.57464692 0 P 0
L 66.24534376 75.06664692 66.75334376 75.32064692 0 P 0
L 66.24534376 76.08264692 66.49934376 75.57464692 0 P 0
L 66.24534376 76.08264692 66.75334376 75.82864692 0 P 0
L 66.24658328 41.3004508 66.50058328 41.8084508 0 P 0
L 66.24658328 41.3004508 66.75458328 41.5544508 0 P 0
L 66.24658328 42.3164508 66.50058328 41.8084508 0 P 0
L 66.24658328 42.3164508 66.75458328 42.0624508 0 P 0
L 66.27943056 43.98282034 66.53343056 44.49082034 0 P 0
L 66.27943056 43.98282034 66.78743056 44.23682034 0 P 0
L 66.27943056 44.99882034 66.53343056 44.49082034 0 P 0
L 66.27943056 44.99882034 66.78743056 44.74482034 0 P 0
L 66.35334456 75.57464692 66.60734456 75.06664692 0 P 0
L 66.35334456 75.57464692 66.60734456 76.08264692 0 P 0
L 66.3817443 41.99496554 66.6357443 41.48696554 0 P 0
L 66.3817443 41.99496554 66.6357443 42.50296554 0 P 0
L 66.38743136 44.49082034 66.64143136 43.98282034 0 P 0
L 66.38743136 44.49082034 66.64143136 44.99882034 0 P 0
L 66.39447732 45.3206485 66.90247732 45.0666485 0 P 0
L 66.39447732 45.8286485 66.90247732 46.0826485 0 P 0
L 66.41008816 38.70522104 66.66408816 39.21322104 0 P 0
L 66.41008816 38.70522104 66.91808816 38.95922104 0 P 0
L 66.41008816 39.35922024 66.66408816 39.86722024 0 P 0
L 66.41008816 39.35922024 66.91808816 39.61322024 0 P 0
L 66.41008816 39.72122104 66.66408816 39.21322104 0 P 0
L 66.41008816 39.72122104 66.91808816 39.46722104 0 P 0
L 66.41008816 40.01321944 66.66408816 40.52121944 0 P 0
L 66.41008816 40.01321944 66.91808816 40.26721944 0 P 0
L 66.41008816 40.37522024 66.66408816 39.86722024 0 P 0
L 66.41008816 40.37522024 66.91808816 40.12122024 0 P 0
L 66.41008816 40.66721864 66.66408816 41.17521864 0 P 0
L 66.41008816 40.66721864 66.91808816 40.92121864 0 P 0
L 66.41008816 41.02921944 66.66408816 40.52121944 0 P 0
L 66.41008816 41.02921944 66.91808816 40.77521944 0 P 0
L 66.41008816 41.68321864 66.66408816 41.17521864 0 P 0
L 66.41008816 41.68321864 66.91808816 41.42921864 0 P 0
L 66.41679376 38.0512574 66.67079376 38.5592574 0 P 0
L 66.41679376 38.0512574 66.92479376 38.3052574 0 P 0
L 66.41679376 39.0672574 66.67079376 38.5592574 0 P 0
L 66.41679376 39.0672574 66.92479376 38.8132574 0 P 0
L 66.41969444 43.10155972 66.67369444 42.59355972 0 P 0
L 66.41969444 43.10155972 66.67369444 43.60955972 0 P 0
L 66.48157138 74.23681876 66.98957138 73.98281876 0 P 0
L 66.48157138 74.74481876 66.98957138 74.99881876 0 P 0
L 66.54047652 45.0666485 66.79447652 45.5746485 0 P 0
L 66.54047652 45.0666485 67.04847652 45.3206485 0 P 0
L 66.54047652 46.0826485 66.79447652 45.5746485 0 P 0
L 66.54047652 46.0826485 67.04847652 45.8286485 0 P 0
L 66.5914721 37.42101736 66.8454721 37.92901736 0 P 0
L 66.5914721 37.42101736 67.0994721 37.67501736 0 P 0
L 66.5914721 38.43701736 66.8454721 37.92901736 0 P 0
L 66.5914721 38.43701736 67.0994721 38.18301736 0 P 0
L 66.62757058 73.98281876 66.88157058 74.49081876 0 P 0
L 66.62757058 73.98281876 67.13557058 74.23681876 0 P 0
L 66.62757058 74.99881876 66.88157058 74.49081876 0 P 0
L 66.62757058 74.99881876 67.13557058 74.74481876 0 P 0
L 66.64847732 45.5746485 66.90247732 45.0666485 0 P 0
L 66.64847732 45.5746485 66.90247732 46.0826485 0 P 0
L 66.68964564 42.81249756 67.19764564 42.55849756 0 P 0
L 66.68964564 43.32049756 67.19764564 43.57449756 0 P 0
L 66.73557138 74.49081876 66.98957138 73.98281876 0 P 0
L 66.73557138 74.49081876 66.98957138 74.99881876 0 P 0
L 66.75334376 75.32064692 67.26134376 75.06664692 0 P 0
L 66.75334376 75.82864692 67.26134376 76.08264692 0 P 0
L 66.75458328 41.5544508 67.26258328 41.3004508 0 P 0
L 66.75458328 42.0624508 67.26258328 42.3164508 0 P 0
L 66.7742378 42.28182298 67.0282378 42.78982298 0 P 0
L 66.7742378 42.28182298 67.2822378 42.53582298 0 P 0
L 66.7742378 43.29782298 67.0282378 42.78982298 0 P 0
L 66.7742378 43.29782298 67.2822378 43.04382298 0 P 0
L 66.78743056 44.23682034 67.29543056 43.98282034 0 P 0
L 66.78743056 44.74482034 67.29543056 44.99882034 0 P 0
L 66.89934296 75.06664692 67.15334296 75.57464692 0 P 0
L 66.89934296 75.06664692 67.40734296 75.32064692 0 P 0
L 66.89934296 76.08264692 67.15334296 75.57464692 0 P 0
L 66.89934296 76.08264692 67.40734296 75.82864692 0 P 0
L 66.91808816 38.95922104 67.42608816 38.70522104 0 P 0
L 66.91808816 39.46722104 67.42608816 39.72122104 0 P 0
L 66.91808816 39.61322024 67.42608816 39.35922024 0 P 0
L 66.91808816 40.12122024 67.42608816 40.37522024 0 P 0
L 66.91808816 40.26721944 67.42608816 40.01321944 0 P 0
L 66.91808816 40.77521944 67.42608816 41.02921944 0 P 0
L 66.91808816 40.92121864 67.42608816 40.66721864 0 P 0
L 66.91808816 41.42921864 67.42608816 41.68321864 0 P 0
L 66.92479376 38.3052574 67.43279376 38.0512574 0 P 0
L 66.92479376 38.8132574 67.43279376 39.0672574 0 P 0
L 66.93342976 43.98282034 67.18742976 44.49082034 0 P 0
L 66.93342976 43.98282034 67.44142976 44.23682034 0 P 0
L 66.93342976 44.99882034 67.18742976 44.49082034 0 P 0
L 66.93342976 44.99882034 67.44142976 44.74482034 0 P 0
L 66.94364564 43.06649756 67.19764564 42.55849756 0 P 0
L 66.94364564 43.06649756 67.19764564 43.57449756 0 P 0
L 66.99319342 36.90494016 67.24719342 37.41294016 0 P 0
L 66.99319342 36.90494016 67.50119342 37.15894016 0 P 0
L 66.99319342 37.92094016 67.24719342 37.41294016 0 P 0
L 66.99319342 37.92094016 67.50119342 37.66694016 0 P 0
L 67.00734376 75.57464692 67.26134376 75.06664692 0 P 0
L 67.00734376 75.57464692 67.26134376 76.08264692 0 P 0
L 67.00858328 41.8084508 67.26258328 41.3004508 0 P 0
L 67.00858328 41.8084508 67.26258328 42.3164508 0 P 0
L 67.04143056 44.49082034 67.29543056 43.98282034 0 P 0
L 67.04143056 44.49082034 67.29543056 44.99882034 0 P 0
L 67.04847652 45.3206485 67.55647652 45.0666485 0 P 0
L 67.04847652 45.8286485 67.55647652 46.0826485 0 P 0
L 67.0994721 37.67501736 67.6074721 37.42101736 0 P 0
L 67.0994721 38.18301736 67.6074721 38.43701736 0 P 0
L 67.13557058 74.23681876 67.64357058 73.98281876 0 P 0
L 67.13557058 74.74481876 67.64357058 74.99881876 0 P 0
L 67.17208816 39.21322104 67.42608816 38.70522104 0 P 0
L 67.17208816 39.21322104 67.42608816 39.72122104 0 P 0
L 67.17208816 39.86722024 67.42608816 39.35922024 0 P 0
L 67.17208816 39.86722024 67.42608816 40.37522024 0 P 0
L 67.17208816 40.52121944 67.42608816 40.01321944 0 P 0
L 67.17208816 40.52121944 67.42608816 41.02921944 0 P 0
L 67.17208816 41.17521864 67.42608816 40.66721864 0 P 0
L 67.17208816 41.17521864 67.42608816 41.68321864 0 P 0
L 67.17879376 38.5592574 67.43279376 38.0512574 0 P 0
L 67.17879376 38.5592574 67.43279376 39.0672574 0 P 0
L 67.19447572 45.0666485 67.44847572 45.5746485 0 P 0
L 67.19447572 45.0666485 67.70247572 45.3206485 0 P 0
L 67.19447572 46.0826485 67.44847572 45.5746485 0 P 0
L 67.19447572 46.0826485 67.70247572 45.8286485 0 P 0
L 67.22875048 41.811575 67.48275048 42.319575 0 P 0
L 67.22875048 41.811575 67.73675048 42.065575 0 P 0
L 67.22875048 42.827575 67.48275048 42.319575 0 P 0
L 67.22875048 42.827575 67.73675048 42.573575 0 P 0
L 67.28156978 73.98281876 67.53556978 74.49081876 0 P 0
L 67.28156978 73.98281876 67.78956978 74.23681876 0 P 0
L 67.28156978 74.99881876 67.53556978 74.49081876 0 P 0
L 67.28156978 74.99881876 67.78956978 74.74481876 0 P 0
L 67.2822378 42.53582298 67.7902378 42.28182298 0 P 0
L 67.2822378 43.04382298 67.7902378 43.29782298 0 P 0
L 67.30247652 45.5746485 67.55647652 45.0666485 0 P 0
L 67.30247652 45.5746485 67.55647652 46.0826485 0 P 0
L 67.3534721 37.92901736 67.6074721 37.42101736 0 P 0
L 67.3534721 37.92901736 67.6074721 38.43701736 0 P 0
L 67.38957058 74.49081876 67.64357058 73.98281876 0 P 0
L 67.38957058 74.49081876 67.64357058 74.99881876 0 P 0
L 67.40734296 75.32064692 67.91534296 75.06664692 0 P 0
L 67.40734296 75.82864692 67.91534296 76.08264692 0 P 0
L 67.44142976 44.23682034 67.94942976 43.98282034 0 P 0
L 67.44142976 44.74482034 67.94942976 44.99882034 0 P 0
L 67.46470632 41.20162448 67.71870632 41.70962448 0 P 0
L 67.46470632 41.20162448 67.97270632 41.45562448 0 P 0
L 67.46470632 42.21762448 67.71870632 41.70962448 0 P 0
L 67.46470632 42.21762448 67.97270632 41.96362448 0 P 0
L 67.49391632 38.58628046 67.74791632 39.09428046 0 P 0
L 67.49391632 38.58628046 68.00191632 38.84028046 0 P 0
L 67.49391632 39.24027966 67.74791632 39.74827966 0 P 0
L 67.49391632 39.24027966 68.00191632 39.49427966 0 P 0
L 67.49391632 39.60228046 67.74791632 39.09428046 0 P 0
L 67.49391632 39.60228046 68.00191632 39.34828046 0 P 0
L 67.49391632 39.89427886 67.74791632 40.40227886 0 P 0
L 67.49391632 39.89427886 68.00191632 40.14827886 0 P 0
L 67.49391632 40.25627966 67.74791632 39.74827966 0 P 0
L 67.49391632 40.25627966 68.00191632 40.00227966 0 P 0
L 67.49391632 40.54827806 67.74791632 41.05627806 0 P 0
L 67.49391632 40.54827806 68.00191632 40.80227806 0 P 0
L 67.49391632 40.91027886 67.74791632 40.40227886 0 P 0
L 67.49391632 40.91027886 68.00191632 40.65627886 0 P 0
L 67.49391632 41.56427806 67.74791632 41.05627806 0 P 0
L 67.49391632 41.56427806 68.00191632 41.31027806 0 P 0
L 67.50119342 37.15894016 68.00919342 36.90494016 0 P 0
L 67.50119342 37.66694016 68.00919342 37.92094016 0 P 0
L 67.5362378 42.78982298 67.7902378 42.28182298 0 P 0
L 67.5362378 42.78982298 67.7902378 43.29782298 0 P 0
L 67.55334216 75.06664692 67.80734216 75.57464692 0 P 0
L 67.55334216 75.06664692 68.06134216 75.32064692 0 P 0
L 67.55334216 76.08264692 67.80734216 75.57464692 0 P 0
L 67.55334216 76.08264692 68.06134216 75.82864692 0 P 0
L 67.55856948 37.9354842 67.81256948 38.4434842 0 P 0
L 67.55856948 37.9354842 68.06656948 38.1894842 0 P 0
L 67.55856948 38.9514842 67.81256948 38.4434842 0 P 0
L 67.55856948 38.9514842 68.06656948 38.6974842 0 P 0
L 67.55905716 36.57704902 67.81305716 37.08504902 0 P 0
L 67.55905716 36.57704902 68.06705716 36.83104902 0 P 0
L 67.55905716 37.59304902 67.81305716 37.08504902 0 P 0
L 67.55905716 37.59304902 68.06705716 37.33904902 0 P 0
L 67.58742896 43.98282034 67.84142896 44.49082034 0 P 0
L 67.58742896 43.98282034 68.09542896 44.23682034 0 P 0
L 67.58742896 44.99882034 67.84142896 44.49082034 0 P 0
L 67.58742896 44.99882034 68.09542896 44.74482034 0 P 0
L 67.66134296 75.57464692 67.91534296 75.06664692 0 P 0
L 67.66134296 75.57464692 67.91534296 76.08264692 0 P 0
L 67.69542976 44.49082034 67.94942976 43.98282034 0 P 0
L 67.69542976 44.49082034 67.94942976 44.99882034 0 P 0
L 67.70247572 45.3206485 68.21047572 45.0666485 0 P 0
L 67.70247572 45.8286485 68.21047572 46.0826485 0 P 0
L 67.73675048 42.065575 68.24475048 41.811575 0 P 0
L 67.73675048 42.573575 68.24475048 42.827575 0 P 0
L 67.75519342 37.41294016 68.00919342 36.90494016 0 P 0
L 67.75519342 37.41294016 68.00919342 37.92094016 0 P 0
L 67.78956978 74.23681876 68.29756978 73.98281876 0 P 0
L 67.78956978 74.74481876 68.29756978 74.99881876 0 P 0
L 67.84847492 45.0666485 68.10247492 45.5746485 0 P 0
L 67.84847492 45.0666485 68.35647492 45.3206485 0 P 0
L 67.84847492 46.0826485 68.10247492 45.5746485 0 P 0
L 67.84847492 46.0826485 68.35647492 45.8286485 0 P 0
L 67.93556898 73.98281876 68.18956898 74.49081876 0 P 0
L 67.93556898 73.98281876 68.44356898 74.23681876 0 P 0
L 67.93556898 74.99881876 68.18956898 74.49081876 0 P 0
L 67.93556898 74.99881876 68.44356898 74.74481876 0 P 0
L 67.95647572 45.5746485 68.21047572 45.0666485 0 P 0
L 67.95647572 45.5746485 68.21047572 46.0826485 0 P 0
L 67.97270632 41.45562448 68.48070632 41.20162448 0 P 0
L 67.97270632 41.96362448 68.48070632 42.21762448 0 P 0
L 67.99075048 42.319575 68.24475048 41.811575 0 P 0
L 67.99075048 42.319575 68.24475048 42.827575 0 P 0
L 68.00191632 38.84028046 68.50991632 38.58628046 0 P 0
L 68.00191632 39.34828046 68.50991632 39.60228046 0 P 0
L 68.00191632 39.49427966 68.50991632 39.24027966 0 P 0
L 68.00191632 40.00227966 68.50991632 40.25627966 0 P 0
L 68.00191632 40.14827886 68.50991632 39.89427886 0 P 0
L 68.00191632 40.65627886 68.50991632 40.91027886 0 P 0
L 68.00191632 40.80227806 68.50991632 40.54827806 0 P 0
L 68.00191632 41.31027806 68.50991632 41.56427806 0 P 0
L 68.04356978 74.49081876 68.29756978 73.98281876 0 P 0
L 68.04356978 74.49081876 68.29756978 74.99881876 0 P 0
L 68.06134216 75.32064692 68.56934216 75.06664692 0 P 0
L 68.06134216 75.82864692 68.56934216 76.08264692 0 P 0
L 68.06656948 38.1894842 68.57456948 37.9354842 0 P 0
L 68.06656948 38.6974842 68.57456948 38.9514842 0 P 0
L 68.06705716 36.83104902 68.57505716 36.57704902 0 P 0
L 68.06705716 37.33904902 68.57505716 37.59304902 0 P 0
L 68.09542896 44.23682034 68.60342896 43.98282034 0 P 0
L 68.09542896 44.74482034 68.60342896 44.99882034 0 P 0
L 68.10300578 37.5731278 68.35700578 38.0811278 0 P 0
L 68.10300578 37.5731278 68.61100578 37.8271278 0 P 0
L 68.10300578 38.5891278 68.35700578 38.0811278 0 P 0
L 68.10300578 38.5891278 68.61100578 38.3351278 0 P 0
L 68.20626948 36.4830741 68.46026948 36.9910741 0 P 0
L 68.20626948 36.4830741 68.71426948 36.7370741 0 P 0
L 68.20626948 37.4990741 68.46026948 36.9910741 0 P 0
L 68.20626948 37.4990741 68.71426948 37.2450741 0 P 0
L 68.20734136 75.06664692 68.46134136 75.57464692 0 P 0
L 68.20734136 75.06664692 68.71534136 75.32064692 0 P 0
L 68.20734136 76.08264692 68.46134136 75.57464692 0 P 0
L 68.20734136 76.08264692 68.71534136 75.82864692 0 P 0
L 68.22670632 41.70962448 68.48070632 41.20162448 0 P 0
L 68.22670632 41.70962448 68.48070632 42.21762448 0 P 0
L 68.24142816 43.98282034 68.49542816 44.49082034 0 P 0
L 68.24142816 43.98282034 68.74942816 44.23682034 0 P 0
L 68.24142816 44.99882034 68.49542816 44.49082034 0 P 0
L 68.24142816 44.99882034 68.74942816 44.74482034 0 P 0
L 68.25591632 39.09428046 68.50991632 38.58628046 0 P 0
L 68.25591632 39.09428046 68.50991632 39.60228046 0 P 0
L 68.25591632 39.74827966 68.50991632 39.24027966 0 P 0
L 68.25591632 39.74827966 68.50991632 40.25627966 0 P 0
L 68.25591632 40.40227886 68.50991632 39.89427886 0 P 0
L 68.25591632 40.40227886 68.50991632 40.91027886 0 P 0
L 68.25591632 41.05627806 68.50991632 40.54827806 0 P 0
L 68.25591632 41.05627806 68.50991632 41.56427806 0 P 0
L 68.31534216 75.57464692 68.56934216 75.06664692 0 P 0
L 68.31534216 75.57464692 68.56934216 76.08264692 0 P 0
L 68.32056948 38.4434842 68.57456948 37.9354842 0 P 0
L 68.32056948 38.4434842 68.57456948 38.9514842 0 P 0
L 68.32105716 37.08504902 68.57505716 36.57704902 0 P 0
L 68.32105716 37.08504902 68.57505716 37.59304902 0 P 0
L 68.34942896 44.49082034 68.60342896 43.98282034 0 P 0
L 68.34942896 44.49082034 68.60342896 44.99882034 0 P 0
L 68.35647492 45.3206485 68.86447492 45.0666485 0 P 0
L 68.35647492 45.8286485 68.86447492 46.0826485 0 P 0
L 68.44356898 74.23681876 68.95156898 73.98281876 0 P 0
L 68.44356898 74.74481876 68.95156898 74.99881876 0 P 0
L 68.50247412 45.0666485 68.75647412 45.5746485 0 P 0
L 68.50247412 45.0666485 69.01047412 45.3206485 0 P 0
L 68.50247412 46.0826485 68.75647412 45.5746485 0 P 0
L 68.50247412 46.0826485 69.01047412 45.8286485 0 P 0
L 68.58956818 73.98281876 68.84356818 74.49081876 0 P 0
L 68.58956818 73.98281876 69.09756818 74.23681876 0 P 0
L 68.58956818 74.99881876 68.84356818 74.49081876 0 P 0
L 68.58956818 74.99881876 69.09756818 74.74481876 0 P 0
L 68.61047492 45.5746485 68.86447492 45.0666485 0 P 0
L 68.61047492 45.5746485 68.86447492 46.0826485 0 P 0
L 68.61100578 37.8271278 69.11900578 37.5731278 0 P 0
L 68.61100578 38.3351278 69.11900578 38.5891278 0 P 0
L 68.69756898 74.49081876 68.95156898 73.98281876 0 P 0
L 68.69756898 74.49081876 68.95156898 74.99881876 0 P 0
L 68.71426948 36.7370741 69.22226948 36.4830741 0 P 0
L 68.71426948 37.2450741 69.22226948 37.4990741 0 P 0
L 68.71534136 75.32064692 69.22334136 75.06664692 0 P 0
L 68.71534136 75.82864692 69.22334136 76.08264692 0 P 0
L 68.74942816 44.23682034 69.25742816 43.98282034 0 P 0
L 68.74942816 44.74482034 69.25742816 44.99882034 0 P 0
L 68.7569745 37.56690226 69.0109745 38.07490226 0 P 0
L 68.7569745 37.56690226 69.2649745 37.82090226 0 P 0
L 68.7569745 38.58290226 69.0109745 38.07490226 0 P 0
L 68.7569745 38.58290226 69.2649745 38.32890226 0 P 0
L 68.86026868 36.4830741 69.11426868 36.9910741 0 P 0
L 68.86026868 36.4830741 69.36826868 36.7370741 0 P 0
L 68.86026868 37.4990741 69.11426868 36.9910741 0 P 0
L 68.86026868 37.4990741 69.36826868 37.2450741 0 P 0
L 68.86134056 75.06664692 69.11534056 75.57464692 0 P 0
L 68.86134056 75.06664692 69.36934056 75.32064692 0 P 0
L 68.86134056 76.08264692 69.11534056 75.57464692 0 P 0
L 68.86134056 76.08264692 69.36934056 75.82864692 0 P 0
L 68.86500578 38.0811278 69.11900578 37.5731278 0 P 0
L 68.86500578 38.0811278 69.11900578 38.5891278 0 P 0
L 68.89542736 43.98282034 69.14942736 44.49082034 0 P 0
L 68.89542736 43.98282034 69.40342736 44.23682034 0 P 0
L 68.89542736 44.99882034 69.14942736 44.49082034 0 P 0
L 68.89542736 44.99882034 69.40342736 44.74482034 0 P 0
L 68.96826948 36.9910741 69.22226948 36.4830741 0 P 0
L 68.96826948 36.9910741 69.22226948 37.4990741 0 P 0
L 68.96934136 75.57464692 69.22334136 75.06664692 0 P 0
L 68.96934136 75.57464692 69.22334136 76.08264692 0 P 0
L 69.00342816 44.49082034 69.25742816 43.98282034 0 P 0
L 69.00342816 44.49082034 69.25742816 44.99882034 0 P 0
L 69.01047412 45.3206485 69.51847412 45.0666485 0 P 0
L 69.01047412 45.8286485 69.51847412 46.0826485 0 P 0
L 69.09756818 74.23681876 69.60556818 73.98281876 0 P 0
L 69.09756818 74.74481876 69.60556818 74.99881876 0 P 0
L 69.15647332 45.0666485 69.41047332 45.5746485 0 P 0
L 69.15647332 45.0666485 69.66447332 45.3206485 0 P 0
L 69.15647332 46.0826485 69.41047332 45.5746485 0 P 0
L 69.15647332 46.0826485 69.66447332 45.8286485 0 P 0
L 69.24356738 73.98281876 69.49756738 74.49081876 0 P 0
L 69.24356738 73.98281876 69.75156738 74.23681876 0 P 0
L 69.24356738 74.99881876 69.49756738 74.49081876 0 P 0
L 69.24356738 74.99881876 69.75156738 74.74481876 0 P 0
L 69.26447412 45.5746485 69.51847412 45.0666485 0 P 0
L 69.26447412 45.5746485 69.51847412 46.0826485 0 P 0
L 69.2649745 37.82090226 69.7729745 37.56690226 0 P 0
L 69.2649745 38.32890226 69.7729745 38.58290226 0 P 0
L 69.35156818 74.49081876 69.60556818 73.98281876 0 P 0
L 69.35156818 74.49081876 69.60556818 74.99881876 0 P 0
L 69.36826868 36.7370741 69.87626868 36.4830741 0 P 0
L 69.36826868 37.2450741 69.87626868 37.4990741 0 P 0
L 69.36934056 75.32064692 69.87734056 75.06664692 0 P 0
L 69.36934056 75.82864692 69.87734056 76.08264692 0 P 0
L 69.40342736 44.23682034 69.91142736 43.98282034 0 P 0
L 69.40342736 44.74482034 69.91142736 44.99882034 0 P 0
L 69.4109737 37.56690226 69.6649737 38.07490226 0 P 0
L 69.4109737 37.56690226 69.9189737 37.82090226 0 P 0
L 69.4109737 38.58290226 69.6649737 38.07490226 0 P 0
L 69.4109737 38.58290226 69.9189737 38.32890226 0 P 0
L 69.51426788 36.4830741 69.76826788 36.9910741 0 P 0
L 69.51426788 36.4830741 70.02226788 36.7370741 0 P 0
L 69.51426788 37.4990741 69.76826788 36.9910741 0 P 0
L 69.51426788 37.4990741 70.02226788 37.2450741 0 P 0
L 69.51533976 75.06664692 69.76933976 75.57464692 0 P 0
L 69.51533976 75.06664692 70.02333976 75.32064692 0 P 0
L 69.51533976 76.08264692 69.76933976 75.57464692 0 P 0
L 69.51533976 76.08264692 70.02333976 75.82864692 0 P 0
L 69.5189745 38.07490226 69.7729745 37.56690226 0 P 0
L 69.5189745 38.07490226 69.7729745 38.58290226 0 P 0
L 69.54942656 43.98282034 69.80342656 44.49082034 0 P 0
L 69.54942656 43.98282034 70.05742656 44.23682034 0 P 0
L 69.54942656 44.99882034 69.80342656 44.49082034 0 P 0
L 69.54942656 44.99882034 70.05742656 44.74482034 0 P 0
L 69.62226868 36.9910741 69.87626868 36.4830741 0 P 0
L 69.62226868 36.9910741 69.87626868 37.4990741 0 P 0
L 69.62334056 75.57464692 69.87734056 75.06664692 0 P 0
L 69.62334056 75.57464692 69.87734056 76.08264692 0 P 0
L 69.65742736 44.49082034 69.91142736 43.98282034 0 P 0
L 69.65742736 44.49082034 69.91142736 44.99882034 0 P 0
L 69.66447332 45.3206485 70.17247332 45.0666485 0 P 0
L 69.66447332 45.8286485 70.17247332 46.0826485 0 P 0
L 69.75156738 74.23681876 70.25956738 73.98281876 0 P 0
L 69.75156738 74.74481876 70.25956738 74.99881876 0 P 0
L 69.81047252 45.0666485 70.06447252 45.5746485 0 P 0
L 69.81047252 45.0666485 70.31847252 45.3206485 0 P 0
L 69.81047252 46.0826485 70.06447252 45.5746485 0 P 0
L 69.81047252 46.0826485 70.31847252 45.8286485 0 P 0
L 69.89756658 73.98281876 70.15156658 74.49081876 0 P 0
L 69.89756658 73.98281876 70.40556658 74.23681876 0 P 0
L 69.89756658 74.99881876 70.15156658 74.49081876 0 P 0
L 69.89756658 74.99881876 70.40556658 74.74481876 0 P 0
L 69.91847332 45.5746485 70.17247332 45.0666485 0 P 0
L 69.91847332 45.5746485 70.17247332 46.0826485 0 P 0
L 69.9189737 37.82090226 70.4269737 37.56690226 0 P 0
L 69.9189737 38.32890226 70.4269737 38.58290226 0 P 0
L 70.00556738 74.49081876 70.25956738 73.98281876 0 P 0
L 70.00556738 74.49081876 70.25956738 74.99881876 0 P 0
L 70.02226788 36.7370741 70.53026788 36.4830741 0 P 0
L 70.02226788 37.2450741 70.53026788 37.4990741 0 P 0
L 70.02333976 75.32064692 70.53133976 75.06664692 0 P 0
L 70.02333976 75.82864692 70.53133976 76.08264692 0 P 0
L 70.05742656 44.23682034 70.56542656 43.98282034 0 P 0
L 70.05742656 44.74482034 70.56542656 44.99882034 0 P 0
L 70.0649729 37.56690226 70.3189729 38.07490226 0 P 0
L 70.0649729 37.56690226 70.5729729 37.82090226 0 P 0
L 70.0649729 38.58290226 70.3189729 38.07490226 0 P 0
L 70.0649729 38.58290226 70.5729729 38.32890226 0 P 0
L 70.16826708 36.4830741 70.42226708 36.9910741 0 P 0
L 70.16826708 36.4830741 70.67626708 36.7370741 0 P 0
L 70.16826708 37.4990741 70.42226708 36.9910741 0 P 0
L 70.16826708 37.4990741 70.67626708 37.2450741 0 P 0
L 70.16933896 75.06664692 70.42333896 75.57464692 0 P 0
L 70.16933896 75.06664692 70.67733896 75.32064692 0 P 0
L 70.16933896 76.08264692 70.42333896 75.57464692 0 P 0
L 70.16933896 76.08264692 70.67733896 75.82864692 0 P 0
L 70.1729737 38.07490226 70.4269737 37.56690226 0 P 0
L 70.1729737 38.07490226 70.4269737 38.58290226 0 P 0
L 70.20342576 43.98282034 70.45742576 44.49082034 0 P 0
L 70.20342576 43.98282034 70.71142576 44.23682034 0 P 0
L 70.20342576 44.99882034 70.45742576 44.49082034 0 P 0
L 70.20342576 44.99882034 70.71142576 44.74482034 0 P 0
L 70.27626788 36.9910741 70.53026788 36.4830741 0 P 0
L 70.27626788 36.9910741 70.53026788 37.4990741 0 P 0
L 70.27733976 75.57464692 70.53133976 75.06664692 0 P 0
L 70.27733976 75.57464692 70.53133976 76.08264692 0 P 0
L 70.31142656 44.49082034 70.56542656 43.98282034 0 P 0
L 70.31142656 44.49082034 70.56542656 44.99882034 0 P 0
L 70.31847252 45.3206485 70.82647252 45.0666485 0 P 0
L 70.31847252 45.8286485 70.82647252 46.0826485 0 P 0
L 70.40556658 74.23681876 70.91356658 73.98281876 0 P 0
L 70.40556658 74.74481876 70.91356658 74.99881876 0 P 0
L 70.46447172 45.0666485 70.71847172 45.5746485 0 P 0
L 70.46447172 45.0666485 70.97247172 45.3206485 0 P 0
L 70.46447172 46.0826485 70.71847172 45.5746485 0 P 0
L 70.46447172 46.0826485 70.97247172 45.8286485 0 P 0
L 70.55156578 73.98281876 70.80556578 74.49081876 0 P 0
L 70.55156578 73.98281876 71.05956578 74.23681876 0 P 0
L 70.55156578 74.99881876 70.80556578 74.49081876 0 P 0
L 70.55156578 74.99881876 71.05956578 74.74481876 0 P 0
L 70.57247252 45.5746485 70.82647252 45.0666485 0 P 0
L 70.57247252 45.5746485 70.82647252 46.0826485 0 P 0
L 70.5729729 37.82090226 71.0809729 37.56690226 0 P 0
L 70.5729729 38.32890226 71.0809729 38.58290226 0 P 0
L 70.65956658 74.49081876 70.91356658 73.98281876 0 P 0
L 70.65956658 74.49081876 70.91356658 74.99881876 0 P 0
L 70.67626708 36.7370741 71.18426708 36.4830741 0 P 0
L 70.67626708 37.2450741 71.18426708 37.4990741 0 P 0
L 70.67733896 75.32064692 71.18533896 75.06664692 0 P 0
L 70.67733896 75.82864692 71.18533896 76.08264692 0 P 0
L 70.71142576 44.23682034 71.21942576 43.98282034 0 P 0
L 70.71142576 44.74482034 71.21942576 44.99882034 0 P 0
L 70.7189721 37.56690226 70.9729721 38.07490226 0 P 0
L 70.7189721 37.56690226 71.2269721 37.82090226 0 P 0
L 70.7189721 38.58290226 70.9729721 38.07490226 0 P 0
L 70.7189721 38.58290226 71.2269721 38.32890226 0 P 0
L 70.82226628 36.4830741 71.07626628 36.9910741 0 P 0
L 70.82226628 36.4830741 71.33026628 36.7370741 0 P 0
L 70.82226628 37.4990741 71.07626628 36.9910741 0 P 0
L 70.82226628 37.4990741 71.33026628 37.2450741 0 P 0
L 70.82333816 75.06664692 71.07733816 75.57464692 0 P 0
L 70.82333816 75.06664692 71.33133816 75.32064692 0 P 0
L 70.82333816 76.08264692 71.07733816 75.57464692 0 P 0
L 70.82333816 76.08264692 71.33133816 75.82864692 0 P 0
L 70.8269729 38.07490226 71.0809729 37.56690226 0 P 0
L 70.8269729 38.07490226 71.0809729 38.58290226 0 P 0
L 70.85742496 43.98282034 71.11142496 44.49082034 0 P 0
L 70.85742496 43.98282034 71.36542496 44.23682034 0 P 0
L 70.85742496 44.99882034 71.11142496 44.49082034 0 P 0
L 70.85742496 44.99882034 71.36542496 44.74482034 0 P 0
L 70.93026708 36.9910741 71.18426708 36.4830741 0 P 0
L 70.93026708 36.9910741 71.18426708 37.4990741 0 P 0
L 70.93133896 75.57464692 71.18533896 75.06664692 0 P 0
L 70.93133896 75.57464692 71.18533896 76.08264692 0 P 0
L 70.96542576 44.49082034 71.21942576 43.98282034 0 P 0
L 70.96542576 44.49082034 71.21942576 44.99882034 0 P 0
L 70.97247172 45.3206485 71.48047172 45.0666485 0 P 0
L 70.97247172 45.8286485 71.48047172 46.0826485 0 P 0
L 71.05956578 74.23681876 71.56756578 73.98281876 0 P 0
L 71.05956578 74.74481876 71.56756578 74.99881876 0 P 0
L 71.11847092 45.0666485 71.37247092 45.5746485 0 P 0
L 71.11847092 45.0666485 71.62647092 45.3206485 0 P 0
L 71.11847092 46.0826485 71.37247092 45.5746485 0 P 0
L 71.11847092 46.0826485 71.62647092 45.8286485 0 P 0
L 71.20556498 73.98281876 71.45956498 74.49081876 0 P 0
L 71.20556498 73.98281876 71.71356498 74.23681876 0 P 0
L 71.20556498 74.99881876 71.45956498 74.49081876 0 P 0
L 71.20556498 74.99881876 71.71356498 74.74481876 0 P 0
L 71.22647172 45.5746485 71.48047172 45.0666485 0 P 0
L 71.22647172 45.5746485 71.48047172 46.0826485 0 P 0
L 71.2269721 37.82090226 71.7349721 37.56690226 0 P 0
L 71.2269721 38.32890226 71.7349721 38.58290226 0 P 0
L 71.31356578 74.49081876 71.56756578 73.98281876 0 P 0
L 71.31356578 74.49081876 71.56756578 74.99881876 0 P 0
L 71.33026628 36.7370741 71.83826628 36.4830741 0 P 0
L 71.33026628 37.2450741 71.83826628 37.4990741 0 P 0
L 71.33133816 75.32064692 71.83933816 75.06664692 0 P 0
L 71.33133816 75.82864692 71.83933816 76.08264692 0 P 0
L 71.36542496 44.23682034 71.87342496 43.98282034 0 P 0
L 71.36542496 44.74482034 71.87342496 44.99882034 0 P 0
L 71.3729713 37.56690226 71.6269713 38.07490226 0 P 0
L 71.3729713 37.56690226 71.8809713 37.82090226 0 P 0
L 71.3729713 38.58290226 71.6269713 38.07490226 0 P 0
L 71.3729713 38.58290226 71.8809713 38.32890226 0 P 0
L 71.47626548 36.4830741 71.73026548 36.9910741 0 P 0
L 71.47626548 36.4830741 71.98426548 36.7370741 0 P 0
L 71.47626548 37.4990741 71.73026548 36.9910741 0 P 0
L 71.47626548 37.4990741 71.98426548 37.2450741 0 P 0
L 71.47733736 75.06664692 71.73133736 75.57464692 0 P 0
L 71.47733736 75.06664692 71.98533736 75.32064692 0 P 0
L 71.47733736 76.08264692 71.73133736 75.57464692 0 P 0
L 71.47733736 76.08264692 71.98533736 75.82864692 0 P 0
L 71.4809721 38.07490226 71.7349721 37.56690226 0 P 0
L 71.4809721 38.07490226 71.7349721 38.58290226 0 P 0
L 71.51142416 43.98282034 71.76542416 44.49082034 0 P 0
L 71.51142416 43.98282034 72.01942416 44.23682034 0 P 0
L 71.51142416 44.99882034 71.76542416 44.49082034 0 P 0
L 71.51142416 44.99882034 72.01942416 44.74482034 0 P 0
L 71.58426628 36.9910741 71.83826628 36.4830741 0 P 0
L 71.58426628 36.9910741 71.83826628 37.4990741 0 P 0
L 71.58533816 75.57464692 71.83933816 75.06664692 0 P 0
L 71.58533816 75.57464692 71.83933816 76.08264692 0 P 0
L 71.61942496 44.49082034 71.87342496 43.98282034 0 P 0
L 71.61942496 44.49082034 71.87342496 44.99882034 0 P 0
L 71.62647092 45.3206485 72.13447092 45.0666485 0 P 0
L 71.62647092 45.8286485 72.13447092 46.0826485 0 P 0
L 71.71356498 74.23681876 72.22156498 73.98281876 0 P 0
L 71.71356498 74.74481876 72.22156498 74.99881876 0 P 0
L 71.77247012 45.0666485 72.02647012 45.5746485 0 P 0
L 71.77247012 45.0666485 72.28047012 45.3206485 0 P 0
L 71.77247012 46.0826485 72.02647012 45.5746485 0 P 0
L 71.77247012 46.0826485 72.28047012 45.8286485 0 P 0
L 71.85956418 73.98281876 72.11356418 74.49081876 0 P 0
L 71.85956418 73.98281876 72.36756418 74.23681876 0 P 0
L 71.85956418 74.99881876 72.11356418 74.49081876 0 P 0
L 71.85956418 74.99881876 72.36756418 74.74481876 0 P 0
L 71.88047092 45.5746485 72.13447092 45.0666485 0 P 0
L 71.88047092 45.5746485 72.13447092 46.0826485 0 P 0
L 71.8809713 37.82090226 72.3889713 37.56690226 0 P 0
L 71.8809713 38.32890226 72.3889713 38.58290226 0 P 0
L 71.96756498 74.49081876 72.22156498 73.98281876 0 P 0
L 71.96756498 74.49081876 72.22156498 74.99881876 0 P 0
L 71.98426548 36.7370741 72.49226548 36.4830741 0 P 0
L 71.98426548 37.2450741 72.49226548 37.4990741 0 P 0
L 71.98533736 75.32064692 72.49333736 75.06664692 0 P 0
L 71.98533736 75.82864692 72.49333736 76.08264692 0 P 0
L 72.01942416 44.23682034 72.52742416 43.98282034 0 P 0
L 72.01942416 44.74482034 72.52742416 44.99882034 0 P 0
L 72.0269705 37.56690226 72.2809705 38.07490226 0 P 0
L 72.0269705 37.56690226 72.5349705 37.82090226 0 P 0
L 72.0269705 38.58290226 72.2809705 38.07490226 0 P 0
L 72.0269705 38.58290226 72.5349705 38.32890226 0 P 0
L 72.13026468 36.4830741 72.38426468 36.9910741 0 P 0
L 72.13026468 36.4830741 72.63826468 36.7370741 0 P 0
L 72.13026468 37.4990741 72.38426468 36.9910741 0 P 0
L 72.13026468 37.4990741 72.63826468 37.2450741 0 P 0
L 72.13133656 75.06664692 72.38533656 75.57464692 0 P 0
L 72.13133656 75.06664692 72.63933656 75.32064692 0 P 0
L 72.13133656 76.08264692 72.38533656 75.57464692 0 P 0
L 72.13133656 76.08264692 72.63933656 75.82864692 0 P 0
L 72.1349713 38.07490226 72.3889713 37.56690226 0 P 0
L 72.1349713 38.07490226 72.3889713 38.58290226 0 P 0
L 72.16542336 43.98282034 72.41942336 44.49082034 0 P 0
L 72.16542336 43.98282034 72.67342336 44.23682034 0 P 0
L 72.16542336 44.99882034 72.41942336 44.49082034 0 P 0
L 72.16542336 44.99882034 72.67342336 44.74482034 0 P 0
L 72.23826548 36.9910741 72.49226548 36.4830741 0 P 0
L 72.23826548 36.9910741 72.49226548 37.4990741 0 P 0
L 72.23933736 75.57464692 72.49333736 75.06664692 0 P 0
L 72.23933736 75.57464692 72.49333736 76.08264692 0 P 0
L 72.27342416 44.49082034 72.52742416 43.98282034 0 P 0
L 72.27342416 44.49082034 72.52742416 44.99882034 0 P 0
L 72.28047012 45.3206485 72.78847012 45.0666485 0 P 0
L 72.28047012 45.8286485 72.78847012 46.0826485 0 P 0
L 72.36756418 74.23681876 72.87556418 73.98281876 0 P 0
L 72.36756418 74.74481876 72.87556418 74.99881876 0 P 0
L 72.42646932 45.0666485 72.68046932 45.5746485 0 P 0
L 72.42646932 45.0666485 72.93446932 45.3206485 0 P 0
L 72.42646932 46.0826485 72.68046932 45.5746485 0 P 0
L 72.42646932 46.0826485 72.93446932 45.8286485 0 P 0
L 72.51356338 73.98281876 72.76756338 74.49081876 0 P 0
L 72.51356338 73.98281876 73.02156338 74.23681876 0 P 0
L 72.51356338 74.99881876 72.76756338 74.49081876 0 P 0
L 72.51356338 74.99881876 73.02156338 74.74481876 0 P 0
L 72.53447012 45.5746485 72.78847012 45.0666485 0 P 0
L 72.53447012 45.5746485 72.78847012 46.0826485 0 P 0
L 72.5349705 37.82090226 73.0429705 37.56690226 0 P 0
L 72.5349705 38.32890226 73.0429705 38.58290226 0 P 0
L 72.62156418 74.49081876 72.87556418 73.98281876 0 P 0
L 72.62156418 74.49081876 72.87556418 74.99881876 0 P 0
L 72.63826468 36.7370741 73.14626468 36.4830741 0 P 0
L 72.63826468 37.2450741 73.14626468 37.4990741 0 P 0
L 72.63933656 75.32064692 73.14733656 75.06664692 0 P 0
L 72.63933656 75.82864692 73.14733656 76.08264692 0 P 0
L 72.67342336 44.23682034 73.18142336 43.98282034 0 P 0
L 72.67342336 44.74482034 73.18142336 44.99882034 0 P 0
L 72.6809697 37.56690226 72.9349697 38.07490226 0 P 0
L 72.6809697 37.56690226 73.1889697 37.82090226 0 P 0
L 72.6809697 38.58290226 72.9349697 38.07490226 0 P 0
L 72.6809697 38.58290226 73.1889697 38.32890226 0 P 0
L 72.78426388 36.4830741 73.03826388 36.9910741 0 P 0
L 72.78426388 36.4830741 73.29226388 36.7370741 0 P 0
L 72.78426388 37.4990741 73.03826388 36.9910741 0 P 0
L 72.78426388 37.4990741 73.29226388 37.2450741 0 P 0
L 72.78533576 75.06664692 73.03933576 75.57464692 0 P 0
L 72.78533576 75.06664692 73.29333576 75.32064692 0 P 0
L 72.78533576 76.08264692 73.03933576 75.57464692 0 P 0
L 72.78533576 76.08264692 73.29333576 75.82864692 0 P 0
L 72.7889705 38.07490226 73.0429705 37.56690226 0 P 0
L 72.7889705 38.07490226 73.0429705 38.58290226 0 P 0
L 72.81942256 43.98282034 73.07342256 44.49082034 0 P 0
L 72.81942256 43.98282034 73.32742256 44.23682034 0 P 0
L 72.81942256 44.99882034 73.07342256 44.49082034 0 P 0
L 72.81942256 44.99882034 73.32742256 44.74482034 0 P 0
L 72.89226468 36.9910741 73.14626468 36.4830741 0 P 0
L 72.89226468 36.9910741 73.14626468 37.4990741 0 P 0
L 72.89333656 75.57464692 73.14733656 75.06664692 0 P 0
L 72.89333656 75.57464692 73.14733656 76.08264692 0 P 0
L 72.92742336 44.49082034 73.18142336 43.98282034 0 P 0
L 72.92742336 44.49082034 73.18142336 44.99882034 0 P 0
L 72.93446932 45.3206485 73.44246932 45.0666485 0 P 0
L 72.93446932 45.8286485 73.44246932 46.0826485 0 P 0
L 73.02156338 74.23681876 73.52956338 73.98281876 0 P 0
L 73.02156338 74.74481876 73.52956338 74.99881876 0 P 0
L 73.08046852 45.0666485 73.33446852 45.5746485 0 P 0
L 73.08046852 45.0666485 73.58846852 45.3206485 0 P 0
L 73.08046852 46.0826485 73.33446852 45.5746485 0 P 0
L 73.08046852 46.0826485 73.58846852 45.8286485 0 P 0
L 73.16756258 73.98281876 73.42156258 74.49081876 0 P 0
L 73.16756258 73.98281876 73.67556258 74.23681876 0 P 0
L 73.16756258 74.99881876 73.42156258 74.49081876 0 P 0
L 73.16756258 74.99881876 73.67556258 74.74481876 0 P 0
L 73.18846932 45.5746485 73.44246932 45.0666485 0 P 0
L 73.18846932 45.5746485 73.44246932 46.0826485 0 P 0
L 73.1889697 37.82090226 73.6969697 37.56690226 0 P 0
L 73.1889697 38.32890226 73.6969697 38.58290226 0 P 0
L 73.27556338 74.49081876 73.52956338 73.98281876 0 P 0
L 73.27556338 74.49081876 73.52956338 74.99881876 0 P 0
L 73.29226388 36.7370741 73.80026388 36.4830741 0 P 0
L 73.29226388 37.2450741 73.80026388 37.4990741 0 P 0
L 73.29333576 75.32064692 73.80133576 75.06664692 0 P 0
L 73.29333576 75.82864692 73.80133576 76.08264692 0 P 0
L 73.32742256 44.23682034 73.83542256 43.98282034 0 P 0
L 73.32742256 44.74482034 73.83542256 44.99882034 0 P 0
L 73.3349689 37.56690226 73.5889689 38.07490226 0 P 0
L 73.3349689 37.56690226 73.8429689 37.82090226 0 P 0
L 73.3349689 38.58290226 73.5889689 38.07490226 0 P 0
L 73.3349689 38.58290226 73.8429689 38.32890226 0 P 0
L 73.43826308 36.4830741 73.69226308 36.9910741 0 P 0
L 73.43826308 36.4830741 73.94626308 36.7370741 0 P 0
L 73.43826308 37.4990741 73.69226308 36.9910741 0 P 0
L 73.43826308 37.4990741 73.94626308 37.2450741 0 P 0
L 73.43933496 75.06664692 73.69333496 75.57464692 0 P 0
L 73.43933496 75.06664692 73.94733496 75.32064692 0 P 0
L 73.43933496 76.08264692 73.69333496 75.57464692 0 P 0
L 73.43933496 76.08264692 73.94733496 75.82864692 0 P 0
L 73.4429697 38.07490226 73.6969697 37.56690226 0 P 0
L 73.4429697 38.07490226 73.6969697 38.58290226 0 P 0
L 73.47342176 43.98282034 73.72742176 44.49082034 0 P 0
L 73.47342176 43.98282034 73.98142176 44.23682034 0 P 0
L 73.47342176 44.99882034 73.72742176 44.49082034 0 P 0
L 73.47342176 44.99882034 73.98142176 44.74482034 0 P 0
L 73.54626388 36.9910741 73.80026388 36.4830741 0 P 0
L 73.54626388 36.9910741 73.80026388 37.4990741 0 P 0
L 73.54733576 75.57464692 73.80133576 75.06664692 0 P 0
L 73.54733576 75.57464692 73.80133576 76.08264692 0 P 0
L 73.58142256 44.49082034 73.83542256 43.98282034 0 P 0
L 73.58142256 44.49082034 73.83542256 44.99882034 0 P 0
L 73.58846852 45.3206485 74.09646852 45.0666485 0 P 0
L 73.58846852 45.8286485 74.09646852 46.0826485 0 P 0
L 73.67556258 74.23681876 74.18356258 73.98281876 0 P 0
L 73.67556258 74.74481876 74.18356258 74.99881876 0 P 0
L 73.73446772 45.0666485 73.98846772 45.5746485 0 P 0
L 73.73446772 45.0666485 74.24246772 45.3206485 0 P 0
L 73.73446772 46.0826485 73.98846772 45.5746485 0 P 0
L 73.73446772 46.0826485 74.24246772 45.8286485 0 P 0
L 73.82156178 73.98281876 74.07556178 74.49081876 0 P 0
L 73.82156178 73.98281876 74.32956178 74.23681876 0 P 0
L 73.82156178 74.99881876 74.07556178 74.49081876 0 P 0
L 73.82156178 74.99881876 74.32956178 74.74481876 0 P 0
L 73.84246852 45.5746485 74.09646852 45.0666485 0 P 0
L 73.84246852 45.5746485 74.09646852 46.0826485 0 P 0
L 73.8429689 37.82090226 74.3509689 37.56690226 0 P 0
L 73.8429689 38.32890226 74.3509689 38.58290226 0 P 0
L 73.92956258 74.49081876 74.18356258 73.98281876 0 P 0
L 73.92956258 74.49081876 74.18356258 74.99881876 0 P 0
L 73.94626308 36.7370741 74.45426308 36.4830741 0 P 0
L 73.94626308 37.2450741 74.45426308 37.4990741 0 P 0
L 73.94733496 75.32064692 74.45533496 75.06664692 0 P 0
L 73.94733496 75.82864692 74.45533496 76.08264692 0 P 0
L 73.98142176 44.23682034 74.48942176 43.98282034 0 P 0
L 73.98142176 44.74482034 74.48942176 44.99882034 0 P 0
L 73.9889681 37.56690226 74.2429681 38.07490226 0 P 0
L 73.9889681 37.56690226 74.4969681 37.82090226 0 P 0
L 73.9889681 38.58290226 74.2429681 38.07490226 0 P 0
L 73.9889681 38.58290226 74.4969681 38.32890226 0 P 0
L 74.00647124 75.06894308 74.26047124 75.57694308 0 P 0
L 74.00647124 75.06894308 74.51447124 75.32294308 0 P 0
L 74.00647124 76.08494308 74.26047124 75.57694308 0 P 0
L 74.00647124 76.08494308 74.51447124 75.83094308 0 P 0
L 74.09226228 36.4830741 74.34626228 36.9910741 0 P 0
L 74.09226228 36.4830741 74.60026228 36.7370741 0 P 0
L 74.09226228 37.4990741 74.34626228 36.9910741 0 P 0
L 74.09226228 37.4990741 74.60026228 37.2450741 0 P 0
L 74.0969689 38.07490226 74.3509689 37.56690226 0 P 0
L 74.0969689 38.07490226 74.3509689 38.58290226 0 P 0
L 74.12738032 43.97546704 74.38138032 44.48346704 0 P 0
L 74.12738032 43.97546704 74.63538032 44.22946704 0 P 0
L 74.12738032 44.99146704 74.38138032 44.48346704 0 P 0
L 74.12738032 44.99146704 74.63538032 44.73746704 0 P 0
L 74.20026308 36.9910741 74.45426308 36.4830741 0 P 0
L 74.20026308 36.9910741 74.45426308 37.4990741 0 P 0
L 74.20133496 75.57464692 74.45533496 75.06664692 0 P 0
L 74.20133496 75.57464692 74.45533496 76.08264692 0 P 0
L 74.23542176 44.49082034 74.48942176 43.98282034 0 P 0
L 74.23542176 44.49082034 74.48942176 44.99882034 0 P 0
L 74.24246772 45.3206485 74.75046772 45.0666485 0 P 0
L 74.24246772 45.8286485 74.75046772 46.0826485 0 P 0
L 74.32956178 74.23681876 74.83756178 73.98281876 0 P 0
L 74.32956178 74.74481876 74.83756178 74.99881876 0 P 0
L 74.3877735 45.09674496 74.6417735 45.60474496 0 P 0
L 74.3877735 45.09674496 74.8957735 45.35074496 0 P 0
L 74.3877735 46.11274496 74.6417735 45.60474496 0 P 0
L 74.3877735 46.11274496 74.8957735 45.85874496 0 P 0
L 74.4722285 73.9168829 74.7262285 74.4248829 0 P 0
L 74.4722285 73.9168829 74.9802285 74.1708829 0 P 0
L 74.4722285 74.9328829 74.7262285 74.4248829 0 P 0
L 74.4722285 74.9328829 74.9802285 74.6788829 0 P 0
L 74.49646772 45.5746485 74.75046772 45.0666485 0 P 0
L 74.49646772 45.5746485 74.75046772 46.0826485 0 P 0
L 74.4969681 37.82090226 75.0049681 37.56690226 0 P 0
L 74.4969681 38.32890226 75.0049681 38.58290226 0 P 0
L 74.51447124 75.32294308 75.02247124 75.06894308 0 P 0
L 74.51447124 75.83094308 75.02247124 76.08494308 0 P 0
L 74.58356178 74.49081876 74.83756178 73.98281876 0 P 0
L 74.58356178 74.49081876 74.83756178 74.99881876 0 P 0
L 74.60026228 36.7370741 75.10826228 36.4830741 0 P 0
L 74.60026228 37.2450741 75.10826228 37.4990741 0 P 0
L 74.63538032 44.22946704 75.14338032 43.97546704 0 P 0
L 74.63538032 44.73746704 75.14338032 44.99146704 0 P 0
L 74.6429673 37.56690226 74.8969673 38.07490226 0 P 0
L 74.6429673 37.56690226 75.1509673 37.82090226 0 P 0
L 74.6429673 38.58290226 74.8969673 38.07490226 0 P 0
L 74.6429673 38.58290226 75.1509673 38.32890226 0 P 0
L 74.65587558 74.99156706 74.90987558 75.49956706 0 P 0
L 74.65587558 74.99156706 75.16387558 75.24556706 0 P 0
L 74.65587558 76.00756706 74.90987558 75.49956706 0 P 0
L 74.65587558 76.00756706 75.16387558 75.75356706 0 P 0
L 74.74626148 36.4830741 75.00026148 36.9910741 0 P 0
L 74.74626148 36.4830741 75.25426148 36.7370741 0 P 0
L 74.74626148 37.4990741 75.00026148 36.9910741 0 P 0
L 74.74626148 37.4990741 75.25426148 37.2450741 0 P 0
L 74.7509681 38.07490226 75.0049681 37.56690226 0 P 0
L 74.7509681 38.07490226 75.0049681 38.58290226 0 P 0
L 74.76847124 75.57694308 75.02247124 75.06894308 0 P 0
L 74.76847124 75.57694308 75.02247124 76.08494308 0 P 0
L 74.77580422 44.0606688 75.02980422 44.5686688 0 P 0
L 74.77580422 44.0606688 75.28380422 44.3146688 0 P 0
L 74.77580422 45.0766688 75.02980422 44.5686688 0 P 0
L 74.77580422 45.0766688 75.28380422 44.8226688 0 P 0
L 74.85426228 36.9910741 75.10826228 36.4830741 0 P 0
L 74.85426228 36.9910741 75.10826228 37.4990741 0 P 0
L 74.88938032 44.48346704 75.14338032 43.97546704 0 P 0
L 74.88938032 44.48346704 75.14338032 44.99146704 0 P 0
L 74.8957735 45.35074496 75.4037735 45.09674496 0 P 0
L 74.8957735 45.85874496 75.4037735 46.11274496 0 P 0
L 74.9802285 74.1708829 75.4882285 73.9168829 0 P 0
L 74.9802285 74.6788829 75.4882285 74.9328829 0 P 0
L 75.00481316 45.3134857 75.25881316 45.8214857 0 P 0
L 75.00481316 45.3134857 75.51281316 45.5674857 0 P 0
L 75.00481316 46.3294857 75.25881316 45.8214857 0 P 0
L 75.00481316 46.3294857 75.51281316 46.0754857 0 P 0
L 75.07403324 73.6608636 75.32803324 74.1688636 0 P 0
L 75.07403324 73.6608636 75.58203324 73.9148636 0 P 0
L 75.07403324 74.6768636 75.32803324 74.1688636 0 P 0
L 75.07403324 74.6768636 75.58203324 74.4228636 0 P 0
L 75.14658834 67.00055688 75.40058834 67.50855688 0 P 0
L 75.14658834 67.00055688 75.65458834 67.25455688 0 P 0
L 75.14658834 68.01655688 75.40058834 67.50855688 0 P 0
L 75.14658834 68.01655688 75.65458834 67.76255688 0 P 0
L 75.1497735 45.60474496 75.4037735 45.09674496 0 P 0
L 75.1497735 45.60474496 75.4037735 46.11274496 0 P 0
L 75.1509673 37.82090226 75.6589673 37.56690226 0 P 0
L 75.1509673 38.32890226 75.6589673 38.58290226 0 P 0
L 75.15477984 51.89915706 75.40877984 52.40715706 0 P 0
L 75.15477984 51.89915706 75.66277984 52.15315706 0 P 0
L 75.15477984 52.91515706 75.40877984 52.40715706 0 P 0
L 75.15477984 52.91515706 75.66277984 52.66115706 0 P 0
L 75.16387558 75.24556706 75.67187558 74.99156706 0 P 0
L 75.16387558 75.75356706 75.67187558 76.00756706 0 P 0
L 75.2342285 74.4248829 75.4882285 73.9168829 0 P 0
L 75.2342285 74.4248829 75.4882285 74.9328829 0 P 0
L 75.25215074 52.545869 75.50615074 53.053869 0 P 0
L 75.25215074 52.545869 75.76015074 52.799869 0 P 0
L 75.25215074 53.561869 75.50615074 53.053869 0 P 0
L 75.25215074 53.561869 75.76015074 53.307869 0 P 0
L 75.25426148 36.7370741 75.76226148 36.4830741 0 P 0
L 75.25426148 37.2450741 75.76226148 37.4990741 0 P 0
L 75.27641282 74.78504474 75.53041282 75.29304474 0 P 0
L 75.27641282 74.78504474 75.78441282 75.03904474 0 P 0
L 75.27641282 75.80104474 75.53041282 75.29304474 0 P 0
L 75.27641282 75.80104474 75.78441282 75.54704474 0 P 0
L 75.28380422 44.3146688 75.79180422 44.0606688 0 P 0
L 75.28380422 44.8226688 75.79180422 45.0766688 0 P 0
L 75.29069016 67.63848296 75.54469016 68.14648296 0 P 0
L 75.29069016 67.63848296 75.79869016 67.89248296 0 P 0
L 75.29069016 68.65448296 75.54469016 68.14648296 0 P 0
L 75.29069016 68.65448296 75.79869016 68.40048296 0 P 0
L 75.29248086 37.64336388 75.54648086 38.15136388 0 P 0
L 75.29248086 37.64336388 75.80048086 37.89736388 0 P 0
L 75.29248086 38.65936388 75.54648086 38.15136388 0 P 0
L 75.29248086 38.65936388 75.80048086 38.40536388 0 P 0
L 75.31052248 66.36743648 75.56452248 66.87543648 0 P 0
L 75.31052248 66.36743648 75.81852248 66.62143648 0 P 0
L 75.31052248 67.38343648 75.56452248 66.87543648 0 P 0
L 75.31052248 67.38343648 75.81852248 67.12943648 0 P 0
L 75.36262296 51.27906432 75.61662296 51.78706432 0 P 0
L 75.36262296 51.27906432 75.87062296 51.53306432 0 P 0
L 75.36262296 52.29506432 75.61662296 51.78706432 0 P 0
L 75.36262296 52.29506432 75.87062296 52.04106432 0 P 0
L 75.3661434 36.2746036 75.6201434 36.7826036 0 P 0
L 75.3661434 36.2746036 75.8741434 36.5286036 0 P 0
L 75.3661434 37.2906036 75.6201434 36.7826036 0 P 0
L 75.3661434 37.2906036 75.8741434 37.0366036 0 P 0
L 75.3907052 44.28340902 75.6447052 44.79140902 0 P 0
L 75.3907052 44.28340902 75.8987052 44.53740902 0 P 0
L 75.3907052 45.29940902 75.6447052 44.79140902 0 P 0
L 75.3907052 45.29940902 75.8987052 45.04540902 0 P 0
L 75.4049673 38.07490226 75.6589673 37.56690226 0 P 0
L 75.4049673 38.07490226 75.6589673 38.58290226 0 P 0
L 75.41787558 75.49956706 75.67187558 74.99156706 0 P 0
L 75.41787558 75.49956706 75.67187558 76.00756706 0 P 0
L 75.50826148 36.9910741 75.76226148 36.4830741 0 P 0
L 75.50826148 36.9910741 75.76226148 37.4990741 0 P 0
L 75.51281316 45.5674857 76.02081316 45.3134857 0 P 0
L 75.51281316 46.0754857 76.02081316 46.3294857 0 P 0
L 75.51384694 45.72409448 75.76784694 46.23209448 0 P 0
L 75.51384694 45.72409448 76.02184694 45.97809448 0 P 0
L 75.51384694 46.74009448 75.76784694 46.23209448 0 P 0
L 75.51384694 46.74009448 76.02184694 46.48609448 0 P 0
L 75.53780422 44.5686688 75.79180422 44.0606688 0 P 0
L 75.53780422 44.5686688 75.79180422 45.0766688 0 P 0
L 75.55346332 73.2160461 75.80746332 73.7240461 0 P 0
L 75.55346332 73.2160461 76.06146332 73.4700461 0 P 0
L 75.55346332 74.2320461 75.80746332 73.7240461 0 P 0
L 75.55346332 74.2320461 76.06146332 73.9780461 0 P 0
L 75.58203324 73.9148636 76.09003324 73.6608636 0 P 0
L 75.58203324 74.4228636 76.09003324 74.6768636 0 P 0
L 75.63365874 53.07706174 75.88765874 53.58506174 0 P 0
L 75.63365874 53.07706174 76.14165874 53.33106174 0 P 0
L 75.63365874 54.09306174 75.88765874 53.58506174 0 P 0
L 75.63365874 54.09306174 76.14165874 53.83906174 0 P 0
L 75.65458834 67.25455688 76.16258834 67.00055688 0 P 0
L 75.65458834 67.76255688 76.16258834 68.01655688 0 P 0
L 75.66277984 52.15315706 76.17077984 51.89915706 0 P 0
L 75.66277984 52.66115706 76.17077984 52.91515706 0 P 0
L 75.71308454 68.13778346 75.96708454 68.64578346 0 P 0
L 75.71308454 68.13778346 76.22108454 68.39178346 0 P 0
L 75.71308454 69.15378346 75.96708454 68.64578346 0 P 0
L 75.71308454 69.15378346 76.22108454 68.89978346 0 P 0
L 75.71682596 38.14100576 75.97082596 38.64900576 0 P 0
L 75.71682596 38.14100576 76.22482596 38.39500576 0 P 0
L 75.71682596 39.15700576 75.97082596 38.64900576 0 P 0
L 75.71682596 39.15700576 76.22482596 38.90300576 0 P 0
L 75.75014822 65.8832439 76.00414822 66.3912439 0 P 0
L 75.75014822 65.8832439 76.25814822 66.1372439 0 P 0
L 75.75014822 66.8992439 76.00414822 66.3912439 0 P 0
L 75.75014822 66.8992439 76.25814822 66.6452439 0 P 0
L 75.76015074 52.799869 76.26815074 52.545869 0 P 0
L 75.76015074 53.307869 76.26815074 53.561869 0 P 0
L 75.76681316 45.8214857 76.02081316 45.3134857 0 P 0
L 75.76681316 45.8214857 76.02081316 46.3294857 0 P 0
L 75.78441282 75.03904474 76.29241282 74.78504474 0 P 0
L 75.78441282 75.54704474 76.29241282 75.80104474 0 P 0
L 75.79869016 67.89248296 76.30669016 67.63848296 0 P 0
L 75.79869016 68.40048296 76.30669016 68.65448296 0 P 0
L 75.80048086 37.89736388 76.30848086 37.64336388 0 P 0
L 75.80048086 38.40536388 76.30848086 38.65936388 0 P 0
L 75.81852248 66.62143648 76.32652248 66.36743648 0 P 0
L 75.81852248 67.12943648 76.32652248 67.38343648 0 P 0
L 75.83603324 74.1688636 76.09003324 73.6608636 0 P 0
L 75.83603324 74.1688636 76.09003324 74.6768636 0 P 0
L 75.83653108 50.82836926 76.09053108 51.33636926 0 P 0
L 75.83653108 50.82836926 76.34453108 51.08236926 0 P 0
L 75.83653108 51.84436926 76.09053108 51.33636926 0 P 0
L 75.83653108 51.84436926 76.34453108 51.59036926 0 P 0
L 75.84067382 74.45440278 76.09467382 74.96240278 0 P 0
L 75.84067382 74.45440278 76.34867382 74.70840278 0 P 0
L 75.84067382 75.47040278 76.09467382 74.96240278 0 P 0
L 75.84067382 75.47040278 76.34867382 75.21640278 0 P 0
L 75.84167712 35.82562304 76.09567712 36.33362304 0 P 0
L 75.84167712 35.82562304 76.34967712 36.07962304 0 P 0
L 75.84167712 36.84162304 76.09567712 36.33362304 0 P 0
L 75.84167712 36.84162304 76.34967712 36.58762304 0 P 0
L 75.85637356 46.28122316 76.11037356 46.78922316 0 P 0
L 75.85637356 46.28122316 76.36437356 46.53522316 0 P 0
L 75.85637356 47.29722316 76.11037356 46.78922316 0 P 0
L 75.85637356 47.29722316 76.36437356 47.04322316 0 P 0
L 75.86969078 72.64358344 76.12369078 73.15158344 0 P 0
L 75.86969078 72.64358344 76.37769078 72.89758344 0 P 0
L 75.86969078 73.65958344 76.12369078 73.15158344 0 P 0
L 75.86969078 73.65958344 76.37769078 73.40558344 0 P 0
L 75.87062296 51.53306432 76.37862296 51.27906432 0 P 0
L 75.87062296 52.04106432 76.37862296 52.29506432 0 P 0
L 75.8741434 36.5286036 76.3821434 36.2746036 0 P 0
L 75.8741434 37.0366036 76.3821434 37.2906036 0 P 0
L 75.8987052 44.53740902 76.4067052 44.28340902 0 P 0
L 75.8987052 45.04540902 76.4067052 45.29940902 0 P 0
L 75.90858834 67.50855688 76.16258834 67.00055688 0 P 0
L 75.90858834 67.50855688 76.16258834 68.01655688 0 P 0
L 75.91677984 52.40715706 76.17077984 51.89915706 0 P 0
L 75.91677984 52.40715706 76.17077984 52.91515706 0 P 0
L 75.94320854 44.63334228 76.19720854 45.14134228 0 P 0
L 75.94320854 44.63334228 76.45120854 44.88734228 0 P 0
L 75.94320854 45.64934228 76.19720854 45.14134228 0 P 0
L 75.94320854 45.64934228 76.45120854 45.39534228 0 P 0
L 75.9844937 46.92254776 76.2384937 47.43054776 0 P 0
L 75.9844937 46.92254776 76.4924937 47.17654776 0 P 0
L 75.9844937 47.93854776 76.2384937 47.43054776 0 P 0
L 75.9844937 47.93854776 76.4924937 47.68454776 0 P 0
L 75.98815384 72.0004021 76.24215384 72.5084021 0 P 0
L 75.98815384 72.0004021 76.49615384 72.2544021 0 P 0
L 75.98815384 73.0164021 76.24215384 72.5084021 0 P 0
L 75.98815384 73.0164021 76.49615384 72.7624021 0 P 0
L 75.98956354 47.57652918 76.24356354 48.08452918 0 P 0
L 75.98956354 47.57652918 76.49756354 47.83052918 0 P 0
L 75.98956354 48.23052838 76.24356354 48.73852838 0 P 0
L 75.98956354 48.23052838 76.49756354 48.48452838 0 P 0
L 75.98956354 48.59252918 76.24356354 48.08452918 0 P 0
L 75.98956354 48.59252918 76.49756354 48.33852918 0 P 0
L 75.98956354 48.88452758 76.24356354 49.39252758 0 P 0
L 75.98956354 48.88452758 76.49756354 49.13852758 0 P 0
L 75.98956354 49.24652838 76.24356354 48.73852838 0 P 0
L 75.98956354 49.24652838 76.49756354 48.99252838 0 P 0
L 75.98956354 49.53852678 76.24356354 50.04652678 0 P 0
L 75.98956354 49.53852678 76.49756354 49.79252678 0 P 0
L 75.98956354 49.90052758 76.24356354 49.39252758 0 P 0
L 75.98956354 49.90052758 76.49756354 49.64652758 0 P 0
L 75.98956354 50.19252598 76.24356354 50.70052598 0 P 0
L 75.98956354 50.19252598 76.49756354 50.44652598 0 P 0
L 75.98956354 50.55452678 76.24356354 50.04652678 0 P 0
L 75.98956354 50.55452678 76.49756354 50.30052678 0 P 0
L 75.98956354 51.20852598 76.24356354 50.70052598 0 P 0
L 75.98956354 51.20852598 76.49756354 50.95452598 0 P 0
L 75.98969054 68.73040864 76.24369054 69.23840864 0 P 0
L 75.98969054 68.73040864 76.49769054 68.98440864 0 P 0
L 75.98969054 69.38440784 76.24369054 69.89240784 0 P 0
L 75.98969054 69.38440784 76.49769054 69.63840784 0 P 0
L 75.98969054 69.74640864 76.24369054 69.23840864 0 P 0
L 75.98969054 69.74640864 76.49769054 69.49240864 0 P 0
L 75.98969054 70.03840704 76.24369054 70.54640704 0 P 0
L 75.98969054 70.03840704 76.49769054 70.29240704 0 P 0
L 75.98969054 70.40040784 76.24369054 69.89240784 0 P 0
L 75.98969054 70.40040784 76.49769054 70.14640784 0 P 0
L 75.98969054 70.69240624 76.24369054 71.20040624 0 P 0
L 75.98969054 70.69240624 76.49769054 70.94640624 0 P 0
L 75.98969054 71.05440704 76.24369054 70.54640704 0 P 0
L 75.98969054 71.05440704 76.49769054 70.80040704 0 P 0
L 75.98969054 71.34640544 76.24369054 71.85440544 0 P 0
L 75.98969054 71.34640544 76.49769054 71.60040544 0 P 0
L 75.98969054 71.70840624 76.24369054 71.20040624 0 P 0
L 75.98969054 71.70840624 76.49769054 71.45440624 0 P 0
L 75.98969054 72.36240544 76.24369054 71.85440544 0 P 0
L 75.98969054 72.36240544 76.49769054 72.10840544 0 P 0
L 76.01415074 53.053869 76.26815074 52.545869 0 P 0
L 76.01415074 53.053869 76.26815074 53.561869 0 P 0
L 76.02184694 45.97809448 76.52984694 45.72409448 0 P 0
L 76.02184694 46.48609448 76.52984694 46.74009448 0 P 0
L 76.03841282 75.29304474 76.29241282 74.78504474 0 P 0
L 76.03841282 75.29304474 76.29241282 75.80104474 0 P 0
L 76.05269016 68.14648296 76.30669016 67.63848296 0 P 0
L 76.05269016 68.14648296 76.30669016 68.65448296 0 P 0
L 76.05448086 38.15136388 76.30848086 37.64336388 0 P 0
L 76.05448086 38.15136388 76.30848086 38.65936388 0 P 0
L 76.06146332 73.4700461 76.56946332 73.2160461 0 P 0
L 76.06146332 73.9780461 76.56946332 74.2320461 0 P 0
L 76.07252248 66.87543648 76.32652248 66.36743648 0 P 0
L 76.07252248 66.87543648 76.32652248 67.38343648 0 P 0
L 76.12462296 51.78706432 76.37862296 51.27906432 0 P 0
L 76.12462296 51.78706432 76.37862296 52.29506432 0 P 0
L 76.1281434 36.7826036 76.3821434 36.2746036 0 P 0
L 76.1281434 36.7826036 76.3821434 37.2906036 0 P 0
L 76.14165874 53.33106174 76.64965874 53.07706174 0 P 0
L 76.14165874 53.83906174 76.64965874 54.09306174 0 P 0
L 76.1527052 44.79140902 76.4067052 44.28340902 0 P 0
L 76.1527052 44.79140902 76.4067052 45.29940902 0 P 0
L 76.2156083 53.3754711 76.4696083 53.8834711 0 P 0
L 76.2156083 53.3754711 76.7236083 53.6294711 0 P 0
L 76.2156083 54.3914711 76.4696083 53.8834711 0 P 0
L 76.2156083 54.3914711 76.7236083 54.1374711 0 P 0
L 76.22108454 68.39178346 76.72908454 68.13778346 0 P 0
L 76.22108454 68.89978346 76.72908454 69.15378346 0 P 0
L 76.22482596 38.39500576 76.73282596 38.14100576 0 P 0
L 76.22482596 38.90300576 76.73282596 39.15700576 0 P 0
L 76.25814822 66.1372439 76.76614822 65.8832439 0 P 0
L 76.25814822 66.6452439 76.76614822 66.8992439 0 P 0
L 76.27584694 46.23209448 76.52984694 45.72409448 0 P 0
L 76.27584694 46.23209448 76.52984694 46.74009448 0 P 0
L 76.31541252 74.00458402 76.56941252 74.51258402 0 P 0
L 76.31541252 74.00458402 76.82341252 74.25858402 0 P 0
L 76.31541252 75.02058402 76.56941252 74.51258402 0 P 0
L 76.31541252 75.02058402 76.82341252 74.76658402 0 P 0
L 76.31546332 73.7240461 76.56946332 73.2160461 0 P 0
L 76.31546332 73.7240461 76.56946332 74.2320461 0 P 0
L 76.32133834 38.39056584 76.57533834 38.89856584 0 P 0
L 76.32133834 38.39056584 76.82933834 38.64456584 0 P 0
L 76.32133834 39.40656584 76.57533834 38.89856584 0 P 0
L 76.32133834 39.40656584 76.82933834 39.15256584 0 P 0
L 76.34453108 51.08236926 76.85253108 50.82836926 0 P 0
L 76.34453108 51.59036926 76.85253108 51.84436926 0 P 0
L 76.34867382 74.70840278 76.85667382 74.45440278 0 P 0
L 76.34867382 75.21640278 76.85667382 75.47040278 0 P 0
L 76.34967712 36.07962304 76.85767712 35.82562304 0 P 0
L 76.34967712 36.58762304 76.85767712 36.84162304 0 P 0
L 76.36255746 65.65374474 76.61655746 66.16174474 0 P 0
L 76.36255746 65.65374474 76.87055746 65.90774474 0 P 0
L 76.36255746 66.66974474 76.61655746 66.16174474 0 P 0
L 76.36255746 66.66974474 76.87055746 66.41574474 0 P 0
L 76.36437356 46.53522316 76.87237356 46.28122316 0 P 0
L 76.36437356 47.04322316 76.87237356 47.29722316 0 P 0
L 76.37769078 72.89758344 76.88569078 72.64358344 0 P 0
L 76.37769078 73.40558344 76.88569078 73.65958344 0 P 0
L 76.39565874 53.58506174 76.64965874 53.07706174 0 P 0
L 76.39565874 53.58506174 76.64965874 54.09306174 0 P 0
L 76.40734782 45.09409066 76.66134782 45.60209066 0 P 0
L 76.40734782 45.09409066 76.91534782 45.34809066 0 P 0
L 76.40734782 46.11009066 76.66134782 45.60209066 0 P 0
L 76.40734782 46.11009066 76.91534782 45.85609066 0 P 0
L 76.45120854 44.88734228 76.95920854 44.63334228 0 P 0
L 76.45120854 45.39534228 76.95920854 45.64934228 0 P 0
L 76.46878026 35.63999476 76.72278026 36.14799476 0 P 0
L 76.46878026 35.63999476 76.97678026 35.89399476 0 P 0
L 76.46878026 36.65599476 76.72278026 36.14799476 0 P 0
L 76.46878026 36.65599476 76.97678026 36.40199476 0 P 0
L 76.47508454 68.64578346 76.72908454 68.13778346 0 P 0
L 76.47508454 68.64578346 76.72908454 69.15378346 0 P 0
L 76.47882596 38.64900576 76.73282596 38.14100576 0 P 0
L 76.47882596 38.64900576 76.73282596 39.15700576 0 P 0
L 76.4924937 47.17654776 77.0004937 46.92254776 0 P 0
L 76.4924937 47.68454776 77.0004937 47.93854776 0 P 0
L 76.49615384 72.2544021 77.00415384 72.0004021 0 P 0
L 76.49615384 72.7624021 77.00415384 73.0164021 0 P 0
L 76.49756354 47.83052918 77.00556354 47.57652918 0 P 0
L 76.49756354 48.33852918 77.00556354 48.59252918 0 P 0
L 76.49756354 48.48452838 77.00556354 48.23052838 0 P 0
L 76.49756354 48.99252838 77.00556354 49.24652838 0 P 0
L 76.49756354 49.13852758 77.00556354 48.88452758 0 P 0
L 76.49756354 49.64652758 77.00556354 49.90052758 0 P 0
L 76.49756354 49.79252678 77.00556354 49.53852678 0 P 0
L 76.49756354 50.30052678 77.00556354 50.55452678 0 P 0
L 76.49756354 50.44652598 77.00556354 50.19252598 0 P 0
L 76.49756354 50.95452598 77.00556354 51.20852598 0 P 0
L 76.49769054 68.98440864 77.00569054 68.73040864 0 P 0
L 76.49769054 69.49240864 77.00569054 69.74640864 0 P 0
L 76.49769054 69.63840784 77.00569054 69.38440784 0 P 0
L 76.49769054 70.14640784 77.00569054 70.40040784 0 P 0
L 76.49769054 70.29240704 77.00569054 70.03840704 0 P 0
L 76.49769054 70.80040704 77.00569054 71.05440704 0 P 0
L 76.49769054 70.94640624 77.00569054 70.69240624 0 P 0
L 76.49769054 71.45440624 77.00569054 71.70840624 0 P 0
L 76.49769054 71.60040544 77.00569054 71.34640544 0 P 0
L 76.49769054 72.10840544 77.00569054 72.36240544 0 P 0
L 76.51214822 66.3912439 76.76614822 65.8832439 0 P 0
L 76.51214822 66.3912439 76.76614822 66.8992439 0 P 0
L 76.53147762 37.02498818 76.53147762 38.04098818 0 P 0
L 76.53147762 37.02498818 77.54747762 37.02498818 0 P 0
L 76.53147762 38.04098818 77.54747762 38.04098818 0 P 0
L 76.53147762 52.02486166 76.53147762 53.04086166 0 P 0
L 76.53147762 52.02486166 77.54747762 52.02486166 0 P 0
L 76.53147762 53.04086166 77.54747762 53.04086166 0 P 0
L 76.53160462 67.02473514 76.53160462 68.04073514 0 P 0
L 76.53160462 67.02473514 77.54760462 67.02473514 0 P 0
L 76.53160462 68.04073514 77.54760462 68.04073514 0 P 0
L 76.59853108 51.33636926 76.85253108 50.82836926 0 P 0
L 76.59853108 51.33636926 76.85253108 51.84436926 0 P 0
L 76.60267382 74.96240278 76.85667382 74.45440278 0 P 0
L 76.60267382 74.96240278 76.85667382 75.47040278 0 P 0
L 76.60367712 36.33362304 76.85767712 35.82562304 0 P 0
L 76.60367712 36.33362304 76.85767712 36.84162304 0 P 0
L 76.61837356 46.78922316 76.87237356 46.28122316 0 P 0
L 76.61837356 46.78922316 76.87237356 47.29722316 0 P 0
L 76.63169078 73.15158344 76.88569078 72.64358344 0 P 0
L 76.63169078 73.15158344 76.88569078 73.65958344 0 P 0
L 76.69230026 73.47010198 76.94630026 73.97810198 0 P 0
L 76.69230026 73.47010198 77.20030026 73.72410198 0 P 0
L 76.69230026 74.48610198 76.94630026 73.97810198 0 P 0
L 76.69230026 74.48610198 77.20030026 74.23210198 0 P 0
L 76.70520854 45.14134228 76.95920854 44.63334228 0 P 0
L 76.70520854 45.14134228 76.95920854 45.64934228 0 P 0
L 76.7236083 53.6294711 77.2316083 53.3754711 0 P 0
L 76.7236083 54.1374711 77.2316083 54.3914711 0 P 0
L 76.7464937 47.43054776 77.0004937 46.92254776 0 P 0
L 76.7464937 47.43054776 77.0004937 47.93854776 0 P 0
L 76.75015384 72.5084021 77.00415384 72.0004021 0 P 0
L 76.75015384 72.5084021 77.00415384 73.0164021 0 P 0
L 76.75156354 48.08452918 77.00556354 47.57652918 0 P 0
L 76.75156354 48.08452918 77.00556354 48.59252918 0 P 0
L 76.75156354 48.73852838 77.00556354 48.23052838 0 P 0
L 76.75156354 48.73852838 77.00556354 49.24652838 0 P 0
L 76.75156354 49.39252758 77.00556354 48.88452758 0 P 0
L 76.75156354 49.39252758 77.00556354 49.90052758 0 P 0
L 76.75156354 50.04652678 77.00556354 49.53852678 0 P 0
L 76.75156354 50.04652678 77.00556354 50.55452678 0 P 0
L 76.75156354 50.70052598 77.00556354 50.19252598 0 P 0
L 76.75156354 50.70052598 77.00556354 51.20852598 0 P 0
L 76.75169054 69.23840864 77.00569054 68.73040864 0 P 0
L 76.75169054 69.23840864 77.00569054 69.74640864 0 P 0
L 76.75169054 69.89240784 77.00569054 69.38440784 0 P 0
L 76.75169054 69.89240784 77.00569054 70.40040784 0 P 0
L 76.75169054 70.54640704 77.00569054 70.03840704 0 P 0
L 76.75169054 70.54640704 77.00569054 71.05440704 0 P 0
L 76.75169054 71.20040624 77.00569054 70.69240624 0 P 0
L 76.75169054 71.20040624 77.00569054 71.70840624 0 P 0
L 76.75169054 71.85440544 77.00569054 71.34640544 0 P 0
L 76.75169054 71.85440544 77.00569054 72.36240544 0 P 0
L 76.76131714 45.64402098 77.01531714 46.15202098 0 P 0
L 76.76131714 45.64402098 77.26931714 45.89802098 0 P 0
L 76.76131714 46.66002098 77.01531714 46.15202098 0 P 0
L 76.76131714 46.66002098 77.26931714 46.40602098 0 P 0
L 76.82341252 74.25858402 77.33141252 74.00458402 0 P 0
L 76.82341252 74.76658402 77.33141252 75.02058402 0 P 0
L 76.82933834 38.64456584 77.33733834 38.39056584 0 P 0
L 76.82933834 39.15256584 77.33733834 39.40656584 0 P 0
L 76.86956432 53.36792984 77.12356432 53.87592984 0 P 0
L 76.86956432 53.36792984 77.37756432 53.62192984 0 P 0
L 76.86956432 54.38392984 77.12356432 53.87592984 0 P 0
L 76.86956432 54.38392984 77.37756432 54.12992984 0 P 0
L 76.87055746 65.90774474 77.37855746 65.65374474 0 P 0
L 76.87055746 66.41574474 77.37855746 66.66974474 0 P 0
L 76.91534782 45.34809066 77.42334782 45.09409066 0 P 0
L 76.91534782 45.85609066 77.42334782 46.11009066 0 P 0
L 76.9460234 72.86732696 77.2000234 73.37532696 0 P 0
L 76.9460234 72.86732696 77.4540234 73.12132696 0 P 0
L 76.9460234 73.88332696 77.2000234 73.37532696 0 P 0
L 76.9460234 73.88332696 77.4540234 73.62932696 0 P 0
L 76.97315314 38.3371725 77.22715314 38.8451725 0 P 0
L 76.97315314 38.3371725 77.48115314 38.5911725 0 P 0
L 76.97315314 39.3531725 77.22715314 38.8451725 0 P 0
L 76.97315314 39.3531725 77.48115314 39.0991725 0 P 0
L 76.97678026 35.89399476 77.48478026 35.63999476 0 P 0
L 76.97678026 36.40199476 77.48478026 36.65599476 0 P 0
L 76.9776083 53.8834711 77.2316083 53.3754711 0 P 0
L 76.9776083 53.8834711 77.2316083 54.3914711 0 P 0
L 76.98852776 46.25728112 77.24252776 46.76528112 0 P 0
L 76.98852776 46.25728112 77.49652776 46.51128112 0 P 0
L 76.98852776 47.27328112 77.24252776 46.76528112 0 P 0
L 76.98852776 47.27328112 77.49652776 47.01928112 0 P 0
L 77.01224882 65.72868998 77.26624882 66.23668998 0 P 0
L 77.01224882 65.72868998 77.52024882 65.98268998 0 P 0
L 77.01224882 66.74468998 77.26624882 66.23668998 0 P 0
L 77.01224882 66.74468998 77.52024882 66.49068998 0 P 0
L 77.06115652 72.2235411 77.31515652 72.7315411 0 P 0
L 77.06115652 72.2235411 77.56915652 72.4775411 0 P 0
L 77.06115652 73.2395411 77.31515652 72.7315411 0 P 0
L 77.06115652 73.2395411 77.56915652 72.9855411 0 P 0
L 77.0733917 47.55905652 77.3273917 48.06705652 0 P 0
L 77.0733917 47.55905652 77.5813917 47.81305652 0 P 0
L 77.0733917 48.21305572 77.3273917 48.72105572 0 P 0
L 77.0733917 48.21305572 77.5813917 48.46705572 0 P 0
L 77.0733917 48.57505652 77.3273917 48.06705652 0 P 0
L 77.0733917 48.57505652 77.5813917 48.32105652 0 P 0
L 77.0733917 48.86705492 77.3273917 49.37505492 0 P 0
L 77.0733917 48.86705492 77.5813917 49.12105492 0 P 0
L 77.0733917 49.22905572 77.3273917 48.72105572 0 P 0
L 77.0733917 49.22905572 77.5813917 48.97505572 0 P 0
L 77.0733917 49.52105412 77.3273917 50.02905412 0 P 0
L 77.0733917 49.52105412 77.5813917 49.77505412 0 P 0
L 77.0733917 49.88305492 77.3273917 49.37505492 0 P 0
L 77.0733917 49.88305492 77.5813917 49.62905492 0 P 0
L 77.0733917 50.17505332 77.3273917 50.68305332 0 P 0
L 77.0733917 50.17505332 77.5813917 50.42905332 0 P 0
L 77.0733917 50.53705412 77.3273917 50.02905412 0 P 0
L 77.0733917 50.53705412 77.5813917 50.28305412 0 P 0
L 77.0733917 51.19105332 77.3273917 50.68305332 0 P 0
L 77.0733917 51.19105332 77.5813917 50.93705332 0 P 0
L 77.0735187 68.29966274 77.3275187 68.80766274 0 P 0
L 77.0735187 68.29966274 77.5815187 68.55366274 0 P 0
L 77.0735187 68.95366194 77.3275187 69.46166194 0 P 0
L 77.0735187 68.95366194 77.5815187 69.20766194 0 P 0
L 77.0735187 69.31566274 77.3275187 68.80766274 0 P 0
L 77.0735187 69.31566274 77.5815187 69.06166274 0 P 0
L 77.0735187 69.60766114 77.3275187 70.11566114 0 P 0
L 77.0735187 69.60766114 77.5815187 69.86166114 0 P 0
L 77.0735187 69.96966194 77.3275187 69.46166194 0 P 0
L 77.0735187 69.96966194 77.5815187 69.71566194 0 P 0
L 77.0735187 70.26166034 77.3275187 70.76966034 0 P 0
L 77.0735187 70.26166034 77.5815187 70.51566034 0 P 0
L 77.0735187 70.62366114 77.3275187 70.11566114 0 P 0
L 77.0735187 70.62366114 77.5815187 70.36966114 0 P 0
L 77.0735187 70.91565954 77.3275187 71.42365954 0 P 0
L 77.0735187 70.91565954 77.5815187 71.16965954 0 P 0
L 77.0735187 71.27766034 77.3275187 70.76966034 0 P 0
L 77.0735187 71.27766034 77.5815187 71.02366034 0 P 0
L 77.0735187 71.56965874 77.3275187 72.07765874 0 P 0
L 77.0735187 71.56965874 77.5815187 71.82365874 0 P 0
L 77.0735187 71.93165954 77.3275187 71.42365954 0 P 0
L 77.0735187 71.93165954 77.5815187 71.67765954 0 P 0
L 77.0735187 72.58565874 77.3275187 72.07765874 0 P 0
L 77.0735187 72.58565874 77.5815187 72.33165874 0 P 0
L 77.07741252 74.51258402 77.33141252 74.00458402 0 P 0
L 77.07741252 74.51258402 77.33141252 75.02058402 0 P 0
L 77.07840312 46.90507764 77.33240312 47.41307764 0 P 0
L 77.07840312 46.90507764 77.58640312 47.15907764 0 P 0
L 77.07840312 47.92107764 77.33240312 47.41307764 0 P 0
L 77.07840312 47.92107764 77.58640312 47.66707764 0 P 0
L 77.08333834 38.89856584 77.33733834 38.39056584 0 P 0
L 77.08333834 38.89856584 77.33733834 39.40656584 0 P 0
L 77.10984578 35.76942046 77.36384578 36.27742046 0 P 0
L 77.10984578 35.76942046 77.61784578 36.02342046 0 P 0
L 77.10984578 36.78542046 77.36384578 36.27742046 0 P 0
L 77.10984578 36.78542046 77.61784578 36.53142046 0 P 0
L 77.12455746 66.16174474 77.37855746 65.65374474 0 P 0
L 77.12455746 66.16174474 77.37855746 66.66974474 0 P 0
L 77.16934782 45.60209066 77.42334782 45.09409066 0 P 0
L 77.16934782 45.60209066 77.42334782 46.11009066 0 P 0
L 77.20030026 73.72410198 77.70830026 73.47010198 0 P 0
L 77.20030026 74.23210198 77.70830026 74.48610198 0 P 0
L 77.20620322 50.81542542 77.46020322 51.32342542 0 P 0
L 77.20620322 50.81542542 77.71420322 51.06942542 0 P 0
L 77.20620322 51.83142542 77.46020322 51.32342542 0 P 0
L 77.20620322 51.83142542 77.71420322 51.57742542 0 P 0
L 77.23078026 36.14799476 77.48478026 35.63999476 0 P 0
L 77.23078026 36.14799476 77.48478026 36.65599476 0 P 0
L 77.26931714 45.89802098 77.77731714 45.64402098 0 P 0
L 77.26931714 46.40602098 77.77731714 46.66002098 0 P 0
L 77.37756432 53.62192984 77.88556432 53.36792984 0 P 0
L 77.37756432 54.12992984 77.88556432 54.38392984 0 P 0
L 77.44798074 53.06272598 77.70198074 53.57072598 0 P 0
L 77.44798074 53.06272598 77.95598074 53.31672598 0 P 0
L 77.44798074 54.07872598 77.70198074 53.57072598 0 P 0
L 77.44798074 54.07872598 77.95598074 53.82472598 0 P 0
L 77.4540234 73.12132696 77.9620234 72.86732696 0 P 0
L 77.4540234 73.62932696 77.9620234 73.88332696 0 P 0
L 77.45430026 73.97810198 77.70830026 73.47010198 0 P 0
L 77.45430026 73.97810198 77.70830026 74.48610198 0 P 0
L 77.48115314 38.5911725 77.98915314 38.3371725 0 P 0
L 77.48115314 39.0991725 77.98915314 39.3531725 0 P 0
L 77.49652776 46.51128112 78.00452776 46.25728112 0 P 0
L 77.49652776 47.01928112 78.00452776 47.27328112 0 P 0
L 77.52024882 65.98268998 78.02824882 65.72868998 0 P 0
L 77.52024882 66.49068998 78.02824882 66.74468998 0 P 0
L 77.52331714 46.15202098 77.77731714 45.64402098 0 P 0
L 77.52331714 46.15202098 77.77731714 46.66002098 0 P 0
L 77.52646928 37.98852194 77.78046928 38.49652194 0 P 0
L 77.52646928 37.98852194 78.03446928 38.24252194 0 P 0
L 77.52646928 39.00452194 77.78046928 38.49652194 0 P 0
L 77.52646928 39.00452194 78.03446928 38.75052194 0 P 0
L 77.54747762 37.02498818 77.54747762 38.04098818 0 P 0
L 77.54747762 52.02486166 77.54747762 53.04086166 0 P 0
L 77.54760462 67.02473514 77.54760462 68.04073514 0 P 0
L 77.55649716 66.09132832 77.81049716 66.59932832 0 P 0
L 77.55649716 66.09132832 78.06449716 66.34532832 0 P 0
L 77.55649716 67.10732832 77.81049716 66.59932832 0 P 0
L 77.55649716 67.10732832 78.06449716 66.85332832 0 P 0
L 77.56915652 72.4775411 78.07715652 72.2235411 0 P 0
L 77.56915652 72.9855411 78.07715652 73.2395411 0 P 0
L 77.5813917 47.81305652 78.0893917 47.55905652 0 P 0
L 77.5813917 48.32105652 78.0893917 48.57505652 0 P 0
L 77.5813917 48.46705572 78.0893917 48.21305572 0 P 0
L 77.5813917 48.97505572 78.0893917 49.22905572 0 P 0
L 77.5813917 49.12105492 78.0893917 48.86705492 0 P 0
L 77.5813917 49.62905492 78.0893917 49.88305492 0 P 0
L 77.5813917 49.77505412 78.0893917 49.52105412 0 P 0
L 77.5813917 50.28305412 78.0893917 50.53705412 0 P 0
L 77.5813917 50.42905332 78.0893917 50.17505332 0 P 0
L 77.5813917 50.93705332 78.0893917 51.19105332 0 P 0
L 77.5815187 68.55366274 78.0895187 68.29966274 0 P 0
L 77.5815187 69.06166274 78.0895187 69.31566274 0 P 0
L 77.5815187 69.20766194 78.0895187 68.95366194 0 P 0
L 77.5815187 69.71566194 78.0895187 69.96966194 0 P 0
L 77.5815187 69.86166114 78.0895187 69.60766114 0 P 0
L 77.5815187 70.36966114 78.0895187 70.62366114 0 P 0
L 77.5815187 70.51566034 78.0895187 70.26166034 0 P 0
L 77.5815187 71.02366034 78.0895187 71.27766034 0 P 0
L 77.5815187 71.16965954 78.0895187 70.91565954 0 P 0
L 77.5815187 71.67765954 78.0895187 71.93165954 0 P 0
L 77.5815187 71.82365874 78.0895187 71.56965874 0 P 0
L 77.5815187 72.33165874 78.0895187 72.58565874 0 P 0
L 77.58640312 47.15907764 78.09440312 46.90507764 0 P 0
L 77.58640312 47.66707764 78.09440312 47.92107764 0 P 0
L 77.59613386 67.90648598 77.85013386 68.41448598 0 P 0
L 77.59613386 67.90648598 78.10413386 68.16048598 0 P 0
L 77.59613386 68.92248598 77.85013386 68.41448598 0 P 0
L 77.59613386 68.92248598 78.10413386 68.66848598 0 P 0
L 77.61784578 36.02342046 78.12584578 35.76942046 0 P 0
L 77.61784578 36.53142046 78.12584578 36.78542046 0 P 0
L 77.62161768 36.1766104 77.87561768 36.6846104 0 P 0
L 77.62161768 36.1766104 78.12961768 36.4306104 0 P 0
L 77.62161768 37.1926104 77.87561768 36.6846104 0 P 0
L 77.62161768 37.1926104 78.12961768 36.9386104 0 P 0
L 77.63156432 53.87592984 77.88556432 53.36792984 0 P 0
L 77.63156432 53.87592984 77.88556432 54.38392984 0 P 0
L 77.68577046 51.26009052 77.93977046 51.76809052 0 P 0
L 77.68577046 51.26009052 78.19377046 51.51409052 0 P 0
L 77.68577046 52.27609052 77.93977046 51.76809052 0 P 0
L 77.68577046 52.27609052 78.19377046 52.02209052 0 P 0
L 77.7080234 73.37532696 77.9620234 72.86732696 0 P 0
L 77.7080234 73.37532696 77.9620234 73.88332696 0 P 0
L 77.71420322 51.06942542 78.22220322 50.81542542 0 P 0
L 77.71420322 51.57742542 78.22220322 51.83142542 0 P 0
L 77.73515314 38.8451725 77.98915314 38.3371725 0 P 0
L 77.73515314 38.8451725 77.98915314 39.3531725 0 P 0
L 77.75052776 46.76528112 78.00452776 46.25728112 0 P 0
L 77.75052776 46.76528112 78.00452776 47.27328112 0 P 0
L 77.77424882 66.23668998 78.02824882 65.72868998 0 P 0
L 77.77424882 66.23668998 78.02824882 66.74468998 0 P 0
L 77.8196183 52.52458126 78.0736183 53.03258126 0 P 0
L 77.8196183 52.52458126 78.3276183 52.77858126 0 P 0
L 77.8196183 53.54058126 78.0736183 53.03258126 0 P 0
L 77.8196183 53.54058126 78.3276183 53.28658126 0 P 0
L 77.82315652 72.7315411 78.07715652 72.2235411 0 P 0
L 77.82315652 72.7315411 78.07715652 73.2395411 0 P 0
L 77.8353917 48.06705652 78.0893917 47.55905652 0 P 0
L 77.8353917 48.06705652 78.0893917 48.57505652 0 P 0
L 77.8353917 48.72105572 78.0893917 48.21305572 0 P 0
L 77.8353917 48.72105572 78.0893917 49.22905572 0 P 0
L 77.8353917 49.37505492 78.0893917 48.86705492 0 P 0
L 77.8353917 49.37505492 78.0893917 49.88305492 0 P 0
L 77.8353917 50.02905412 78.0893917 49.52105412 0 P 0
L 77.8353917 50.02905412 78.0893917 50.53705412 0 P 0
L 77.8353917 50.68305332 78.0893917 50.17505332 0 P 0
L 77.8353917 50.68305332 78.0893917 51.19105332 0 P 0
L 77.8355187 68.80766274 78.0895187 68.29966274 0 P 0
L 77.8355187 68.80766274 78.0895187 69.31566274 0 P 0
L 77.8355187 69.46166194 78.0895187 68.95366194 0 P 0
L 77.8355187 69.46166194 78.0895187 69.96966194 0 P 0
L 77.8355187 70.11566114 78.0895187 69.60766114 0 P 0
L 77.8355187 70.11566114 78.0895187 70.62366114 0 P 0
L 77.8355187 70.76966034 78.0895187 70.26166034 0 P 0
L 77.8355187 70.76966034 78.0895187 71.27766034 0 P 0
L 77.8355187 71.42365954 78.0895187 70.91565954 0 P 0
L 77.8355187 71.42365954 78.0895187 71.93165954 0 P 0
L 77.8355187 72.07765874 78.0895187 71.56965874 0 P 0
L 77.8355187 72.07765874 78.0895187 72.58565874 0 P 0
L 77.84040312 47.41307764 78.09440312 46.90507764 0 P 0
L 77.84040312 47.41307764 78.09440312 47.92107764 0 P 0
L 77.85930834 37.4255538 78.11330834 37.9335538 0 P 0
L 77.85930834 37.4255538 78.36730834 37.6795538 0 P 0
L 77.85930834 38.4415538 78.11330834 37.9335538 0 P 0
L 77.85930834 38.4415538 78.36730834 38.1875538 0 P 0
L 77.86784782 66.66645798 78.12184782 67.17445798 0 P 0
L 77.86784782 66.66645798 78.37584782 66.92045798 0 P 0
L 77.86784782 67.68245798 78.12184782 67.17445798 0 P 0
L 77.86784782 67.68245798 78.37584782 67.42845798 0 P 0
L 77.87184578 36.27742046 78.12584578 35.76942046 0 P 0
L 77.87184578 36.27742046 78.12584578 36.78542046 0 P 0
L 77.88594786 67.32020826 78.13994786 67.82820826 0 P 0
L 77.88594786 67.32020826 78.39394786 67.57420826 0 P 0
L 77.88594786 68.33620826 78.13994786 67.82820826 0 P 0
L 77.88594786 68.33620826 78.39394786 68.08220826 0 P 0
L 77.89145966 36.77234454 78.14545966 37.28034454 0 P 0
L 77.89145966 36.77234454 78.39945966 37.02634454 0 P 0
L 77.89145966 37.78834454 78.14545966 37.28034454 0 P 0
L 77.89145966 37.78834454 78.39945966 37.53434454 0 P 0
L 77.90515026 51.876198 78.15915026 52.384198 0 P 0
L 77.90515026 51.876198 78.41315026 52.130198 0 P 0
L 77.90515026 52.892198 78.15915026 52.384198 0 P 0
L 77.90515026 52.892198 78.41315026 52.638198 0 P 0
L 77.95598074 53.31672598 78.46398074 53.06272598 0 P 0
L 77.95598074 53.82472598 78.46398074 54.07872598 0 P 0
L 77.96820322 51.32342542 78.22220322 50.81542542 0 P 0
L 77.96820322 51.32342542 78.22220322 51.83142542 0 P 0
L 78.03446928 38.24252194 78.54246928 37.98852194 0 P 0
L 78.03446928 38.75052194 78.54246928 39.00452194 0 P 0
L 78.06449716 66.34532832 78.57249716 66.09132832 0 P 0
L 78.06449716 66.85332832 78.57249716 67.10732832 0 P 0
L 78.10413386 68.16048598 78.61213386 67.90648598 0 P 0
L 78.10413386 68.66848598 78.61213386 68.92248598 0 P 0
L 78.12961768 36.4306104 78.63761768 36.1766104 0 P 0
L 78.12961768 36.9386104 78.63761768 37.1926104 0 P 0
L 78.19377046 51.51409052 78.70177046 51.26009052 0 P 0
L 78.19377046 52.02209052 78.70177046 52.27609052 0 P 0
L 78.20998074 53.57072598 78.46398074 53.06272598 0 P 0
L 78.20998074 53.57072598 78.46398074 54.07872598 0 P 0
L 78.28846928 38.49652194 78.54246928 37.98852194 0 P 0
L 78.28846928 38.49652194 78.54246928 39.00452194 0 P 0
L 78.31849716 66.59932832 78.57249716 66.09132832 0 P 0
L 78.31849716 66.59932832 78.57249716 67.10732832 0 P 0
L 78.3276183 52.77858126 78.8356183 52.52458126 0 P 0
L 78.3276183 53.28658126 78.8356183 53.54058126 0 P 0
L 78.35813386 68.41448598 78.61213386 67.90648598 0 P 0
L 78.35813386 68.41448598 78.61213386 68.92248598 0 P 0
L 78.36730834 37.6795538 78.87530834 37.4255538 0 P 0
L 78.36730834 38.1875538 78.87530834 38.4415538 0 P 0
L 78.37584782 66.92045798 78.88384782 66.66645798 0 P 0
L 78.37584782 67.42845798 78.88384782 67.68245798 0 P 0
L 78.38361768 36.6846104 78.63761768 36.1766104 0 P 0
L 78.38361768 36.6846104 78.63761768 37.1926104 0 P 0
L 78.39394786 67.57420826 78.90194786 67.32020826 0 P 0
L 78.39394786 68.08220826 78.90194786 68.33620826 0 P 0
L 78.39945966 37.02634454 78.90745966 36.77234454 0 P 0
L 78.39945966 37.53434454 78.90745966 37.78834454 0 P 0
L 78.41315026 52.130198 78.92115026 51.876198 0 P 0
L 78.41315026 52.638198 78.92115026 52.892198 0 P 0
L 78.44777046 51.76809052 78.70177046 51.26009052 0 P 0
L 78.44777046 51.76809052 78.70177046 52.27609052 0 P 0
L 78.5816183 53.03258126 78.8356183 52.52458126 0 P 0
L 78.5816183 53.03258126 78.8356183 53.54058126 0 P 0
L 78.62130834 37.9335538 78.87530834 37.4255538 0 P 0
L 78.62130834 37.9335538 78.87530834 38.4415538 0 P 0
L 78.62984782 67.17445798 78.88384782 66.66645798 0 P 0
L 78.62984782 67.17445798 78.88384782 67.68245798 0 P 0
L 78.64794786 67.82820826 78.90194786 67.32020826 0 P 0
L 78.64794786 67.82820826 78.90194786 68.33620826 0 P 0
L 78.65345966 37.28034454 78.90745966 36.77234454 0 P 0
L 78.65345966 37.28034454 78.90745966 37.78834454 0 P 0
L 78.66715026 52.384198 78.92115026 51.876198 0 P 0
L 78.66715026 52.384198 78.92115026 52.892198 0 P 0
